Workbook

Sheet Data sources
B1: Tags | G1: Emissions factors (tCO2e/t production) | M1: Status | N1: Process temperature | O1: Note | P1: Production | Q1: Source | R1: SEC (Fuel) | S1: SEC (Feedstock) | U1: Market growth EU SAM GEM3 22 | W1: Note
B2: Level 1 | C2: Level 2 | D2: Level 3 | E2: Level 4 | G2: Weighted | J2: Allocation | M2: Status | N2: Peak process temperature | O2: Note | P2: T | R2: GJ/T | S2: GJ/T | U2: %, 2023-2030 | V2: %, 2030-2050
G3: T/CO2e | H3: T | J3: T/CO2e | K3: T
A4: Non-ferrous metals
A5: [Primary] Aluminium | G5: 1.641 | J5: 1.464 | M5: Confirmed | N5: >500 (primary), 200-500 (processing) | P5: =IFERROR(K5/J5,0) -> 0 | Q5: Kiemel et al (2024) | R5: 12.024 | S5: 0 | U5: 0.83923856 | V5: 0.99183493 | W5: Non-ferrous metals
A6: Copper [n.a.] | G6: 1.4 | J6: 1.4 | M6: Confirmed | N6: >500 (primary), 200-500 (processing) | P6: =IFERROR(K6/J6,0) -> 0 | Q6: Kiemel et al (2024) | R6: 8.028 | S6: 0 | U6: 0.83923856 | V6: 0.99183493 | W6: Non-ferrous metals
A7: Lead, zinc and tin [n.a.] | G7: 1.92 | J7: 1.92 | M7: Confirmed | N7: >500 (primary), 200-500 (processing) | O7: Approx. Zinc and general metal processing | P7: =IFERROR(K7/J7,0) -> 0 | Q7: Kiemel et al (2024) | R7: 2.268 | S7: 0 | U7: 0.83923856 | V7: 0.99183493 | W7: Non-ferrous metals
A8: Non-ferrous metals [WA] | G8: =AVERAGE(G5:G7) -> 1.6536667 | J8: =AVERAGE(J5:J7) -> 1.5946667 | M8: Confirmed | N8: >500 (primary), 200-500 (processing) | O8: Approx. Zinc and general metal processing | P8: =IFERROR(K8/J8,0) -> 0 | Q8: Kiemel et al (2024) | R8: 2.268 | S8: 0 | U8: 0.83923856 | V8: 0.99183493 | W8: Non-ferrous metals
A9: Chemicals
A10: Ammonia | B10: Chemicals | C10: Inorganic | D10: Fertilizer | G10: 1.947 | H10: 30588525 | J10: 1.57 | K10: 23958607 | M10: Confirmed | N10: - | O10: Haber-Bosch process | P10: =IFERROR(K10/J10,0) -> 15260259 | Q10: Kiemel et al (2024) | R10: 0 | S10: 21.312 | U10: 0.84137119 | V10: 0.86357922 | W10: Chemical products
A11: Nitric acid | B11: Chemicals | C11: Inorganic | D11: Fertilizer | E11: Pharmaceuticals | G11: 0.205 | H11: 4614965 | J11: 0.23 | K11: 4614965 | M11: Confirmed | N11: - | O11: Ammonia oxidation (0.285t ammonia per to nitric acid) | P11: =IFERROR(K11/J11,0) -> 20065065 | Q11: Kiemel et al (2024) | R11: 0 | S11: 5.96736 | U11: 0.84137119 | V11: 0.86357922 | W11: Chemical products
A12: Soda ash | B12: Chemicals | C12: Inorganic | G12: 0.945 | H12: 7218816 | J12: 0.753 | K12: 5497992 | M12: Confirmed | N12: 100-200 | O12: Solvay process / H2-burner in furnace | P12: =IFERROR(K12/J12,0) -> 7301450.2 | Q12: Kiemel et al (2024) | R12: 11.304 | S12: 0 | U12: 0.84137119 | V12: 0.86357922 | W12: Chemical products
A13: Carbon Black | B13: Chemicals | C13: Inorganic | G13: 1.824 | H13: 1824820 | J13: 1.485 | K13: 1394408 | M13: Confirmed | N13: > 500 | O13: H2 burner in furnace | P13: =IFERROR(K13/J13,0) -> 938995.29 | Q13: Kiemel et al (2024) | R13: 64.8 | S13: 0 | U13: 0.84137119 | V13: 0.86357922 | W13: Chemical products
A14: Steam cracking | B14: Chemicals | C14: Organic | G14: 0.849 | H14: 31393609 | J14: 0.681 | K14: 22816634 | M14: Confirmed | N14: - | O14: Methanol-to-Olefins (Etyhlene) | P14: =IFERROR(K14/J14,0) -> 33504602 | Q14: Kiemel et al (2024) | R14: 0 | S14: 63.612 | U14: 0.84137119 | V14: 0.86357922 | W14: Chemical products
A15: Adipic Acid | B15: Chemicals | C15: Organic | D15: Plastics | E15: Pharmaceuticals | G15: 1.14 | H15: 857225 | J15: 2.12 | K15: 1468379 | M15: Confirmed | N15: <100 | O15: Primarily Steam, 20% efficiency upside | P15: =IFERROR(K15/J15,0) -> 692631.6 | Q15: IEA | R15: 21.6 | S15: 0 | U15: 0.84137119 | V15: 0.86357922 | W15: Chemical products
A16: Aromatics | B16: Chemicals | C16: Organic | G16: =0.0072*1/0.056 -> 0.12857143 | H16: 1896871 | J16: =0.0228*1/0.056 -> 0.40714286 | K16: 1139604 | M16: Confirmed | N16: > 500 | O16: Average of Benzene, Toluene, Xylone aromatics extraction, 20% efficiency upside | P16: =IFERROR(K16/J16,0) -> 2799027.4 | Q16: IEA | R16: 2.2 | S16: 37.333333 | U16: 0.84137119 | V16: 0.86357922 | W16: Chemical products
A17: Styrene | B17: Chemicals | C17: Organic | D17: Plastics | G17: 0.558 | H17: 2676322 | J17: 0.401 | K17: 1655811 | M17: Confirmed | N17: > 500 | O17: Steam, 20% efficiency upside | P17: =IFERROR(K17/J17,0) -> 4129204.5 | Q17: IEA | R17: 8.6 | S17: 0 | U17: 0.84137119 | V17: 0.86357922 | W17: Chemical products
A18: Phenol/Acetone | B18: Chemicals | C18: Organic | D18: Plastics | G18: 0.319 | H18: 1200943 | J18: 0.23 | K18: 812138 | M18: Confirmed | N18: 100-200 | O18: Steam, 20% efficiency upside | P18: =IFERROR(K18/J18,0) -> 3531034.8 | Q18: IEA | R18: 10.5 | S18: 0 | U18: 0.84137119 | V18: 0.86357922 | W18: Chemical products
A19: Ethylene oxide/ethylene glycol | B19: Chemicals | C19: Organic | D19: Plastics | E19: Pharmaceuticals | G19: 0.51 | H19: 1484310 | J19: 0.389 | K19: 839637 | M19: Confirmed | N19: 200-500 | O19: Steam, 20% efficiency upside | P19: =IFERROR(K19/J19,0) -> 2158449.9 | Q19: IEA | R19: 3.65 | S19: 0 | U19: 0.84137119 | V19: 0.86357922 | W19: Chemical products
A20: Vinyl chloride monomer | B20: Chemicals | C20: Organic | D20: Plastics | G20: 0.277 | H20: 1639059 | J20: 0.155 | K20: 758335 | M20: Confirmed | N20: > 500 | O20: Primarily Fuel, 20% efficiency upside | P20: =IFERROR(K20/J20,0) -> 4892483.9 | Q20: IEA | R20: 2.7 | S20: 0 | U20: 0.84137119 | V20: 0.86357922 | W20: Chemical products
A21: S-PVC | B21: Chemicals | C21: Organic | D21: Plastics | G21: 0.12 | H21: 400288 | J21: 0.066 | K21: 216193 | M21: Confirmed | N21: <100 | O21: Steam, 20% efficiency upside | P21: =IFERROR(K21/J21,0) -> 3275651.5 | Q21: IEA | R21: 1.9 | S21: 0 | U21: 0.84137119 | V21: 0.86357922 | W21: Chemical products
A22: E-PVC | B22: Chemicals | C22: Organic | D22: Plastics | G22: 0.23 | H22: 96197 | J22: 0.181 | K22: 61707 | M22: Confirmed | N22: <100 | O22: Steam, 20% efficiency upside | P22: =IFERROR(K22/J22,0) -> 340922.65 | Q22: IEA | R22: 1.9 | S22: 0 | U22: 0.84137119 | V22: 0.86357922 | W22: Chemical products
A23: Hydrogen and SynGas
A24: Hydrogen | B24: Hydrogen and Syngas | G24: 8.88 | H24: 7051720 | J24: 6.84 | K24: 5074480 | M24: Confirmed | N24: - | O24: Hydrogen LHV | P24: =IFERROR(K24/J24,0) -> 741883.04 | Q24: NREL | S24: 120.04802 | U24: 0.84137119 | V24: 0.86357922 | W24: Chemical products
A25: Snythetic Gas | B25: Hydrogen and Syngas | G25: 0.155 | H25: 357368 | J25: 0.187 | K25: 317371 | M25: Confirmed | N25: - | O25: Hydrogen LHV | P25: =IFERROR(K25/J25,0) -> 1697171.1 | Q25: NREL | S25: 120.04802 | U25: 0.84137119 | V25: 0.86357922 | W25: Chemical products
A26: Iron & Steel
A27: Sintered ore | G27: 0.248 | H27: 23154801 | J27: 0.157 | K27: 14393515 | M27: Confirmed | N27: > 500 | O27: Updraft sintering | P27: =IFERROR(K27/J27,0) -> 91678439 | Q27: Kiemel et al (2024) | R27: 2.232 | S27: 0 | U27: 0.55465093 | V27: 0.43306202 | W27: Ferrous metals
A28: Hot metal | B28: Integrated Steel | G28: 1.495 | H28: 128889587 | J28: 1.288 | K28: 110024564 | M28: Confirmed | N28: > 500 | O28: H2-DRI to hot metal | P28: =IFERROR(K28/J28,0) -> 85422798 | Q28: Kiemel et al (2024) | R28: 14.976 | S28: 6.804 | U28: 0.55465093 | V28: 0.43306202 | W28: Ferrous metals
A29: EAF carbon steel | B29: Steel Processing | G29: 0.255 | H29: 9804572 | J29: 0.215 | K29: 2050637 | M29: Confirmed | N29: > 500 | O29: Ferrous metal processing, assuming no mass losses between liquid steel and rolling | P29: =IFERROR(K29/J29,0) -> 9537846.5 | Q29: Kiemel et al (2024) | R29: 2.4768 | S29: 0 | U29: 0.55465093 | V29: 0.43306202 | W29: Ferrous metals
A30: EAF high alloy steel | B30: Steel Processing | G30: 0.323 | H30: 8681596 | J30: 0.268 | K30: 2185759 | M30: Confirmed | N30: > 500 | O30: Ferrous metal processing, assuming no mass losses between liquid steel and rolling | P30: =IFERROR(K30/J30,0) -> 8155817.2 | Q30: Kiemel et al (2024) | R30: 2.4768 | S30: 0 | U30: 0.55465093 | V30: 0.43306202 | W30: Ferrous metals
A31: Iron casting | G31: 0.37 | H31: 1380242 | J31: 0.282 | K31: 930583 | M31: Confirmed | N31: > 500 | O31: Ferrous metal processing, assuming no mass losses between liquid steel and rolling | P31: =IFERROR(K31/J31,0) -> 3299939.7 | Q31: Kiemel et al (2024) | R31: 2.4768 | S31: 0 | U31: 0.55465093 | V31: 0.43306202 | W31: Ferrous metals
A32: Refining
A33: Refinery products | G33: =0.0308/0.056 -> 0.55 | J33: =0.0228/0.056 -> 0.40714286 | M33: Confirmed | N33: - | O33: No distinction applied between hydrocracking and hydrotreating | P33: =IFERROR(K33/J33,0) -> 0 | Q33: Kiemel et al (2024) | R33: 0 | S33: 0.432 | U33: 0.75247639 | V33: 0.39034567 | W33: Crude oil
A34: Coke | G34: 0.282 | J34: 0.217 | M34: Confirmed | N34: - | O34: Excluded from consideration | P34: =IFERROR(K34/J34,0) -> 0 | Q34: Excluded | R34: 0 | S34: 0 | U34: 0.75247639 | V34: 0.39034567 | W34: Crude oil
A35: Non-metallic mineral products
A36: Grey cement clinker | B36: Non-metallic minerals | C36: Cement | G36: 0.81 | H36: 105321006 | J36: 0.693 | K36: 90105535 | M36: Confirmed | N36: >500 (Firing),100-300 (Drying) | O36: Approx. cement/clinker general | P36: =IFERROR(K36/J36,0) -> 1.3002242e+08 | Q36: Kiemel et al (2024) | R36: 4.32 | S36: 0 | U36: 0.66884535 | V36: 0.58742625 | W36: Non-metallic minerals
A37: White cement clinker | B37: Non-metallic minerals | C37: Cement | G37: 1.114 | H37: 2646157 | J37: 0.957 | K37: 2145323 | M37: Confirmed | N37: >500 (Firing),100-300 (Drying) | O37: Approx. cement/clinker general | P37: =IFERROR(K37/J37,0) -> 2241716.8 | Q37: Kiemel et al (2024) | R37: 4.32 | S37: 0 | U37: 0.66884535 | V37: 0.58742625 | W37: Non-metallic minerals
A38: Lime | B38: Non-metallic minerals | C38: Lime | G38: 1.059 | H38: 21751588 | J38: 0.725 | K38: 15062292 | M38: Confirmed | N38: > 500 | O38: Default to Neuwirth: Lime burning | P38: =IFERROR(K38/J38,0) -> 20775575 | Q38: Neuwirth et al (2022) | R38: 3.708 | S38: 0 | U38: 0.66884535 | V38: 0.58742625 | W38: Non-metallic minerals
A39: Dolime | B39: Non-metallic minerals | C39: Lime | G39: 1.214 | H39: 1794640 | J39: 0.815 | K39: 1265828 | M39: Confirmed | N39: > 500 | O39: Default to Neuwirth: Lime burning | P39: =IFERROR(K39/J39,0) -> 1553163.2 | Q39: Neuwirth et al (2022) | R39: 3.708 | S39: 0 | U39: 0.66884535 | V39: 0.58742625 | W39: Non-metallic minerals
A40: Sintered Dolime | B40: Non-metallic minerals | C40: Lime | G40: 1.535 | H40: 790184 | J40: 1.406 | K40: 722297 | M40: Confirmed | N40: > 500 | O40: Default to Neuwirth: Lime burning | P40: =IFERROR(K40/J40,0) -> 513724.75 | Q40: Neuwirth et al (2022) | R40: 3.708 | S40: 0 | U40: 0.66884535 | V40: 0.58742625 | W40: Non-metallic minerals
A41: Float glass | B41: Non-metallic minerals | C41: Glass | G41: 0.51 | H41: 5129544 | J41: 0.399 | K41: 4066932 | M41: Confirmed | N41: > 500 | O41: Approx. glass general | P41: =IFERROR(K41/J41,0) -> 10192812 | Q41: Kiemel et al (2024) | R41: 8.496 | S41: 0 | U41: 0.66884535 | V41: 0.58742625 | W41: Non-metallic minerals
A42: Bottles and jars of colourless glass | B42: Non-metallic minerals | C42: Glass | G42: 0.459 | H42: 3582195 | J42: 0.29 | K42: 2265406 | M42: Confirmed | N42: > 500 | O42: Approx. glass general | P42: =IFERROR(K42/J42,0) -> 7811744.8 | Q42: Kiemel et al (2024) | R42: 8.496 | S42: 0 | U42: 0.66884535 | V42: 0.58742625 | W42: Non-metallic minerals
A43: Bottles and jars of coloured glass | B43: Non-metallic minerals | C43: Glass | G43: 0.353 | H43: 3771180 | J43: 0.237 | K43: 2519439 | M43: Confirmed | N43: > 500 | O43: Approx. glass general | P43: =IFERROR(K43/J43,0) -> 10630544 | Q43: Kiemel et al (2024) | R43: 8.496 | S43: 0 | U43: 0.66884535 | V43: 0.58742625 | W43: Non-metallic minerals
A44: Continous filament glass fibre products | B44: Non-metallic minerals | C44: Glass | D44: Fibreglass | G44: 0.415 | H44: 390741 | J44: 0.309 | K44: 283967 | M44: Confirmed | N44: > 500 | O44: Approx. fibre glass | P44: =IFERROR(K44/J44,0) -> 918987.06 | Q44: Kiemel et al (2024) | R44: 4.932 | S44: 0 | U44: 0.66884535 | V44: 0.58742625 | W44: Non-metallic minerals
A45: Facing bricks | B45: Non-metallic minerals | C45: Ceramics | D45: Structural Ceramics | G45: 0.16 | H45: 681443 | J45: 0.106 | K45: 452784 | M45: Confirmed | N45: > 500 | O45: Approx. bricks | P45: =IFERROR(K45/J45,0) -> 4271547.2 | Q45: Kiemel et al (2024) | R45: 1.404 | S45: 0 | U45: 0.66884535 | V45: 0.58742625 | W45: Non-metallic minerals
A46: Pavers | B46: Non-metallic minerals | C46: Ceramics | D46: Structural Ceramics | G46: 0.183 | H46: 207165 | J46: 0.146 | K46: 160430 | M46: Confirmed | N46: > 500 (Firing), 200-500 (Drying) | O46: Approx. bricks | P46: =IFERROR(K46/J46,0) -> 1098835.6 | Q46: Kiemel et al (2024) | R46: 1.404 | S46: 0 | U46: 0.66884535 | V46: 0.58742625 | W46: Non-metallic minerals
A47: Roof tiles | B47: Non-metallic minerals | C47: Ceramics | D47: Structural Ceramics | G47: 0.184 | H47: 1109511 | J47: 0.144 | K47: 735846 | M47: Confirmed | N47: > 500 (Firing), 200-500 (Drying) | O47: Approx. tiles, plates, refractories | P47: =IFERROR(K47/J47,0) -> 5110041.7 | Q47: Kiemel et al (2024) | R47: 5.3784 | S47: 0 | U47: 0.66884535 | V47: 0.58742625 | W47: Non-metallic minerals
A48: Spray dried powder | B48: Non-metallic minerals | C48: Ceramics | D48: Structural Ceramics | G48: 0.074 | H48: 1712944 | J48: 0.058 | K48: 1323716 | M48: Confirmed | N48: > 500 (Firing), 200-500 (Drying) | O48: Approx. other non-metallic minerals | P48: =IFERROR(K48/J48,0) -> 22822690 | Q48: Kiemel et al (2024) | R48: 2.952 | S48: 0 | U48: 0.66884535 | V48: 0.58742625 | W48: Non-metallic minerals
A49: Mineral wool | B49: Non-metallic minerals | D49: Fibreglass | G49: 0.779 | H49: 3187683 | J49: 0.535 | K49: 1577648 | M49: Confirmed | N49: > 500 | O49: Approx. fibre glass | P49: =IFERROR(K49/J49,0) -> 2948874.8 | Q49: Kiemel et al (2024) | R49: 4.932 | S49: 0 | U49: 0.66884535 | V49: 0.58742625 | W49: Non-metallic minerals
A50: Plaster | B50: Non-metallic minerals | C50: Plaster | G50: 0.06 | H50: 47230 | J50: 0.047 | K50: 36673 | M50: Confirmed | N50: 100-200 | O50: Gypsum | P50: =IFERROR(K50/J50,0) -> 780276.6 | Q50: Kiemel et al (2024) | R50: 1.08 | S50: 0 | U50: 0.66884535 | V50: 0.58742625 | W50: Non-metallic minerals
A51: Dried secondary gypsum | B51: Non-metallic minerals | C51: Plaster | G51: 0.021 | H51: 78682 | J51: 0.021 | K51: 50229 | M51: Confirmed | N51: 100-200 | O51: Gypsum | P51: =IFERROR(K51/J51,0) -> 2391857.1 | Q51: Kiemel et al (2024) | R51: 1.08 | S51: 0 | U51: 0.66884535 | V51: 0.58742625 | W51: Non-metallic minerals
A52: Plasterboard | B52: Non-metallic minerals | G52: 0.142 | H52: 1131799 | J52: 0.11 | K52: 253159 | M52: Confirmed | N52: 100-200 | O52: Gypsum | P52: =IFERROR(K52/J52,0) -> 2301445.5 | Q52: Kiemel et al (2024) | R52: 1.08 | S52: 0 | U52: 0.66884535 | V52: 0.58742625 | W52: Non-metallic minerals
A53: Refractories [n.a.] | G53: 1.8 | J53: 1.8 | M53: Confirmed | N53: > 500 (Firing), 200-500 (Drying) | O53: Approx. tiles, plates, refractories | P53: =IFERROR(K53/J53,0) -> 0 | Q53: Kiemel et al (2024) | R53: 5.3784 | S53: 0 | U53: 0.66884535 | V53: 0.58742625 | W53: Non-metallic minerals
A54: Pulp & Paper
A55: Short fibre kraft pulp | B55: Pulp and Paper | C55: Pulp | G55: 0.111 | H55: 927669 | J55: 0.091 | K55: 416663 | M55: Confirmed | N55: 130-150 | O55: Default to Neuwirth: Chemical Pulp | P55: =IFERROR(K55/J55,0) -> 4578714.3 | Q55: Neuwirth et al (2022) | R55: 10.296 | S55: 0 | U55: 0.81657744 | V55: 0.94441453 | W55: Paper products
A56: Long fibre kraft pulp | B56: Pulp and Paper | C56: Pulp | G56: 0.072 | H56: 967436 | J56: 0.046 | K56: 360057 | M56: Confirmed | N56: 130-150 | O56: Default to Neuwirth: Chemical Pulp | P56: =IFERROR(K56/J56,0) -> 7827326.1 | Q56: Neuwirth et al (2022) | R56: 10.296 | S56: 0 | U56: 0.81657744 | V56: 0.94441453 | W56: Paper products
A57: Sulphite pulp | B57: Pulp and Paper | C57: Pulp | G57: 0.042 | H57: 249991 | J57: 0.015 | K57: 19633 | M57: Confirmed | N57: 130-150 | O57: Default to Neuwirth: Chemical Pulp | P57: =IFERROR(K57/J57,0) -> 1308866.7 | Q57: Neuwirth et al (2022) | R57: 10.296 | S57: 0 | U57: 0.81657744 | V57: 0.94441453 | W57: Paper products
A58: Recovered paper pulp | B58: Pulp and Paper | C58: Pulp | G58: 0.017 | H58: 621837 | J58: 0.03 | K58: 1065261 | M58: Confirmed | N58: 130-150 | O58: Default to Neuwirth: Recovered fibres | P58: =IFERROR(K58/J58,0) -> 35508700 | Q58: Neuwirth et al (2022) | R58: 0.54 | S58: 0 | U58: 0.81657744 | V58: 0.94441453 | W58: Paper products
A59: Newsprint | B59: Pulp and Paper | C59: Paper | G59: 0.161 | H59: 1017364 | J59: 0.226 | K59: 1309487 | M59: Confirmed | N59: 130-150 | O59: Graphic paper | P59: =IFERROR(K59/J59,0) -> 5794190.3 | Q59: Neuwirth et al (2022) | R59: 7.2 | S59: 0 | U59: 0.81657744 | V59: 0.94441453 | W59: Paper products
A60: Uncoated fine paper | B60: Pulp and Paper | C60: Paper | G60: 0.179 | H60: 2485893 | J60: 0.242 | K60: 3151681 | M60: Confirmed | N60: 100-200 | O60: Graphic paper | P60: =IFERROR(K60/J60,0) -> 13023475 | Q60: Kiemel et al (2024) | R60: 7.2 | S60: 0 | U60: 0.81657744 | V60: 0.94441453 | W60: Paper products
A61: Coated fine paper | B61: Pulp and Paper | C61: Paper | G61: 0.219 | H61: 3244348 | J61: 0.242 | K61: 3409004 | M61: Confirmed | N61: 100-200 | O61: Graphic paper | P61: =IFERROR(K61/J61,0) -> 14086793 | Q61: Kiemel et al (2024) | R61: 7.2 | S61: 0 | U61: 0.81657744 | V61: 0.94441453 | W61: Paper products
A62: Tissue | B62: Pulp and Paper | C62: Paper | G62: 0.352 | H62: 2167734 | J62: 0.254 | K62: 1517281 | M62: Confirmed | N62: 100-200 | O62: Tissue | P62: =IFERROR(K62/J62,0) -> 5973547.2 | Q62: Kiemel et al (2024) | R62: 6.624 | S62: 0 | U62: 0.81657744 | V62: 0.94441453 | W62: Paper products
A63: Testliner and fluting | B63: Pulp and Paper | C63: Paper | D63: Cartonboard | G63: 0.223 | H63: 4641400 | J63: 0.188 | K63: 3880504 | M63: Confirmed | N63: 100-200 | O63: Cartonboard | P63: =IFERROR(K63/J63,0) -> 20640979 | Q63: Kiemel et al (2024) | R63: 4.968 | S63: 0 | U63: 0.81657744 | V63: 0.94441453 | W63: Paper products
A64: Uncoated carbon board | B64: Pulp and Paper | C64: Paper | D64: Cartonboard | G64: 0.186 | H64: 874778 | J64: 0.18 | K64: 792054 | M64: Confirmed | N64: 100-200 | O64: Cartonboard | P64: =IFERROR(K64/J64,0) -> 4400300 | Q64: Kiemel et al (2024) | R64: 4.968 | S64: 0 | U64: 0.81657744 | V64: 0.94441453 | W64: Paper products
A65: Coated carbon board | B65: Pulp and Paper | C65: Paper | D65: Cartonboard | G65: 0.143 | H65: 1341063 | J65: 0.207 | K65: 1911301 | M65: Confirmed | N65: 100-200 | O65: Cartonboard | P65: =IFERROR(K65/J65,0) -> 9233338.2 | Q65: Kiemel et al (2024) | R65: 4.968 | S65: 0 | U65: 0.81657744 | V65: 0.94441453 | W65: Paper products
A66: Other
A67: Heat Benchmark | G67: 0.0768 | J67: 0.0473 | M67: Confirmed | O67: GJ/GJ | P67: =IFERROR(K67/J67,0) -> 0 | Q67: ETS BM | R67: 1 | S67: 0 | U67: 0.78416348 | V67: 0.7253514 | W67: Total intermediate demand
A68: Fuel Benchmark | G68: 0.0579 | J68: 0.0426 | M68: Confirmed | O68: GJ/GJ | P68: =IFERROR(K68/J68,0) -> 0 | Q68: ETS BM | R68: 1 | S68: 0 | U68: 0.78416348 | V68: 0.7253514 | W68: Total intermediate demand
A69: Composites
A70: Chemicals [Acids and Ethylenoxid/Ethylenglykol subset, WA] | B70: Pharmaceuticals | G70: {=IFERROR(SUMPRODUCT(($B$5:$B$68=$B70)*G$5:G$68,$H$5:$H$68)/SUM(($B$5:$B$68=$B70)*$H$5:$H$68),IFERROR(SUMPRODUCT(($C$5:$C$68=$B70)*G$5:G$68,$H$5:$H$68)/SUM(($C$5:$C$68=$B70)*$H$5:$H$68),IFERROR(SUMPRODUCT(($D$5:$D$68=$B70)*G$5:G$68,$H$5:$H$68)/SUM(($D$5:$D$68=$B70)*$H$5:$H$68),SUMPRODUCT(($E$5:$E$68=$B70)*G$5:G$68,$H$5:$H$68)/SUM(($E$5:$E$68=$B70)*$H$5:$H$68))))} -> 0.38529468 | J70: {=IFERROR(SUMPRODUCT(($B$5:$B$68=$B70)*J$5:J$68,$K$5:$K$68)/SUM(($B$5:$B$68=$B70)*$K$5:$K$68),IFERROR(SUMPRODUCT(($C$5:$C$68=$B70)*J$5:J$68,$K$5:$K$68)/SUM(($C$5:$C$68=$B70)*$K$5:$K$68),IFERROR(SUMPRODUCT(($D$5:$D$68=$B70)*J$5:J$68,$K$5:$K$68)/SUM(($D$5:$D$68=$B70)*$K$5:$K$68),SUMPRODUCT(($E$5:$E$68=$B70)*J$5:J$68,$K$5:$K$68)/SUM(($E$5:$E$68=$B70)*$K$5:$K$68))))} -> 0.65015695 | Q70: =J70/SUM(R70:S70)*1000 -> 104.50029 | R70: {=IFERROR(SUMPRODUCT(($B$5:$B$68=$B70)*R$5:R$68,$P$5:$P$68)/SUM(($B$5:$B$68=$B70)*$P$5:$P$68),IFERROR(SUMPRODUCT(($C$5:$C$68=$B70)*R$5:R$68,$P$5:$P$68)/SUM(($C$5:$C$68=$B70)*$P$5:$P$68),IFERROR(SUMPRODUCT(($D$5:$D$68=$B70)*R$5:R$68,$P$5:$P$68)/SUM(($D$5:$D$68=$B70)*$P$5:$P$68),SUMPRODUCT(($E$5:$E$68=$B70)*R$5:R$68,$P$5:$P$68)/SUM(($E$5:$E$68=$B70)*$P$5:$P$68))))} -> 0.99664158 | S70: {=IFERROR(SUMPRODUCT(($B$5:$B$68=$B70)*S$5:S$68,$P$5:$P$68)/SUM(($B$5:$B$68=$B70)*$P$5:$P$68),IFERROR(SUMPRODUCT(($C$5:$C$68=$B70)*S$5:S$68,$P$5:$P$68)/SUM(($C$5:$C$68=$B70)*$P$5:$P$68),IFERROR(SUMPRODUCT(($D$5:$D$68=$B70)*S$5:S$68,$P$5:$P$68)/SUM(($D$5:$D$68=$B70)*$P$5:$P$68),SUMPRODUCT(($E$5:$E$68=$B70)*S$5:S$68,$P$5:$P$68)/SUM(($E$5:$E$68=$B70)*$P$5:$P$68))))} -> 5.224939 | U70: {=IFERROR(SUMPRODUCT(($B$5:$B$68=$B70)*U$5:U$68,$P$5:$P$68)/SUM(($B$5:$B$68=$B70)*$P$5:$P$68),IFERROR(SUMPRODUCT(($C$5:$C$68=$B70)*U$5:U$68,$P$5:$P$68)/SUM(($C$5:$C$68=$B70)*$P$5:$P$68),IFERROR(SUMPRODUCT(($D$5:$D$68=$B70)*U$5:U$68,$P$5:$P$68)/SUM(($D$5:$D$68=$B70)*$P$5:$P$68),SUMPRODUCT(($E$5:$E$68=$B70)*U$5:U$68,$P$5:$P$68)/SUM(($E$5:$E$68=$B70)*$P$5:$P$68))))} -> 0.84137119 | V70: {=IFERROR(SUMPRODUCT(($B$5:$B$68=$B70)*V$5:V$68,$P$5:$P$68)/SUM(($B$5:$B$68=$B70)*$P$5:$P$68),IFERROR(SUMPRODUCT(($C$5:$C$68=$B70)*V$5:V$68,$P$5:$P$68)/SUM(($C$5:$C$68=$B70)*$P$5:$P$68),IFERROR(SUMPRODUCT(($D$5:$D$68=$B70)*V$5:V$68,$P$5:$P$68)/SUM(($D$5:$D$68=$B70)*$P$5:$P$68),SUMPRODUCT(($E$5:$E$68=$B70)*V$5:V$68,$P$5:$P$68)/SUM(($E$5:$E$68=$B70)*$P$5:$P$68))))} -> 0.86357922
A71: Chemicals [Ammonia and Nitric Acid subset, WA] | B71: Fertilizer | G71: {=IFERROR(SUMPRODUCT(($B$5:$B$68=$B71)*G$5:G$68,$H$5:$H$68)/SUM(($B$5:$B$68=$B71)*$H$5:$H$68),IFERROR(SUMPRODUCT(($C$5:$C$68=$B71)*G$5:G$68,$H$5:$H$68)/SUM(($C$5:$C$68=$B71)*$H$5:$H$68),IFERROR(SUMPRODUCT(($D$5:$D$68=$B71)*G$5:G$68,$H$5:$H$68)/SUM(($D$5:$D$68=$B71)*$H$5:$H$68),SUMPRODUCT(($E$5:$E$68=$B71)*G$5:G$68,$H$5:$H$68)/SUM(($E$5:$E$68=$B71)*$H$5:$H$68))))} -> 1.7186343 | J71: {=IFERROR(SUMPRODUCT(($B$5:$B$68=$B71)*J$5:J$68,$K$5:$K$68)/SUM(($B$5:$B$68=$B71)*$K$5:$K$68),IFERROR(SUMPRODUCT(($C$5:$C$68=$B71)*J$5:J$68,$K$5:$K$68)/SUM(($C$5:$C$68=$B71)*$K$5:$K$68),IFERROR(SUMPRODUCT(($D$5:$D$68=$B71)*J$5:J$68,$K$5:$K$68)/SUM(($D$5:$D$68=$B71)*$K$5:$K$68),SUMPRODUCT(($E$5:$E$68=$B71)*J$5:J$68,$K$5:$K$68)/SUM(($E$5:$E$68=$B71)*$K$5:$K$68))))} -> 1.3535744 | Q71: =J71/SUM(R71:S71)*1000 -> 107.45961 | R71: {=IFERROR(SUMPRODUCT(($B$5:$B$68=$B71)*R$5:R$68,$P$5:$P$68)/SUM(($B$5:$B$68=$B71)*$P$5:$P$68),IFERROR(SUMPRODUCT(($C$5:$C$68=$B71)*R$5:R$68,$P$5:$P$68)/SUM(($C$5:$C$68=$B71)*$P$5:$P$68),IFERROR(SUMPRODUCT(($D$5:$D$68=$B71)*R$5:R$68,$P$5:$P$68)/SUM(($D$5:$D$68=$B71)*$P$5:$P$68),SUMPRODUCT(($E$5:$E$68=$B71)*R$5:R$68,$P$5:$P$68)/SUM(($E$5:$E$68=$B71)*$P$5:$P$68))))} -> 0 | S71: {=IFERROR(SUMPRODUCT(($B$5:$B$68=$B71)*S$5:S$68,$P$5:$P$68)/SUM(($B$5:$B$68=$B71)*$P$5:$P$68),IFERROR(SUMPRODUCT(($C$5:$C$68=$B71)*S$5:S$68,$P$5:$P$68)/SUM(($C$5:$C$68=$B71)*$P$5:$P$68),IFERROR(SUMPRODUCT(($D$5:$D$68=$B71)*S$5:S$68,$P$5:$P$68)/SUM(($D$5:$D$68=$B71)*$P$5:$P$68),SUMPRODUCT(($E$5:$E$68=$B71)*S$5:S$68,$P$5:$P$68)/SUM(($E$5:$E$68=$B71)*$P$5:$P$68))))} -> 12.596122 | U71: {=IFERROR(SUMPRODUCT(($B$5:$B$68=$B71)*U$5:U$68,$P$5:$P$68)/SUM(($B$5:$B$68=$B71)*$P$5:$P$68),IFERROR(SUMPRODUCT(($C$5:$C$68=$B71)*U$5:U$68,$P$5:$P$68)/SUM(($C$5:$C$68=$B71)*$P$5:$P$68),IFERROR(SUMPRODUCT(($D$5:$D$68=$B71)*U$5:U$68,$P$5:$P$68)/SUM(($D$5:$D$68=$B71)*$P$5:$P$68),SUMPRODUCT(($E$5:$E$68=$B71)*U$5:U$68,$P$5:$P$68)/SUM(($E$5:$E$68=$B71)*$P$5:$P$68))))} -> 0.84137119 | V71: {=IFERROR(SUMPRODUCT(($B$5:$B$68=$B71)*V$5:V$68,$P$5:$P$68)/SUM(($B$5:$B$68=$B71)*$P$5:$P$68),IFERROR(SUMPRODUCT(($C$5:$C$68=$B71)*V$5:V$68,$P$5:$P$68)/SUM(($C$5:$C$68=$B71)*$P$5:$P$68),IFERROR(SUMPRODUCT(($D$5:$D$68=$B71)*V$5:V$68,$P$5:$P$68)/SUM(($D$5:$D$68=$B71)*$P$5:$P$68),SUMPRODUCT(($E$5:$E$68=$B71)*V$5:V$68,$P$5:$P$68)/SUM(($E$5:$E$68=$B71)*$P$5:$P$68))))} -> 0.86357922
A72: Chemicals [Inorganic chemicals subset, WA] | B72: Inorganic | G72: {=IFERROR(SUMPRODUCT(($B$5:$B$68=$B72)*G$5:G$68,$H$5:$H$68)/SUM(($B$5:$B$68=$B72)*$H$5:$H$68),IFERROR(SUMPRODUCT(($C$5:$C$68=$B72)*G$5:G$68,$H$5:$H$68)/SUM(($C$5:$C$68=$B72)*$H$5:$H$68),IFERROR(SUMPRODUCT(($D$5:$D$68=$B72)*G$5:G$68,$H$5:$H$68)/SUM(($D$5:$D$68=$B72)*$H$5:$H$68),SUMPRODUCT(($E$5:$E$68=$B72)*G$5:G$68,$H$5:$H$68)/SUM(($E$5:$E$68=$B72)*$H$5:$H$68))))} -> 1.5967631 | J72: {=IFERROR(SUMPRODUCT(($B$5:$B$68=$B72)*J$5:J$68,$K$5:$K$68)/SUM(($B$5:$B$68=$B72)*$K$5:$K$68),IFERROR(SUMPRODUCT(($C$5:$C$68=$B72)*J$5:J$68,$K$5:$K$68)/SUM(($C$5:$C$68=$B72)*$K$5:$K$68),IFERROR(SUMPRODUCT(($D$5:$D$68=$B72)*J$5:J$68,$K$5:$K$68)/SUM(($D$5:$D$68=$B72)*$K$5:$K$68),SUMPRODUCT(($E$5:$E$68=$B72)*J$5:J$68,$K$5:$K$68)/SUM(($E$5:$E$68=$B72)*$K$5:$K$68))))} -> 1.2656396 | Q72: =J72/SUM(R72:S72)*1000 -> 93.718144 | R72: {=IFERROR(SUMPRODUCT(($B$5:$B$68=$B72)*R$5:R$68,$P$5:$P$68)/SUM(($B$5:$B$68=$B72)*$P$5:$P$68),IFERROR(SUMPRODUCT(($C$5:$C$68=$B72)*R$5:R$68,$P$5:$P$68)/SUM(($C$5:$C$68=$B72)*$P$5:$P$68),IFERROR(SUMPRODUCT(($D$5:$D$68=$B72)*R$5:R$68,$P$5:$P$68)/SUM(($D$5:$D$68=$B72)*$P$5:$P$68),SUMPRODUCT(($E$5:$E$68=$B72)*R$5:R$68,$P$5:$P$68)/SUM(($E$5:$E$68=$B72)*$P$5:$P$68))))} -> 3.291173 | S72: {=IFERROR(SUMPRODUCT(($B$5:$B$68=$B72)*S$5:S$68,$P$5:$P$68)/SUM(($B$5:$B$68=$B72)*$P$5:$P$68),IFERROR(SUMPRODUCT(($C$5:$C$68=$B72)*S$5:S$68,$P$5:$P$68)/SUM(($C$5:$C$68=$B72)*$P$5:$P$68),IFERROR(SUMPRODUCT(($D$5:$D$68=$B72)*S$5:S$68,$P$5:$P$68)/SUM(($D$5:$D$68=$B72)*$P$5:$P$68),SUMPRODUCT(($E$5:$E$68=$B72)*S$5:S$68,$P$5:$P$68)/SUM(($E$5:$E$68=$B72)*$P$5:$P$68))))} -> 10.213572 | U72: {=IFERROR(SUMPRODUCT(($B$5:$B$68=$B72)*U$5:U$68,$P$5:$P$68)/SUM(($B$5:$B$68=$B72)*$P$5:$P$68),IFERROR(SUMPRODUCT(($C$5:$C$68=$B72)*U$5:U$68,$P$5:$P$68)/SUM(($C$5:$C$68=$B72)*$P$5:$P$68),IFERROR(SUMPRODUCT(($D$5:$D$68=$B72)*U$5:U$68,$P$5:$P$68)/SUM(($D$5:$D$68=$B72)*$P$5:$P$68),SUMPRODUCT(($E$5:$E$68=$B72)*U$5:U$68,$P$5:$P$68)/SUM(($E$5:$E$68=$B72)*$P$5:$P$68))))} -> 0.84137119 | V72: {=IFERROR(SUMPRODUCT(($B$5:$B$68=$B72)*V$5:V$68,$P$5:$P$68)/SUM(($B$5:$B$68=$B72)*$P$5:$P$68),IFERROR(SUMPRODUCT(($C$5:$C$68=$B72)*V$5:V$68,$P$5:$P$68)/SUM(($C$5:$C$68=$B72)*$P$5:$P$68),IFERROR(SUMPRODUCT(($D$5:$D$68=$B72)*V$5:V$68,$P$5:$P$68)/SUM(($D$5:$D$68=$B72)*$P$5:$P$68),SUMPRODUCT(($E$5:$E$68=$B72)*V$5:V$68,$P$5:$P$68)/SUM(($E$5:$E$68=$B72)*$P$5:$P$68))))} -> 0.86357922
A73: Chemicals [Organic chemicals subset, WA] | B73: Organic | G73: {=IFERROR(SUMPRODUCT(($B$5:$B$68=$B73)*G$5:G$68,$H$5:$H$68)/SUM(($B$5:$B$68=$B73)*$H$5:$H$68),IFERROR(SUMPRODUCT(($C$5:$C$68=$B73)*G$5:G$68,$H$5:$H$68)/SUM(($C$5:$C$68=$B73)*$H$5:$H$68),IFERROR(SUMPRODUCT(($D$5:$D$68=$B73)*G$5:G$68,$H$5:$H$68)/SUM(($D$5:$D$68=$B73)*$H$5:$H$68),SUMPRODUCT(($E$5:$E$68=$B73)*G$5:G$68,$H$5:$H$68)/SUM(($E$5:$E$68=$B73)*$H$5:$H$68))))} -> 0.74515766 | J73: {=IFERROR(SUMPRODUCT(($B$5:$B$68=$B73)*J$5:J$68,$K$5:$K$68)/SUM(($B$5:$B$68=$B73)*$K$5:$K$68),IFERROR(SUMPRODUCT(($C$5:$C$68=$B73)*J$5:J$68,$K$5:$K$68)/SUM(($C$5:$C$68=$B73)*$K$5:$K$68),IFERROR(SUMPRODUCT(($D$5:$D$68=$B73)*J$5:J$68,$K$5:$K$68)/SUM(($D$5:$D$68=$B73)*$K$5:$K$68),SUMPRODUCT(($E$5:$E$68=$B73)*J$5:J$68,$K$5:$K$68)/SUM(($E$5:$E$68=$B73)*$K$5:$K$68))))} -> 0.6864802 | Q73: =J73/SUM(R73:S73)*1000 -> 16.110086 | R73: {=IFERROR(SUMPRODUCT(($B$5:$B$68=$B73)*R$5:R$68,$P$5:$P$68)/SUM(($B$5:$B$68=$B73)*$P$5:$P$68),IFERROR(SUMPRODUCT(($C$5:$C$68=$B73)*R$5:R$68,$P$5:$P$68)/SUM(($C$5:$C$68=$B73)*$P$5:$P$68),IFERROR(SUMPRODUCT(($D$5:$D$68=$B73)*R$5:R$68,$P$5:$P$68)/SUM(($D$5:$D$68=$B73)*$P$5:$P$68),SUMPRODUCT(($E$5:$E$68=$B73)*R$5:R$68,$P$5:$P$68)/SUM(($E$5:$E$68=$B73)*$P$5:$P$68))))} -> 2.1991405 | S73: {=IFERROR(SUMPRODUCT(($B$5:$B$68=$B73)*S$5:S$68,$P$5:$P$68)/SUM(($B$5:$B$68=$B73)*$P$5:$P$68),IFERROR(SUMPRODUCT(($C$5:$C$68=$B73)*S$5:S$68,$P$5:$P$68)/SUM(($C$5:$C$68=$B73)*$P$5:$P$68),IFERROR(SUMPRODUCT(($D$5:$D$68=$B73)*S$5:S$68,$P$5:$P$68)/SUM(($D$5:$D$68=$B73)*$P$5:$P$68),SUMPRODUCT(($E$5:$E$68=$B73)*S$5:S$68,$P$5:$P$68)/SUM(($E$5:$E$68=$B73)*$P$5:$P$68))))} -> 40.412686 | U73: {=IFERROR(SUMPRODUCT(($B$5:$B$68=$B73)*U$5:U$68,$P$5:$P$68)/SUM(($B$5:$B$68=$B73)*$P$5:$P$68),IFERROR(SUMPRODUCT(($C$5:$C$68=$B73)*U$5:U$68,$P$5:$P$68)/SUM(($C$5:$C$68=$B73)*$P$5:$P$68),IFERROR(SUMPRODUCT(($D$5:$D$68=$B73)*U$5:U$68,$P$5:$P$68)/SUM(($D$5:$D$68=$B73)*$P$5:$P$68),SUMPRODUCT(($E$5:$E$68=$B73)*U$5:U$68,$P$5:$P$68)/SUM(($E$5:$E$68=$B73)*$P$5:$P$68))))} -> 0.84137119 | V73: {=IFERROR(SUMPRODUCT(($B$5:$B$68=$B73)*V$5:V$68,$P$5:$P$68)/SUM(($B$5:$B$68=$B73)*$P$5:$P$68),IFERROR(SUMPRODUCT(($C$5:$C$68=$B73)*V$5:V$68,$P$5:$P$68)/SUM(($C$5:$C$68=$B73)*$P$5:$P$68),IFERROR(SUMPRODUCT(($D$5:$D$68=$B73)*V$5:V$68,$P$5:$P$68)/SUM(($D$5:$D$68=$B73)*$P$5:$P$68),SUMPRODUCT(($E$5:$E$68=$B73)*V$5:V$68,$P$5:$P$68)/SUM(($E$5:$E$68=$B73)*$P$5:$P$68))))} -> 0.86357922
A74: Chemicals [WA, Plastics subset] | B74: Plastics | G74: {=IFERROR(SUMPRODUCT(($B$5:$B$68=$B74)*G$5:G$68,$H$5:$H$68)/SUM(($B$5:$B$68=$B74)*$H$5:$H$68),IFERROR(SUMPRODUCT(($C$5:$C$68=$B74)*G$5:G$68,$H$5:$H$68)/SUM(($C$5:$C$68=$B74)*$H$5:$H$68),IFERROR(SUMPRODUCT(($D$5:$D$68=$B74)*G$5:G$68,$H$5:$H$68)/SUM(($D$5:$D$68=$B74)*$H$5:$H$68),SUMPRODUCT(($E$5:$E$68=$B74)*G$5:G$68,$H$5:$H$68)/SUM(($E$5:$E$68=$B74)*$H$5:$H$68))))} -> 0.49494039 | J74: {=IFERROR(SUMPRODUCT(($B$5:$B$68=$B74)*J$5:J$68,$K$5:$K$68)/SUM(($B$5:$B$68=$B74)*$K$5:$K$68),IFERROR(SUMPRODUCT(($C$5:$C$68=$B74)*J$5:J$68,$K$5:$K$68)/SUM(($C$5:$C$68=$B74)*$K$5:$K$68),IFERROR(SUMPRODUCT(($D$5:$D$68=$B74)*J$5:J$68,$K$5:$K$68)/SUM(($D$5:$D$68=$B74)*$K$5:$K$68),SUMPRODUCT(($E$5:$E$68=$B74)*J$5:J$68,$K$5:$K$68)/SUM(($E$5:$E$68=$B74)*$K$5:$K$68))))} -> 0.76276347 | Q74: =J74/SUM(R74:S74)*1000 -> 125.60277 | R74: {=IFERROR(SUMPRODUCT(($B$5:$B$68=$B74)*R$5:R$68,$P$5:$P$68)/SUM(($B$5:$B$68=$B74)*$P$5:$P$68),IFERROR(SUMPRODUCT(($C$5:$C$68=$B74)*R$5:R$68,$P$5:$P$68)/SUM(($C$5:$C$68=$B74)*$P$5:$P$68),IFERROR(SUMPRODUCT(($D$5:$D$68=$B74)*R$5:R$68,$P$5:$P$68)/SUM(($D$5:$D$68=$B74)*$P$5:$P$68),SUMPRODUCT(($E$5:$E$68=$B74)*R$5:R$68,$P$5:$P$68)/SUM(($E$5:$E$68=$B74)*$P$5:$P$68))))} -> 6.0728236 | S74: {=IFERROR(SUMPRODUCT(($B$5:$B$68=$B74)*S$5:S$68,$P$5:$P$68)/SUM(($B$5:$B$68=$B74)*$P$5:$P$68),IFERROR(SUMPRODUCT(($C$5:$C$68=$B74)*S$5:S$68,$P$5:$P$68)/SUM(($C$5:$C$68=$B74)*$P$5:$P$68),IFERROR(SUMPRODUCT(($D$5:$D$68=$B74)*S$5:S$68,$P$5:$P$68)/SUM(($D$5:$D$68=$B74)*$P$5:$P$68),SUMPRODUCT(($E$5:$E$68=$B74)*S$5:S$68,$P$5:$P$68)/SUM(($E$5:$E$68=$B74)*$P$5:$P$68))))} -> 0 | U74: {=IFERROR(SUMPRODUCT(($B$5:$B$68=$B74)*U$5:U$68,$P$5:$P$68)/SUM(($B$5:$B$68=$B74)*$P$5:$P$68),IFERROR(SUMPRODUCT(($C$5:$C$68=$B74)*U$5:U$68,$P$5:$P$68)/SUM(($C$5:$C$68=$B74)*$P$5:$P$68),IFERROR(SUMPRODUCT(($D$5:$D$68=$B74)*U$5:U$68,$P$5:$P$68)/SUM(($D$5:$D$68=$B74)*$P$5:$P$68),SUMPRODUCT(($E$5:$E$68=$B74)*U$5:U$68,$P$5:$P$68)/SUM(($E$5:$E$68=$B74)*$P$5:$P$68))))} -> 0.84137119 | V74: {=IFERROR(SUMPRODUCT(($B$5:$B$68=$B74)*V$5:V$68,$P$5:$P$68)/SUM(($B$5:$B$68=$B74)*$P$5:$P$68),IFERROR(SUMPRODUCT(($C$5:$C$68=$B74)*V$5:V$68,$P$5:$P$68)/SUM(($C$5:$C$68=$B74)*$P$5:$P$68),IFERROR(SUMPRODUCT(($D$5:$D$68=$B74)*V$5:V$68,$P$5:$P$68)/SUM(($D$5:$D$68=$B74)*$P$5:$P$68),SUMPRODUCT(($E$5:$E$68=$B74)*V$5:V$68,$P$5:$P$68)/SUM(($E$5:$E$68=$B74)*$P$5:$P$68))))} -> 0.86357922
A75: Chemicals [WA] | B75: Chemicals | G75: {=IFERROR(SUMPRODUCT(($B$5:$B$68=$B75)*G$5:G$68,$H$5:$H$68)/SUM(($B$5:$B$68=$B75)*$H$5:$H$68),IFERROR(SUMPRODUCT(($C$5:$C$68=$B75)*G$5:G$68,$H$5:$H$68)/SUM(($C$5:$C$68=$B75)*$H$5:$H$68),IFERROR(SUMPRODUCT(($D$5:$D$68=$B75)*G$5:G$68,$H$5:$H$68)/SUM(($D$5:$D$68=$B75)*$H$5:$H$68),SUMPRODUCT(($E$5:$E$68=$B75)*G$5:G$68,$H$5:$H$68)/SUM(($E$5:$E$68=$B75)*$H$5:$H$68))))} -> 1.1838611 | J75: {=IFERROR(SUMPRODUCT(($B$5:$B$68=$B75)*J$5:J$68,$K$5:$K$68)/SUM(($B$5:$B$68=$B75)*$K$5:$K$68),IFERROR(SUMPRODUCT(($C$5:$C$68=$B75)*J$5:J$68,$K$5:$K$68)/SUM(($C$5:$C$68=$B75)*$K$5:$K$68),IFERROR(SUMPRODUCT(($D$5:$D$68=$B75)*J$5:J$68,$K$5:$K$68)/SUM(($D$5:$D$68=$B75)*$K$5:$K$68),SUMPRODUCT(($E$5:$E$68=$B75)*J$5:J$68,$K$5:$K$68)/SUM(($E$5:$E$68=$B75)*$K$5:$K$68))))} -> 1.0013516 | Q75: =J75/SUM(R75:S75)*1000 -> 33.615108 | R75: {=IFERROR(SUMPRODUCT(($B$5:$B$68=$B75)*R$5:R$68,$P$5:$P$68)/SUM(($B$5:$B$68=$B75)*$P$5:$P$68),IFERROR(SUMPRODUCT(($C$5:$C$68=$B75)*R$5:R$68,$P$5:$P$68)/SUM(($C$5:$C$68=$B75)*$P$5:$P$68),IFERROR(SUMPRODUCT(($D$5:$D$68=$B75)*R$5:R$68,$P$5:$P$68)/SUM(($D$5:$D$68=$B75)*$P$5:$P$68),SUMPRODUCT(($E$5:$E$68=$B75)*R$5:R$68,$P$5:$P$68)/SUM(($E$5:$E$68=$B75)*$P$5:$P$68))))} -> 2.6802341 | S75: {=IFERROR(SUMPRODUCT(($B$5:$B$68=$B75)*S$5:S$68,$P$5:$P$68)/SUM(($B$5:$B$68=$B75)*$P$5:$P$68),IFERROR(SUMPRODUCT(($C$5:$C$68=$B75)*S$5:S$68,$P$5:$P$68)/SUM(($C$5:$C$68=$B75)*$P$5:$P$68),IFERROR(SUMPRODUCT(($D$5:$D$68=$B75)*S$5:S$68,$P$5:$P$68)/SUM(($D$5:$D$68=$B75)*$P$5:$P$68),SUMPRODUCT(($E$5:$E$68=$B75)*S$5:S$68,$P$5:$P$68)/SUM(($E$5:$E$68=$B75)*$P$5:$P$68))))} -> 27.108503 | U75: {=IFERROR(SUMPRODUCT(($B$5:$B$68=$B75)*U$5:U$68,$P$5:$P$68)/SUM(($B$5:$B$68=$B75)*$P$5:$P$68),IFERROR(SUMPRODUCT(($C$5:$C$68=$B75)*U$5:U$68,$P$5:$P$68)/SUM(($C$5:$C$68=$B75)*$P$5:$P$68),IFERROR(SUMPRODUCT(($D$5:$D$68=$B75)*U$5:U$68,$P$5:$P$68)/SUM(($D$5:$D$68=$B75)*$P$5:$P$68),SUMPRODUCT(($E$5:$E$68=$B75)*U$5:U$68,$P$5:$P$68)/SUM(($E$5:$E$68=$B75)*$P$5:$P$68))))} -> 0.84137119 | V75: {=IFERROR(SUMPRODUCT(($B$5:$B$68=$B75)*V$5:V$68,$P$5:$P$68)/SUM(($B$5:$B$68=$B75)*$P$5:$P$68),IFERROR(SUMPRODUCT(($C$5:$C$68=$B75)*V$5:V$68,$P$5:$P$68)/SUM(($C$5:$C$68=$B75)*$P$5:$P$68),IFERROR(SUMPRODUCT(($D$5:$D$68=$B75)*V$5:V$68,$P$5:$P$68)/SUM(($D$5:$D$68=$B75)*$P$5:$P$68),SUMPRODUCT(($E$5:$E$68=$B75)*V$5:V$68,$P$5:$P$68)/SUM(($E$5:$E$68=$B75)*$P$5:$P$68))))} -> 0.86357922
A76: Hydrogen and synthetic gas [WA] | B76: Hydrogen and Syngas | G76: {=IFERROR(SUMPRODUCT(($B$5:$B$68=$B76)*G$5:G$68,$H$5:$H$68)/SUM(($B$5:$B$68=$B76)*$H$5:$H$68),IFERROR(SUMPRODUCT(($C$5:$C$68=$B76)*G$5:G$68,$H$5:$H$68)/SUM(($C$5:$C$68=$B76)*$H$5:$H$68),IFERROR(SUMPRODUCT(($D$5:$D$68=$B76)*G$5:G$68,$H$5:$H$68)/SUM(($D$5:$D$68=$B76)*$H$5:$H$68),SUMPRODUCT(($E$5:$E$68=$B76)*G$5:G$68,$H$5:$H$68)/SUM(($E$5:$E$68=$B76)*$H$5:$H$68))))} -> 8.4591606 | J76: {=IFERROR(SUMPRODUCT(($B$5:$B$68=$B76)*J$5:J$68,$K$5:$K$68)/SUM(($B$5:$B$68=$B76)*$K$5:$K$68),IFERROR(SUMPRODUCT(($C$5:$C$68=$B76)*J$5:J$68,$K$5:$K$68)/SUM(($C$5:$C$68=$B76)*$K$5:$K$68),IFERROR(SUMPRODUCT(($D$5:$D$68=$B76)*J$5:J$68,$K$5:$K$68)/SUM(($D$5:$D$68=$B76)*$K$5:$K$68),SUMPRODUCT(($E$5:$E$68=$B76)*J$5:J$68,$K$5:$K$68)/SUM(($E$5:$E$68=$B76)*$K$5:$K$68))))} -> 6.4483962 | Q76: =J76/SUM(R76:S76)*1000 -> 53.71514 | R76: {=IFERROR(SUMPRODUCT(($B$5:$B$68=$B76)*R$5:R$68,$P$5:$P$68)/SUM(($B$5:$B$68=$B76)*$P$5:$P$68),IFERROR(SUMPRODUCT(($C$5:$C$68=$B76)*R$5:R$68,$P$5:$P$68)/SUM(($C$5:$C$68=$B76)*$P$5:$P$68),IFERROR(SUMPRODUCT(($D$5:$D$68=$B76)*R$5:R$68,$P$5:$P$68)/SUM(($D$5:$D$68=$B76)*$P$5:$P$68),SUMPRODUCT(($E$5:$E$68=$B76)*R$5:R$68,$P$5:$P$68)/SUM(($E$5:$E$68=$B76)*$P$5:$P$68))))} -> 0 | S76: {=IFERROR(SUMPRODUCT(($B$5:$B$68=$B76)*S$5:S$68,$P$5:$P$68)/SUM(($B$5:$B$68=$B76)*$P$5:$P$68),IFERROR(SUMPRODUCT(($C$5:$C$68=$B76)*S$5:S$68,$P$5:$P$68)/SUM(($C$5:$C$68=$B76)*$P$5:$P$68),IFERROR(SUMPRODUCT(($D$5:$D$68=$B76)*S$5:S$68,$P$5:$P$68)/SUM(($D$5:$D$68=$B76)*$P$5:$P$68),SUMPRODUCT(($E$5:$E$68=$B76)*S$5:S$68,$P$5:$P$68)/SUM(($E$5:$E$68=$B76)*$P$5:$P$68))))} -> 120.04802 | U76: {=IFERROR(SUMPRODUCT(($B$5:$B$68=$B76)*U$5:U$68,$P$5:$P$68)/SUM(($B$5:$B$68=$B76)*$P$5:$P$68),IFERROR(SUMPRODUCT(($C$5:$C$68=$B76)*U$5:U$68,$P$5:$P$68)/SUM(($C$5:$C$68=$B76)*$P$5:$P$68),IFERROR(SUMPRODUCT(($D$5:$D$68=$B76)*U$5:U$68,$P$5:$P$68)/SUM(($D$5:$D$68=$B76)*$P$5:$P$68),SUMPRODUCT(($E$5:$E$68=$B76)*U$5:U$68,$P$5:$P$68)/SUM(($E$5:$E$68=$B76)*$P$5:$P$68))))} -> 0.84137119 | V76: {=IFERROR(SUMPRODUCT(($B$5:$B$68=$B76)*V$5:V$68,$P$5:$P$68)/SUM(($B$5:$B$68=$B76)*$P$5:$P$68),IFERROR(SUMPRODUCT(($C$5:$C$68=$B76)*V$5:V$68,$P$5:$P$68)/SUM(($C$5:$C$68=$B76)*$P$5:$P$68),IFERROR(SUMPRODUCT(($D$5:$D$68=$B76)*V$5:V$68,$P$5:$P$68)/SUM(($D$5:$D$68=$B76)*$P$5:$P$68),SUMPRODUCT(($E$5:$E$68=$B76)*V$5:V$68,$P$5:$P$68)/SUM(($E$5:$E$68=$B76)*$P$5:$P$68))))} -> 0.86357922
A77: Iron & Steel - Integrated [WA] | B77: Integrated Steel | G77: {=IFERROR(SUMPRODUCT(($B$5:$B$68=$B77)*G$5:G$68,$H$5:$H$68)/SUM(($B$5:$B$68=$B77)*$H$5:$H$68),IFERROR(SUMPRODUCT(($C$5:$C$68=$B77)*G$5:G$68,$H$5:$H$68)/SUM(($C$5:$C$68=$B77)*$H$5:$H$68),IFERROR(SUMPRODUCT(($D$5:$D$68=$B77)*G$5:G$68,$H$5:$H$68)/SUM(($D$5:$D$68=$B77)*$H$5:$H$68),SUMPRODUCT(($E$5:$E$68=$B77)*G$5:G$68,$H$5:$H$68)/SUM(($E$5:$E$68=$B77)*$H$5:$H$68))))} -> 1.495 | J77: {=IFERROR(SUMPRODUCT(($B$5:$B$68=$B77)*J$5:J$68,$K$5:$K$68)/SUM(($B$5:$B$68=$B77)*$K$5:$K$68),IFERROR(SUMPRODUCT(($C$5:$C$68=$B77)*J$5:J$68,$K$5:$K$68)/SUM(($C$5:$C$68=$B77)*$K$5:$K$68),IFERROR(SUMPRODUCT(($D$5:$D$68=$B77)*J$5:J$68,$K$5:$K$68)/SUM(($D$5:$D$68=$B77)*$K$5:$K$68),SUMPRODUCT(($E$5:$E$68=$B77)*J$5:J$68,$K$5:$K$68)/SUM(($E$5:$E$68=$B77)*$K$5:$K$68))))} -> 1.288 | Q77: =J77/SUM(R77:S77)*1000 -> 59.136823 | R77: {=IFERROR(SUMPRODUCT(($B$5:$B$68=$B77)*R$5:R$68,$P$5:$P$68)/SUM(($B$5:$B$68=$B77)*$P$5:$P$68),IFERROR(SUMPRODUCT(($C$5:$C$68=$B77)*R$5:R$68,$P$5:$P$68)/SUM(($C$5:$C$68=$B77)*$P$5:$P$68),IFERROR(SUMPRODUCT(($D$5:$D$68=$B77)*R$5:R$68,$P$5:$P$68)/SUM(($D$5:$D$68=$B77)*$P$5:$P$68),SUMPRODUCT(($E$5:$E$68=$B77)*R$5:R$68,$P$5:$P$68)/SUM(($E$5:$E$68=$B77)*$P$5:$P$68))))} -> 14.976 | S77: {=IFERROR(SUMPRODUCT(($B$5:$B$68=$B77)*S$5:S$68,$P$5:$P$68)/SUM(($B$5:$B$68=$B77)*$P$5:$P$68),IFERROR(SUMPRODUCT(($C$5:$C$68=$B77)*S$5:S$68,$P$5:$P$68)/SUM(($C$5:$C$68=$B77)*$P$5:$P$68),IFERROR(SUMPRODUCT(($D$5:$D$68=$B77)*S$5:S$68,$P$5:$P$68)/SUM(($D$5:$D$68=$B77)*$P$5:$P$68),SUMPRODUCT(($E$5:$E$68=$B77)*S$5:S$68,$P$5:$P$68)/SUM(($E$5:$E$68=$B77)*$P$5:$P$68))))} -> 6.804 | U77: {=IFERROR(SUMPRODUCT(($B$5:$B$68=$B77)*U$5:U$68,$P$5:$P$68)/SUM(($B$5:$B$68=$B77)*$P$5:$P$68),IFERROR(SUMPRODUCT(($C$5:$C$68=$B77)*U$5:U$68,$P$5:$P$68)/SUM(($C$5:$C$68=$B77)*$P$5:$P$68),IFERROR(SUMPRODUCT(($D$5:$D$68=$B77)*U$5:U$68,$P$5:$P$68)/SUM(($D$5:$D$68=$B77)*$P$5:$P$68),SUMPRODUCT(($E$5:$E$68=$B77)*U$5:U$68,$P$5:$P$68)/SUM(($E$5:$E$68=$B77)*$P$5:$P$68))))} -> 0.55465093 | V77: {=IFERROR(SUMPRODUCT(($B$5:$B$68=$B77)*V$5:V$68,$P$5:$P$68)/SUM(($B$5:$B$68=$B77)*$P$5:$P$68),IFERROR(SUMPRODUCT(($C$5:$C$68=$B77)*V$5:V$68,$P$5:$P$68)/SUM(($C$5:$C$68=$B77)*$P$5:$P$68),IFERROR(SUMPRODUCT(($D$5:$D$68=$B77)*V$5:V$68,$P$5:$P$68)/SUM(($D$5:$D$68=$B77)*$P$5:$P$68),SUMPRODUCT(($E$5:$E$68=$B77)*V$5:V$68,$P$5:$P$68)/SUM(($E$5:$E$68=$B77)*$P$5:$P$68))))} -> 0.43306202
A78: Iron & Steel - Processing [WA] | B78: Steel Processing | G78: {=IFERROR(SUMPRODUCT(($B$5:$B$68=$B78)*G$5:G$68,$H$5:$H$68)/SUM(($B$5:$B$68=$B78)*$H$5:$H$68),IFERROR(SUMPRODUCT(($C$5:$C$68=$B78)*G$5:G$68,$H$5:$H$68)/SUM(($C$5:$C$68=$B78)*$H$5:$H$68),IFERROR(SUMPRODUCT(($D$5:$D$68=$B78)*G$5:G$68,$H$5:$H$68)/SUM(($D$5:$D$68=$B78)*$H$5:$H$68),SUMPRODUCT(($E$5:$E$68=$B78)*G$5:G$68,$H$5:$H$68)/SUM(($E$5:$E$68=$B78)*$H$5:$H$68))))} -> 0.28693461 | J78: {=IFERROR(SUMPRODUCT(($B$5:$B$68=$B78)*J$5:J$68,$K$5:$K$68)/SUM(($B$5:$B$68=$B78)*$K$5:$K$68),IFERROR(SUMPRODUCT(($C$5:$C$68=$B78)*J$5:J$68,$K$5:$K$68)/SUM(($C$5:$C$68=$B78)*$K$5:$K$68),IFERROR(SUMPRODUCT(($D$5:$D$68=$B78)*J$5:J$68,$K$5:$K$68)/SUM(($D$5:$D$68=$B78)*$K$5:$K$68),SUMPRODUCT(($E$5:$E$68=$B78)*J$5:J$68,$K$5:$K$68)/SUM(($E$5:$E$68=$B78)*$K$5:$K$68))))} -> 0.24234523 | Q78: =J78/SUM(R78:S78)*1000 -> 97.846104 | R78: {=IFERROR(SUMPRODUCT(($B$5:$B$68=$B78)*R$5:R$68,$P$5:$P$68)/SUM(($B$5:$B$68=$B78)*$P$5:$P$68),IFERROR(SUMPRODUCT(($C$5:$C$68=$B78)*R$5:R$68,$P$5:$P$68)/SUM(($C$5:$C$68=$B78)*$P$5:$P$68),IFERROR(SUMPRODUCT(($D$5:$D$68=$B78)*R$5:R$68,$P$5:$P$68)/SUM(($D$5:$D$68=$B78)*$P$5:$P$68),SUMPRODUCT(($E$5:$E$68=$B78)*R$5:R$68,$P$5:$P$68)/SUM(($E$5:$E$68=$B78)*$P$5:$P$68))))} -> 2.4768 | S78: {=IFERROR(SUMPRODUCT(($B$5:$B$68=$B78)*S$5:S$68,$P$5:$P$68)/SUM(($B$5:$B$68=$B78)*$P$5:$P$68),IFERROR(SUMPRODUCT(($C$5:$C$68=$B78)*S$5:S$68,$P$5:$P$68)/SUM(($C$5:$C$68=$B78)*$P$5:$P$68),IFERROR(SUMPRODUCT(($D$5:$D$68=$B78)*S$5:S$68,$P$5:$P$68)/SUM(($D$5:$D$68=$B78)*$P$5:$P$68),SUMPRODUCT(($E$5:$E$68=$B78)*S$5:S$68,$P$5:$P$68)/SUM(($E$5:$E$68=$B78)*$P$5:$P$68))))} -> 0 | U78: {=IFERROR(SUMPRODUCT(($B$5:$B$68=$B78)*U$5:U$68,$P$5:$P$68)/SUM(($B$5:$B$68=$B78)*$P$5:$P$68),IFERROR(SUMPRODUCT(($C$5:$C$68=$B78)*U$5:U$68,$P$5:$P$68)/SUM(($C$5:$C$68=$B78)*$P$5:$P$68),IFERROR(SUMPRODUCT(($D$5:$D$68=$B78)*U$5:U$68,$P$5:$P$68)/SUM(($D$5:$D$68=$B78)*$P$5:$P$68),SUMPRODUCT(($E$5:$E$68=$B78)*U$5:U$68,$P$5:$P$68)/SUM(($E$5:$E$68=$B78)*$P$5:$P$68))))} -> 0.55465093 | V78: {=IFERROR(SUMPRODUCT(($B$5:$B$68=$B78)*V$5:V$68,$P$5:$P$68)/SUM(($B$5:$B$68=$B78)*$P$5:$P$68),IFERROR(SUMPRODUCT(($C$5:$C$68=$B78)*V$5:V$68,$P$5:$P$68)/SUM(($C$5:$C$68=$B78)*$P$5:$P$68),IFERROR(SUMPRODUCT(($D$5:$D$68=$B78)*V$5:V$68,$P$5:$P$68)/SUM(($D$5:$D$68=$B78)*$P$5:$P$68),SUMPRODUCT(($E$5:$E$68=$B78)*V$5:V$68,$P$5:$P$68)/SUM(($E$5:$E$68=$B78)*$P$5:$P$68))))} -> 0.43306202
A79: Cement [WA] | B79: Cement | G79: {=IFERROR(SUMPRODUCT(($B$5:$B$68=$B79)*G$5:G$68,$H$5:$H$68)/SUM(($B$5:$B$68=$B79)*$H$5:$H$68),IFERROR(SUMPRODUCT(($C$5:$C$68=$B79)*G$5:G$68,$H$5:$H$68)/SUM(($C$5:$C$68=$B79)*$H$5:$H$68),IFERROR(SUMPRODUCT(($D$5:$D$68=$B79)*G$5:G$68,$H$5:$H$68)/SUM(($D$5:$D$68=$B79)*$H$5:$H$68),SUMPRODUCT(($E$5:$E$68=$B79)*G$5:G$68,$H$5:$H$68)/SUM(($E$5:$E$68=$B79)*$H$5:$H$68))))} -> 0.81745071 | J79: {=IFERROR(SUMPRODUCT(($B$5:$B$68=$B79)*J$5:J$68,$K$5:$K$68)/SUM(($B$5:$B$68=$B79)*$K$5:$K$68),IFERROR(SUMPRODUCT(($C$5:$C$68=$B79)*J$5:J$68,$K$5:$K$68)/SUM(($C$5:$C$68=$B79)*$K$5:$K$68),IFERROR(SUMPRODUCT(($D$5:$D$68=$B79)*J$5:J$68,$K$5:$K$68)/SUM(($D$5:$D$68=$B79)*$K$5:$K$68),SUMPRODUCT(($E$5:$E$68=$B79)*J$5:J$68,$K$5:$K$68)/SUM(($E$5:$E$68=$B79)*$K$5:$K$68))))} -> 0.6991394 | Q79: =J79/SUM(R79:S79)*1000 -> 161.83782 | R79: {=IFERROR(SUMPRODUCT(($B$5:$B$68=$B79)*R$5:R$68,$P$5:$P$68)/SUM(($B$5:$B$68=$B79)*$P$5:$P$68),IFERROR(SUMPRODUCT(($C$5:$C$68=$B79)*R$5:R$68,$P$5:$P$68)/SUM(($C$5:$C$68=$B79)*$P$5:$P$68),IFERROR(SUMPRODUCT(($D$5:$D$68=$B79)*R$5:R$68,$P$5:$P$68)/SUM(($D$5:$D$68=$B79)*$P$5:$P$68),SUMPRODUCT(($E$5:$E$68=$B79)*R$5:R$68,$P$5:$P$68)/SUM(($E$5:$E$68=$B79)*$P$5:$P$68))))} -> 4.32 | S79: {=IFERROR(SUMPRODUCT(($B$5:$B$68=$B79)*S$5:S$68,$P$5:$P$68)/SUM(($B$5:$B$68=$B79)*$P$5:$P$68),IFERROR(SUMPRODUCT(($C$5:$C$68=$B79)*S$5:S$68,$P$5:$P$68)/SUM(($C$5:$C$68=$B79)*$P$5:$P$68),IFERROR(SUMPRODUCT(($D$5:$D$68=$B79)*S$5:S$68,$P$5:$P$68)/SUM(($D$5:$D$68=$B79)*$P$5:$P$68),SUMPRODUCT(($E$5:$E$68=$B79)*S$5:S$68,$P$5:$P$68)/SUM(($E$5:$E$68=$B79)*$P$5:$P$68))))} -> 0 | U79: {=IFERROR(SUMPRODUCT(($B$5:$B$68=$B79)*U$5:U$68,$P$5:$P$68)/SUM(($B$5:$B$68=$B79)*$P$5:$P$68),IFERROR(SUMPRODUCT(($C$5:$C$68=$B79)*U$5:U$68,$P$5:$P$68)/SUM(($C$5:$C$68=$B79)*$P$5:$P$68),IFERROR(SUMPRODUCT(($D$5:$D$68=$B79)*U$5:U$68,$P$5:$P$68)/SUM(($D$5:$D$68=$B79)*$P$5:$P$68),SUMPRODUCT(($E$5:$E$68=$B79)*U$5:U$68,$P$5:$P$68)/SUM(($E$5:$E$68=$B79)*$P$5:$P$68))))} -> 0.66884535 | V79: {=IFERROR(SUMPRODUCT(($B$5:$B$68=$B79)*V$5:V$68,$P$5:$P$68)/SUM(($B$5:$B$68=$B79)*$P$5:$P$68),IFERROR(SUMPRODUCT(($C$5:$C$68=$B79)*V$5:V$68,$P$5:$P$68)/SUM(($C$5:$C$68=$B79)*$P$5:$P$68),IFERROR(SUMPRODUCT(($D$5:$D$68=$B79)*V$5:V$68,$P$5:$P$68)/SUM(($D$5:$D$68=$B79)*$P$5:$P$68),SUMPRODUCT(($E$5:$E$68=$B79)*V$5:V$68,$P$5:$P$68)/SUM(($E$5:$E$68=$B79)*$P$5:$P$68))))} -> 0.58742625
A80: Ceramics [WA] | B80: Ceramics | G80: {=IFERROR(SUMPRODUCT(($B$5:$B$68=$B80)*G$5:G$68,$H$5:$H$68)/SUM(($B$5:$B$68=$B80)*$H$5:$H$68),IFERROR(SUMPRODUCT(($C$5:$C$68=$B80)*G$5:G$68,$H$5:$H$68)/SUM(($C$5:$C$68=$B80)*$H$5:$H$68),IFERROR(SUMPRODUCT(($D$5:$D$68=$B80)*G$5:G$68,$H$5:$H$68)/SUM(($D$5:$D$68=$B80)*$H$5:$H$68),SUMPRODUCT(($E$5:$E$68=$B80)*G$5:G$68,$H$5:$H$68)/SUM(($E$5:$E$68=$B80)*$H$5:$H$68))))} -> 0.12876363 | J80: {=IFERROR(SUMPRODUCT(($B$5:$B$68=$B80)*J$5:J$68,$K$5:$K$68)/SUM(($B$5:$B$68=$B80)*$K$5:$K$68),IFERROR(SUMPRODUCT(($C$5:$C$68=$B80)*J$5:J$68,$K$5:$K$68)/SUM(($C$5:$C$68=$B80)*$K$5:$K$68),IFERROR(SUMPRODUCT(($D$5:$D$68=$B80)*J$5:J$68,$K$5:$K$68)/SUM(($D$5:$D$68=$B80)*$K$5:$K$68),SUMPRODUCT(($E$5:$E$68=$B80)*J$5:J$68,$K$5:$K$68)/SUM(($E$5:$E$68=$B80)*$K$5:$K$68))))} -> 0.095090361 | Q80: =J80/SUM(R80:S80)*1000 -> 30.926905 | R80: {=IFERROR(SUMPRODUCT(($B$5:$B$68=$B80)*R$5:R$68,$P$5:$P$68)/SUM(($B$5:$B$68=$B80)*$P$5:$P$68),IFERROR(SUMPRODUCT(($C$5:$C$68=$B80)*R$5:R$68,$P$5:$P$68)/SUM(($C$5:$C$68=$B80)*$P$5:$P$68),IFERROR(SUMPRODUCT(($D$5:$D$68=$B80)*R$5:R$68,$P$5:$P$68)/SUM(($D$5:$D$68=$B80)*$P$5:$P$68),SUMPRODUCT(($E$5:$E$68=$B80)*R$5:R$68,$P$5:$P$68)/SUM(($E$5:$E$68=$B80)*$P$5:$P$68))))} -> 3.0746808 | S80: {=IFERROR(SUMPRODUCT(($B$5:$B$68=$B80)*S$5:S$68,$P$5:$P$68)/SUM(($B$5:$B$68=$B80)*$P$5:$P$68),IFERROR(SUMPRODUCT(($C$5:$C$68=$B80)*S$5:S$68,$P$5:$P$68)/SUM(($C$5:$C$68=$B80)*$P$5:$P$68),IFERROR(SUMPRODUCT(($D$5:$D$68=$B80)*S$5:S$68,$P$5:$P$68)/SUM(($D$5:$D$68=$B80)*$P$5:$P$68),SUMPRODUCT(($E$5:$E$68=$B80)*S$5:S$68,$P$5:$P$68)/SUM(($E$5:$E$68=$B80)*$P$5:$P$68))))} -> 0 | U80: {=IFERROR(SUMPRODUCT(($B$5:$B$68=$B80)*U$5:U$68,$P$5:$P$68)/SUM(($B$5:$B$68=$B80)*$P$5:$P$68),IFERROR(SUMPRODUCT(($C$5:$C$68=$B80)*U$5:U$68,$P$5:$P$68)/SUM(($C$5:$C$68=$B80)*$P$5:$P$68),IFERROR(SUMPRODUCT(($D$5:$D$68=$B80)*U$5:U$68,$P$5:$P$68)/SUM(($D$5:$D$68=$B80)*$P$5:$P$68),SUMPRODUCT(($E$5:$E$68=$B80)*U$5:U$68,$P$5:$P$68)/SUM(($E$5:$E$68=$B80)*$P$5:$P$68))))} -> 0.66884535 | V80: {=IFERROR(SUMPRODUCT(($B$5:$B$68=$B80)*V$5:V$68,$P$5:$P$68)/SUM(($B$5:$B$68=$B80)*$P$5:$P$68),IFERROR(SUMPRODUCT(($C$5:$C$68=$B80)*V$5:V$68,$P$5:$P$68)/SUM(($C$5:$C$68=$B80)*$P$5:$P$68),IFERROR(SUMPRODUCT(($D$5:$D$68=$B80)*V$5:V$68,$P$5:$P$68)/SUM(($D$5:$D$68=$B80)*$P$5:$P$68),SUMPRODUCT(($E$5:$E$68=$B80)*V$5:V$68,$P$5:$P$68)/SUM(($E$5:$E$68=$B80)*$P$5:$P$68))))} -> 0.58742625
A81: Plaster, Gypsum and Plasterboard [WA] | B81: Plaster | G81: {=IFERROR(SUMPRODUCT(($B$5:$B$68=$B81)*G$5:G$68,$H$5:$H$68)/SUM(($B$5:$B$68=$B81)*$H$5:$H$68),IFERROR(SUMPRODUCT(($C$5:$C$68=$B81)*G$5:G$68,$H$5:$H$68)/SUM(($C$5:$C$68=$B81)*$H$5:$H$68),IFERROR(SUMPRODUCT(($D$5:$D$68=$B81)*G$5:G$68,$H$5:$H$68)/SUM(($D$5:$D$68=$B81)*$H$5:$H$68),SUMPRODUCT(($E$5:$E$68=$B81)*G$5:G$68,$H$5:$H$68)/SUM(($E$5:$E$68=$B81)*$H$5:$H$68))))} -> 0.035629027 | J81: {=IFERROR(SUMPRODUCT(($B$5:$B$68=$B81)*J$5:J$68,$K$5:$K$68)/SUM(($B$5:$B$68=$B81)*$K$5:$K$68),IFERROR(SUMPRODUCT(($C$5:$C$68=$B81)*J$5:J$68,$K$5:$K$68)/SUM(($C$5:$C$68=$B81)*$K$5:$K$68),IFERROR(SUMPRODUCT(($D$5:$D$68=$B81)*J$5:J$68,$K$5:$K$68)/SUM(($D$5:$D$68=$B81)*$K$5:$K$68),SUMPRODUCT(($E$5:$E$68=$B81)*J$5:J$68,$K$5:$K$68)/SUM(($E$5:$E$68=$B81)*$K$5:$K$68))))} -> 0.031972107 | Q81: =J81/SUM(R81:S81)*1000 -> 29.603802 | R81: {=IFERROR(SUMPRODUCT(($B$5:$B$68=$B81)*R$5:R$68,$P$5:$P$68)/SUM(($B$5:$B$68=$B81)*$P$5:$P$68),IFERROR(SUMPRODUCT(($C$5:$C$68=$B81)*R$5:R$68,$P$5:$P$68)/SUM(($C$5:$C$68=$B81)*$P$5:$P$68),IFERROR(SUMPRODUCT(($D$5:$D$68=$B81)*R$5:R$68,$P$5:$P$68)/SUM(($D$5:$D$68=$B81)*$P$5:$P$68),SUMPRODUCT(($E$5:$E$68=$B81)*R$5:R$68,$P$5:$P$68)/SUM(($E$5:$E$68=$B81)*$P$5:$P$68))))} -> 1.08 | S81: {=IFERROR(SUMPRODUCT(($B$5:$B$68=$B81)*S$5:S$68,$P$5:$P$68)/SUM(($B$5:$B$68=$B81)*$P$5:$P$68),IFERROR(SUMPRODUCT(($C$5:$C$68=$B81)*S$5:S$68,$P$5:$P$68)/SUM(($C$5:$C$68=$B81)*$P$5:$P$68),IFERROR(SUMPRODUCT(($D$5:$D$68=$B81)*S$5:S$68,$P$5:$P$68)/SUM(($D$5:$D$68=$B81)*$P$5:$P$68),SUMPRODUCT(($E$5:$E$68=$B81)*S$5:S$68,$P$5:$P$68)/SUM(($E$5:$E$68=$B81)*$P$5:$P$68))))} -> 0 | U81: {=IFERROR(SUMPRODUCT(($B$5:$B$68=$B81)*U$5:U$68,$P$5:$P$68)/SUM(($B$5:$B$68=$B81)*$P$5:$P$68),IFERROR(SUMPRODUCT(($C$5:$C$68=$B81)*U$5:U$68,$P$5:$P$68)/SUM(($C$5:$C$68=$B81)*$P$5:$P$68),IFERROR(SUMPRODUCT(($D$5:$D$68=$B81)*U$5:U$68,$P$5:$P$68)/SUM(($D$5:$D$68=$B81)*$P$5:$P$68),SUMPRODUCT(($E$5:$E$68=$B81)*U$5:U$68,$P$5:$P$68)/SUM(($E$5:$E$68=$B81)*$P$5:$P$68))))} -> 0.66884535 | V81: {=IFERROR(SUMPRODUCT(($B$5:$B$68=$B81)*V$5:V$68,$P$5:$P$68)/SUM(($B$5:$B$68=$B81)*$P$5:$P$68),IFERROR(SUMPRODUCT(($C$5:$C$68=$B81)*V$5:V$68,$P$5:$P$68)/SUM(($C$5:$C$68=$B81)*$P$5:$P$68),IFERROR(SUMPRODUCT(($D$5:$D$68=$B81)*V$5:V$68,$P$5:$P$68)/SUM(($D$5:$D$68=$B81)*$P$5:$P$68),SUMPRODUCT(($E$5:$E$68=$B81)*V$5:V$68,$P$5:$P$68)/SUM(($E$5:$E$68=$B81)*$P$5:$P$68))))} -> 0.58742625
... A89: Pulp & Paper [WA] | B89: Pulp and Paper | G89: {=IFERROR(SUMPRODUCT(($B$5:$B$68=$B89)*G$5:G$68,$H$5:$H$68)/SUM(($B$5:$B$68=$B89)*$H$5:$H$68),IFERROR(SUMPRODUCT(($C$5:$C$68=$B89)*G$5:G$68,$H$5:$H$68)/SUM(($C$5:$C$68=$B89)*$H$5:$H$68),IFERROR(SUMPRODUCT(($D$5:$D$68=$B89)*G$5:G$68,$H$5:$H$68)/SUM(($D$5:$D$68=$B89)*$H$5:$H$68),SUMPRODUCT(($E$5:$E$68=$B89)*G$5:G$68,$H$5:$H$68)/SUM(($E$5:$E$68=$B89)*$H$5:$H$68))))} -> 0.19771476 | J89: {=IFERROR(SUMPRODUCT(($B$5:$B$68=$B89)*J$5:J$68,$K$5:$K$68)/SUM(($B$5:$B$68=$B89)*$K$5:$K$68),IFERROR(SUMPRODUCT(($C$5:$C$68=$B89)*J$5:J$68,$K$5:$K$68)/SUM(($C$5:$C$68=$B89)*$K$5:$K$68),IFERROR(SUMPRODUCT(($D$5:$D$68=$B89)*J$5:J$68,$K$5:$K$68)/SUM(($D$5:$D$68=$B89)*$K$5:$K$68),SUMPRODUCT(($E$5:$E$68=$B89)*J$5:J$68,$K$5:$K$68)/SUM(($E$5:$E$68=$B89)*$K$5:$K$68))))} -> 0.20319124 | Q89: =J89/SUM(R89:S89)*1000 -> 40.955553 | R89: {=IFERROR(SUMPRODUCT(($B$5:$B$68=$B89)*R$5:R$68,$P$5:$P$68)/SUM(($B$5:$B$68=$B89)*$P$5:$P$68),IFERROR(SUMPRODUCT(($C$5:$C$68=$B89)*R$5:R$68,$P$5:$P$68)/SUM(($C$5:$C$68=$B89)*$P$5:$P$68),IFERROR(SUMPRODUCT(($D$5:$D$68=$B89)*R$5:R$68,$P$5:$P$68)/SUM(($D$5:$D$68=$B89)*$P$5:$P$68),SUMPRODUCT(($E$5:$E$68=$B89)*R$5:R$68,$P$5:$P$68)/SUM(($E$5:$E$68=$B89)*$P$5:$P$68))))} -> 4.9612622 | S89: {=IFERROR(SUMPRODUCT(($B$5:$B$68=$B89)*S$5:S$68,$P$5:$P$68)/SUM(($B$5:$B$68=$B89)*$P$5:$P$68),IFERROR(SUMPRODUCT(($C$5:$C$68=$B89)*S$5:S$68,$P$5:$P$68)/SUM(($C$5:$C$68=$B89)*$P$5:$P$68),IFERROR(SUMPRODUCT(($D$5:$D$68=$B89)*S$5:S$68,$P$5:$P$68)/SUM(($D$5:$D$68=$B89)*$P$5:$P$68),SUMPRODUCT(($E$5:$E$68=$B89)*S$5:S$68,$P$5:$P$68)/SUM(($E$5:$E$68=$B89)*$P$5:$P$68))))} -> 0 | U89: {=IFERROR(SUMPRODUCT(($B$5:$B$68=$B89)*U$5:U$68,$P$5:$P$68)/SUM(($B$5:$B$68=$B89)*$P$5:$P$68),IFERROR(SUMPRODUCT(($C$5:$C$68=$B89)*U$5:U$68,$P$5:$P$68)/SUM(($C$5:$C$68=$B89)*$P$5:$P$68),IFERROR(SUMPRODUCT(($D$5:$D$68=$B89)*U$5:U$68,$P$5:$P$68)/SUM(($D$5:$D$68=$B89)*$P$5:$P$68),SUMPRODUCT(($E$5:$E$68=$B89)*U$5:U$68,$P$5:$P$68)/SUM(($E$5:$E$68=$B89)*$P$5:$P$68))))} -> 0.81657744 | V89: {=IFERROR(SUMPRODUCT(($B$5:$B$68=$B89)*V$5:V$68,$P$5:$P$68)/SUM(($B$5:$B$68=$B89)*$P$5:$P$68),IFERROR(SUMPRODUCT(($C$5:$C$68=$B89)*V$5:V$68,$P$5:$P$68)/SUM(($C$5:$C$68=$B89)*$P$5:$P$68),IFERROR(SUMPRODUCT(($D$5:$D$68=$B89)*V$5:V$68,$P$5:$P$68)/SUM(($D$5:$D$68=$B89)*$P$5:$P$68),SUMPRODUCT(($E$5:$E$68=$B89)*V$5:V$68,$P$5:$P$68)/SUM(($E$5:$E$68=$B89)*$P$5:$P$68))))} -> 0.94441453

Sheet Allocation
A1: activity_type | B1: description | C1: nace_level2 | D1: Sector | E1: Industry | F1: Freq | G1: ETS BM Reference | H1: BM | I1: BM_AL | J1: fuel | K1: feedstock | L1: key | M1: Index_2030 | N1: Index_2050
A2: Combustion installations with a rated thermal input exceeding 20 MW | B2: Aluminium production | C2: Basic metals | D2: Non-ferrous metals | E2: Aluminium | F2: 4 | G2: [Primary] Aluminium | H2: =INDEX('Data sources'!G:G,MATCH(G2,'Data sources'!A:A,0),1) -> 1.641 | I2: =INDEX('Data sources'!J:J,MATCH(G2,'Data sources'!A:A,0),1) -> 1.464 | J2: =INDEX('Data sources'!R:R,MATCH(G2,'Data sources'!A:A,0),1) -> 12.024 | K2: =INDEX('Data sources'!S:S,MATCH(G2,'Data sources'!A:A,0),1) -> 0 | L2: =IF(B2="",A2,A2&"_"&B2) -> Combustion installations with a rated thermal input exceeding 20 MW_Aluminium production | M2: =INDEX('Data sources'!U:U,MATCH($G2,'Data sources'!$A:$A,0),1) -> 0.83923856 | N2: =INDEX('Data sources'!V:V,MATCH($G2,'Data sources'!$A:$A,0),1) -> 0.99183493
A3: Combustion installations with a rated thermal input exceeding 20 MW | B3: Manufacture of cement | C3: Non-metallic mineral products | D3: Non-metallic minerals | E3: Cement | F3: 1 | G3: Cement [WA] | H3: =INDEX('Data sources'!G:G,MATCH(G3,'Data sources'!A:A,0),1) -> 0.81745071 | I3: =INDEX('Data sources'!J:J,MATCH(G3,'Data sources'!A:A,0),1) -> 0.6991394 | J3: =INDEX('Data sources'!R:R,MATCH(G3,'Data sources'!A:A,0),1) -> 4.32 | K3: =INDEX('Data sources'!S:S,MATCH(G3,'Data sources'!A:A,0),1) -> 0 | L3: =IF(B3="",A3,A3&"_"&B3) -> Combustion installations with a rated thermal input exceeding 20 MW_Manufacture of cement | M3: =INDEX('Data sources'!U:U,MATCH($G3,'Data sources'!$A:$A,0),1) -> 0.66884535 | N3: =INDEX('Data sources'!V:V,MATCH($G3,'Data sources'!$A:$A,0),1) -> 0.58742625
A4: Combustion installations with a rated thermal input exceeding 20 MW | B4: Manufacture of concrete products for construction purposes | C4: Non-metallic mineral products | D4: Non-metallic minerals | E4: Cement | F4: 1 | G4: Cement [WA] | H4: =INDEX('Data sources'!G:G,MATCH(G4,'Data sources'!A:A,0),1) -> 0.81745071 | I4: =INDEX('Data sources'!J:J,MATCH(G4,'Data sources'!A:A,0),1) -> 0.6991394 | J4: =INDEX('Data sources'!R:R,MATCH(G4,'Data sources'!A:A,0),1) -> 4.32 | K4: =INDEX('Data sources'!S:S,MATCH(G4,'Data sources'!A:A,0),1) -> 0 | L4: =IF(B4="",A4,A4&"_"&B4) -> Combustion installations with a rated thermal input exceeding 20 MW_Manufacture of concrete products for construction purposes | M4: =INDEX('Data sources'!U:U,MATCH($G4,'Data sources'!$A:$A,0),1) -> 0.66884535 | N4: =INDEX('Data sources'!V:V,MATCH($G4,'Data sources'!$A:$A,0),1) -> 0.58742625
A5: Combustion installations with a rated thermal input exceeding 20 MW | B5: Manufacture of fibre cement | C5: Non-metallic mineral products | D5: Non-metallic minerals | E5: Cement | F5: 1 | G5: Cement [WA] | H5: =INDEX('Data sources'!G:G,MATCH(G5,'Data sources'!A:A,0),1) -> 0.81745071 | I5: =INDEX('Data sources'!J:J,MATCH(G5,'Data sources'!A:A,0),1) -> 0.6991394 | J5: =INDEX('Data sources'!R:R,MATCH(G5,'Data sources'!A:A,0),1) -> 4.32 | K5: =INDEX('Data sources'!S:S,MATCH(G5,'Data sources'!A:A,0),1) -> 0 | L5: =IF(B5="",A5,A5&"_"&B5) -> Combustion installations with a rated thermal input exceeding 20 MW_Manufacture of fibre cement | M5: =INDEX('Data sources'!U:U,MATCH($G5,'Data sources'!$A:$A,0),1) -> 0.66884535 | N5: =INDEX('Data sources'!V:V,MATCH($G5,'Data sources'!$A:$A,0),1) -> 0.58742625
A6: Combustion installations with a rated thermal input exceeding 20 MW | B6: Manufacture of bricks, tiles and construction products, in baked clay | C6: Non-metallic mineral products | D6: Non-metallic minerals | E6: Ceramics | F6: 3 | G6: Ceramics [WA] | H6: =INDEX('Data sources'!G:G,MATCH(G6,'Data sources'!A:A,0),1) -> 0.12876363 | I6: =INDEX('Data sources'!J:J,MATCH(G6,'Data sources'!A:A,0),1) -> 0.095090361 | J6: =INDEX('Data sources'!R:R,MATCH(G6,'Data sources'!A:A,0),1) -> 3.0746808 | K6: =INDEX('Data sources'!S:S,MATCH(G6,'Data sources'!A:A,0),1) -> 0 | L6: =IF(B6="",A6,A6&"_"&B6) -> Combustion installations with a rated thermal input exceeding 20 MW_Manufacture of bricks, tiles and construction products, in baked clay | M6: =INDEX('Data sources'!U:U,MATCH($G6,'Data sources'!$A:$A,0),1) -> 0.66884535 | N6: =INDEX('Data sources'!V:V,MATCH($G6,'Data sources'!$A:$A,0),1) -> 0.58742625
A7: Combustion installations with a rated thermal input exceeding 20 MW | B7: Manufacture of ceramic household and ornamental articles | C7: Non-metallic mineral products | D7: Non-metallic minerals | E7: Ceramics | F7: 4 | G7: Ceramics [WA] | H7: =INDEX('Data sources'!G:G,MATCH(G7,'Data sources'!A:A,0),1) -> 0.12876363 | I7: =INDEX('Data sources'!J:J,MATCH(G7,'Data sources'!A:A,0),1) -> 0.095090361 | J7: =INDEX('Data sources'!R:R,MATCH(G7,'Data sources'!A:A,0),1) -> 3.0746808 | K7: =INDEX('Data sources'!S:S,MATCH(G7,'Data sources'!A:A,0),1) -> 0 | L7: =IF(B7="",A7,A7&"_"&B7) -> Combustion installations with a rated thermal input exceeding 20 MW_Manufacture of ceramic household and ornamental articles | M7: =INDEX('Data sources'!U:U,MATCH($G7,'Data sources'!$A:$A,0),1) -> 0.66884535 | N7: =INDEX('Data sources'!V:V,MATCH($G7,'Data sources'!$A:$A,0),1) -> 0.58742625
A8: Combustion installations with a rated thermal input exceeding 20 MW | B8: Manufacture of ceramic sanitary fixtures | C8: Non-metallic mineral products | D8: Non-metallic minerals | E8: Ceramics | F8: 1 | G8: Ceramics [WA] | H8: =INDEX('Data sources'!G:G,MATCH(G8,'Data sources'!A:A,0),1) -> 0.12876363 | I8: =INDEX('Data sources'!J:J,MATCH(G8,'Data sources'!A:A,0),1) -> 0.095090361 | J8: =INDEX('Data sources'!R:R,MATCH(G8,'Data sources'!A:A,0),1) -> 3.0746808 | K8: =INDEX('Data sources'!S:S,MATCH(G8,'Data sources'!A:A,0),1) -> 0 | L8: =IF(B8="",A8,A8&"_"&B8) -> Combustion installations with a rated thermal input exceeding 20 MW_Manufacture of ceramic sanitary fixtures | M8: =INDEX('Data sources'!U:U,MATCH($G8,'Data sources'!$A:$A,0),1) -> 0.66884535 | N8: =INDEX('Data sources'!V:V,MATCH($G8,'Data sources'!$A:$A,0),1) -> 0.58742625
A9: Combustion installations with a rated thermal input exceeding 20 MW | B9: Manufacture of other porcelain and ceramic products | C9: Non-metallic mineral products | D9: Non-metallic minerals | E9: Ceramics | F9: 1 | G9: Ceramics [WA] | H9: =INDEX('Data sources'!G:G,MATCH(G9,'Data sources'!A:A,0),1) -> 0.12876363 | I9: =INDEX('Data sources'!J:J,MATCH(G9,'Data sources'!A:A,0),1) -> 0.095090361 | J9: =INDEX('Data sources'!R:R,MATCH(G9,'Data sources'!A:A,0),1) -> 3.0746808 | K9: =INDEX('Data sources'!S:S,MATCH(G9,'Data sources'!A:A,0),1) -> 0 | L9: =IF(B9="",A9,A9&"_"&B9) -> Combustion installations with a rated thermal input exceeding 20 MW_Manufacture of other porcelain and ceramic products | M9: =INDEX('Data sources'!U:U,MATCH($G9,'Data sources'!$A:$A,0),1) -> 0.66884535 | N9: =INDEX('Data sources'!V:V,MATCH($G9,'Data sources'!$A:$A,0),1) -> 0.58742625
A10: Combustion installations with a rated thermal input exceeding 20 MW | B10: Production of abrasive products | C10: Non-metallic mineral products | D10: Non-metallic minerals | E10: Ceramics | F10: 1 | G10: Ceramics [WA] | H10: =INDEX('Data sources'!G:G,MATCH(G10,'Data sources'!A:A,0),1) -> 0.12876363 | I10: =INDEX('Data sources'!J:J,MATCH(G10,'Data sources'!A:A,0),1) -> 0.095090361 | J10: =INDEX('Data sources'!R:R,MATCH(G10,'Data sources'!A:A,0),1) -> 3.0746808 | K10: =INDEX('Data sources'!S:S,MATCH(G10,'Data sources'!A:A,0),1) -> 0 | L10: =IF(B10="",A10,A10&"_"&B10) -> Combustion installations with a rated thermal input exceeding 20 MW_Production of abrasive products | M10: =INDEX('Data sources'!U:U,MATCH($G10,'Data sources'!$A:$A,0),1) -> 0.66884535 | N10: =INDEX('Data sources'!V:V,MATCH($G10,'Data sources'!$A:$A,0),1) -> 0.58742625
A11: Combustion installations with a rated thermal input exceeding 20 MW | B11: Manufacture of basic pharmaceutical products | C11: Pharmaceuticals | D11: Chemicals | E11: Pharmaceuticals | F11: 1 | G11: Chemicals [Acids and Ethylenoxid/Ethylenglykol subset, WA] | H11: =INDEX('Data sources'!G:G,MATCH(G11,'Data sources'!A:A,0),1) -> 0.38529468 | I11: =INDEX('Data sources'!J:J,MATCH(G11,'Data sources'!A:A,0),1) -> 0.65015695 | J11: =INDEX('Data sources'!R:R,MATCH(G11,'Data sources'!A:A,0),1) -> 0.99664158 | K11: =INDEX('Data sources'!S:S,MATCH(G11,'Data sources'!A:A,0),1) -> 5.224939 | L11: =IF(B11="",A11,A11&"_"&B11) -> Combustion installations with a rated thermal input exceeding 20 MW_Manufacture of basic pharmaceutical products | M11: =INDEX('Data sources'!U:U,MATCH($G11,'Data sources'!$A:$A,0),1) -> 0.84137119 | N11: =INDEX('Data sources'!V:V,MATCH($G11,'Data sources'!$A:$A,0),1) -> 0.86357922
A12: Combustion installations with a rated thermal input exceeding 20 MW | B12: Manufacture of dyes and pigments | C12: Chemicals | D12: Chemicals | E12: Chemicals | F12: 1 | G12: Chemicals [WA] | H12: =INDEX('Data sources'!G:G,MATCH(G12,'Data sources'!A:A,0),1) -> 1.1838611 | I12: =INDEX('Data sources'!J:J,MATCH(G12,'Data sources'!A:A,0),1) -> 1.0013516 | J12: =INDEX('Data sources'!R:R,MATCH(G12,'Data sources'!A:A,0),1) -> 2.6802341 | K12: =INDEX('Data sources'!S:S,MATCH(G12,'Data sources'!A:A,0),1) -> 27.108503 | L12: =IF(B12="",A12,A12&"_"&B12) -> Combustion installations with a rated thermal input exceeding 20 MW_Manufacture of dyes and pigments | M12: =INDEX('Data sources'!U:U,MATCH($G12,'Data sources'!$A:$A,0),1) -> 0.84137119 | N12: =INDEX('Data sources'!V:V,MATCH($G12,'Data sources'!$A:$A,0),1) -> 0.86357922
A13: Combustion installations with a rated thermal input exceeding 20 MW | B13: Manufacture of industrial gases | C13: Chemicals | D13: Chemicals | E13: Chemicals | F13: 3 | G13: Hydrogen and synthetic gas [WA] | H13: =INDEX('Data sources'!G:G,MATCH(G13,'Data sources'!A:A,0),1) -> 8.4591606 | I13: =INDEX('Data sources'!J:J,MATCH(G13,'Data sources'!A:A,0),1) -> 6.4483962 | J13: =INDEX('Data sources'!R:R,MATCH(G13,'Data sources'!A:A,0),1) -> 0 | K13: =INDEX('Data sources'!S:S,MATCH(G13,'Data sources'!A:A,0),1) -> 120.04802 | L13: =IF(B13="",A13,A13&"_"&B13) -> Combustion installations with a rated thermal input exceeding 20 MW_Manufacture of industrial gases | M13: =INDEX('Data sources'!U:U,MATCH($G13,'Data sources'!$A:$A,0),1) -> 0.84137119 | N13: =INDEX('Data sources'!V:V,MATCH($G13,'Data sources'!$A:$A,0),1) -> 0.86357922
... A106: Combustion installations with a rated thermal input exceeding 20 MW | B106: Manufacture of plastic plates, sheets, tubes and profiles | C106: Rubber & plastic | D106: Chemicals | E106: Chemicals | F106: 4 | G106: Chemicals [WA, Plastics subset] | H106: =INDEX('Data sources'!G:G,MATCH(G106,'Data sources'!A:A,0),1) -> 0.49494039 | I106: =INDEX('Data sources'!J:J,MATCH(G106,'Data sources'!A:A,0),1) -> 0.76276347 | J106: =INDEX('Data sources'!R:R,MATCH(G106,'Data sources'!A:A,0),1) -> 6.0728236 | K106: =INDEX('Data sources'!S:S,MATCH(G106,'Data sources'!A:A,0),1) -> 0 | L106: =IF(B106="",A106,A106&"_"&B106) -> Combustion installations with a rated thermal input exceeding 20 MW_Manufacture of plastic plates, sheets, tubes and profiles | M106: =INDEX('Data sources'!U:U,MATCH($G106,'Data sources'!$A:$A,0),1) -> 0.84137119 | N106: =INDEX('Data sources'!V:V,MATCH($G106,'Data sources'!$A:$A,0),1) -> 0.86357922
A107: Combustion installations with a rated thermal input exceeding 20 MW | D107: Other | E107: Other combustion | G107: Fuel Benchmark | H107: =INDEX('Data sources'!G:G,MATCH(G107,'Data sources'!A:A,0),1) -> 0.0579 | I107: =INDEX('Data sources'!J:J,MATCH(G107,'Data sources'!A:A,0),1) -> 0.0426 | J107: =INDEX('Data sources'!R:R,MATCH(G107,'Data sources'!A:A,0),1) -> 1 | K107: =INDEX('Data sources'!S:S,MATCH(G107,'Data sources'!A:A,0),1) -> 0 | L107: =IF(B107="",A107,A107&"_"&B107) -> Combustion installations with a rated thermal input exceeding 20 MW | M107: =INDEX('Data sources'!U:U,MATCH($G107,'Data sources'!$A:$A,0),1) -> 0.78416348 | N107: =INDEX('Data sources'!V:V,MATCH($G107,'Data sources'!$A:$A,0),1) -> 0.7253514
A108: Combustion of fuels | B108: Aluminium production | C108: Basic metals | D108: Non-ferrous metals | E108: Aluminium | F108: 8 | G108: [Primary] Aluminium | H108: =INDEX('Data sources'!G:G,MATCH(G108,'Data sources'!A:A,0),1) -> 1.641 | I108: =INDEX('Data sources'!J:J,MATCH(G108,'Data sources'!A:A,0),1) -> 1.464 | J108: =INDEX('Data sources'!R:R,MATCH(G108,'Data sources'!A:A,0),1) -> 12.024 | K108: =INDEX('Data sources'!S:S,MATCH(G108,'Data sources'!A:A,0),1) -> 0 | L108: =IF(B108="",A108,A108&"_"&B108) -> Combustion of fuels_Aluminium production | M108: =INDEX('Data sources'!U:U,MATCH($G108,'Data sources'!$A:$A,0),1) -> 0.83923856 | N108: =INDEX('Data sources'!V:V,MATCH($G108,'Data sources'!$A:$A,0),1) -> 0.99183493
A109: Combustion of fuels | B109: Manufacture of cement | C109: Non-metallic mineral products | D109: Non-metallic minerals | E109: Cement | F109: 1 | G109: Cement [WA] | H109: =INDEX('Data sources'!G:G,MATCH(G109,'Data sources'!A:A,0),1) -> 0.81745071 | I109: =INDEX('Data sources'!J:J,MATCH(G109,'Data sources'!A:A,0),1) -> 0.6991394 | J109: =INDEX('Data sources'!R:R,MATCH(G109,'Data sources'!A:A,0),1) -> 4.32 | K109: =INDEX('Data sources'!S:S,MATCH(G109,'Data sources'!A:A,0),1) -> 0 | L109: =IF(B109="",A109,A109&"_"&B109) -> Combustion of fuels_Manufacture of cement | M109: =INDEX('Data sources'!U:U,MATCH($G109,'Data sources'!$A:$A,0),1) -> 0.66884535 | N109: =INDEX('Data sources'!V:V,MATCH($G109,'Data sources'!$A:$A,0),1) -> 0.58742625
A110: Combustion of fuels | B110: Manufacture of concrete products for construction purposes | C110: Non-metallic mineral products | D110: Non-metallic minerals | E110: Cement | F110: 2 | G110: Cement [WA] | H110: =INDEX('Data sources'!G:G,MATCH(G110,'Data sources'!A:A,0),1) -> 0.81745071 | I110: =INDEX('Data sources'!J:J,MATCH(G110,'Data sources'!A:A,0),1) -> 0.6991394 | J110: =INDEX('Data sources'!R:R,MATCH(G110,'Data sources'!A:A,0),1) -> 4.32 | K110: =INDEX('Data sources'!S:S,MATCH(G110,'Data sources'!A:A,0),1) -> 0 | L110: =IF(B110="",A110,A110&"_"&B110) -> Combustion of fuels_Manufacture of concrete products for construction purposes | M110: =INDEX('Data sources'!U:U,MATCH($G110,'Data sources'!$A:$A,0),1) -> 0.66884535 | N110: =INDEX('Data sources'!V:V,MATCH($G110,'Data sources'!$A:$A,0),1) -> 0.58742625
A111: Combustion of fuels | B111: Manufacture of fibre cement | C111: Non-metallic mineral products | D111: Non-metallic minerals | E111: Cement | F111: 2 | G111: Cement [WA] | H111: =INDEX('Data sources'!G:G,MATCH(G111,'Data sources'!A:A,0),1) -> 0.81745071 | I111: =INDEX('Data sources'!J:J,MATCH(G111,'Data sources'!A:A,0),1) -> 0.6991394 | J111: =INDEX('Data sources'!R:R,MATCH(G111,'Data sources'!A:A,0),1) -> 4.32 | K111: =INDEX('Data sources'!S:S,MATCH(G111,'Data sources'!A:A,0),1) -> 0 | L111: =IF(B111="",A111,A111&"_"&B111) -> Combustion of fuels_Manufacture of fibre cement | M111: =INDEX('Data sources'!U:U,MATCH($G111,'Data sources'!$A:$A,0),1) -> 0.66884535 | N111: =INDEX('Data sources'!V:V,MATCH($G111,'Data sources'!$A:$A,0),1) -> 0.58742625
A112: Combustion of fuels | B112: Manufacture of bricks, tiles and construction products, in baked clay | C112: Non-metallic mineral products | D112: Non-metallic minerals | E112: Ceramics | F112: 2 | G112: Ceramics [WA] | H112: =INDEX('Data sources'!G:G,MATCH(G112,'Data sources'!A:A,0),1) -> 0.12876363 | I112: =INDEX('Data sources'!J:J,MATCH(G112,'Data sources'!A:A,0),1) -> 0.095090361 | J112: =INDEX('Data sources'!R:R,MATCH(G112,'Data sources'!A:A,0),1) -> 3.0746808 | K112: =INDEX('Data sources'!S:S,MATCH(G112,'Data sources'!A:A,0),1) -> 0 | L112: =IF(B112="",A112,A112&"_"&B112) -> Combustion of fuels_Manufacture of bricks, tiles and construction products, in baked clay | M112: =INDEX('Data sources'!U:U,MATCH($G112,'Data sources'!$A:$A,0),1) -> 0.66884535 | N112: =INDEX('Data sources'!V:V,MATCH($G112,'Data sources'!$A:$A,0),1) -> 0.58742625
A113: Combustion of fuels | B113: Manufacture of ceramic insulators and insulating fittings | C113: Non-metallic mineral products | D113: Non-metallic minerals | E113: Ceramics | F113: 1 | G113: Ceramics [WA] | H113: =INDEX('Data sources'!G:G,MATCH(G113,'Data sources'!A:A,0),1) -> 0.12876363 | I113: =INDEX('Data sources'!J:J,MATCH(G113,'Data sources'!A:A,0),1) -> 0.095090361 | J113: =INDEX('Data sources'!R:R,MATCH(G113,'Data sources'!A:A,0),1) -> 3.0746808 | K113: =INDEX('Data sources'!S:S,MATCH(G113,'Data sources'!A:A,0),1) -> 0 | L113: =IF(B113="",A113,A113&"_"&B113) -> Combustion of fuels_Manufacture of ceramic insulators and insulating fittings | M113: =INDEX('Data sources'!U:U,MATCH($G113,'Data sources'!$A:$A,0),1) -> 0.66884535 | N113: =INDEX('Data sources'!V:V,MATCH($G113,'Data sources'!$A:$A,0),1) -> 0.58742625
A114: Combustion of fuels | B114: Manufacture of ceramic sanitary fixtures | C114: Non-metallic mineral products | D114: Non-metallic minerals | E114: Ceramics | F114: 1 | G114: Ceramics [WA] | H114: =INDEX('Data sources'!G:G,MATCH(G114,'Data sources'!A:A,0),1) -> 0.12876363 | I114: =INDEX('Data sources'!J:J,MATCH(G114,'Data sources'!A:A,0),1) -> 0.095090361 | J114: =INDEX('Data sources'!R:R,MATCH(G114,'Data sources'!A:A,0),1) -> 3.0746808 | K114: =INDEX('Data sources'!S:S,MATCH(G114,'Data sources'!A:A,0),1) -> 0 | L114: =IF(B114="",A114,A114&"_"&B114) -> Combustion of fuels_Manufacture of ceramic sanitary fixtures | M114: =INDEX('Data sources'!U:U,MATCH($G114,'Data sources'!$A:$A,0),1) -> 0.66884535 | N114: =INDEX('Data sources'!V:V,MATCH($G114,'Data sources'!$A:$A,0),1) -> 0.58742625
A115: Combustion of fuels | B115: Manufacture of ceramic tiles and flags | C115: Non-metallic mineral products | D115: Non-metallic minerals | E115: Ceramics | F115: 2 | G115: Ceramics [WA] | H115: =INDEX('Data sources'!G:G,MATCH(G115,'Data sources'!A:A,0),1) -> 0.12876363 | I115: =INDEX('Data sources'!J:J,MATCH(G115,'Data sources'!A:A,0),1) -> 0.095090361 | J115: =INDEX('Data sources'!R:R,MATCH(G115,'Data sources'!A:A,0),1) -> 3.0746808 | K115: =INDEX('Data sources'!S:S,MATCH(G115,'Data sources'!A:A,0),1) -> 0 | L115: =IF(B115="",A115,A115&"_"&B115) -> Combustion of fuels_Manufacture of ceramic tiles and flags | M115: =INDEX('Data sources'!U:U,MATCH($G115,'Data sources'!$A:$A,0),1) -> 0.66884535 | N115: =INDEX('Data sources'!V:V,MATCH($G115,'Data sources'!$A:$A,0),1) -> 0.58742625
A116: Combustion of fuels | B116: Manufacture of basic pharmaceutical products | C116: Pharmaceuticals | D116: Chemicals | E116: Pharmaceuticals | F116: 23 | G116: Chemicals [WA] | H116: =INDEX('Data sources'!G:G,MATCH(G116,'Data sources'!A:A,0),1) -> 1.1838611 | I116: =INDEX('Data sources'!J:J,MATCH(G116,'Data sources'!A:A,0),1) -> 1.0013516 | J116: =INDEX('Data sources'!R:R,MATCH(G116,'Data sources'!A:A,0),1) -> 2.6802341 | K116: =INDEX('Data sources'!S:S,MATCH(G116,'Data sources'!A:A,0),1) -> 27.108503 | L116: =IF(B116="",A116,A116&"_"&B116) -> Combustion of fuels_Manufacture of basic pharmaceutical products | M116: =INDEX('Data sources'!U:U,MATCH($G116,'Data sources'!$A:$A,0),1) -> 0.84137119 | N116: =INDEX('Data sources'!V:V,MATCH($G116,'Data sources'!$A:$A,0),1) -> 0.86357922
A117: Combustion of fuels | B117: Manufacture of dyes and pigments | C117: Chemicals | D117: Chemicals | E117: Chemicals | F117: 10 | G117: Chemicals [WA] | H117: =INDEX('Data sources'!G:G,MATCH(G117,'Data sources'!A:A,0),1) -> 1.1838611 | I117: =INDEX('Data sources'!J:J,MATCH(G117,'Data sources'!A:A,0),1) -> 1.0013516 | J117: =INDEX('Data sources'!R:R,MATCH(G117,'Data sources'!A:A,0),1) -> 2.6802341 | K117: =INDEX('Data sources'!S:S,MATCH(G117,'Data sources'!A:A,0),1) -> 27.108503 | L117: =IF(B117="",A117,A117&"_"&B117) -> Combustion of fuels_Manufacture of dyes and pigments | M117: =INDEX('Data sources'!U:U,MATCH($G117,'Data sources'!$A:$A,0),1) -> 0.84137119 | N117: =INDEX('Data sources'!V:V,MATCH($G117,'Data sources'!$A:$A,0),1) -> 0.86357922
A118: Combustion of fuels | B118: Manufacture of explosives | C118: Chemicals | D118: Chemicals | E118: Chemicals | F118: 1 | G118: Chemicals [WA] | H118: =INDEX('Data sources'!G:G,MATCH(G118,'Data sources'!A:A,0),1) -> 1.1838611 | I118: =INDEX('Data sources'!J:J,MATCH(G118,'Data sources'!A:A,0),1) -> 1.0013516 | J118: =INDEX('Data sources'!R:R,MATCH(G118,'Data sources'!A:A,0),1) -> 2.6802341 | K118: =INDEX('Data sources'!S:S,MATCH(G118,'Data sources'!A:A,0),1) -> 27.108503 | L118: =IF(B118="",A118,A118&"_"&B118) -> Combustion of fuels_Manufacture of explosives | M118: =INDEX('Data sources'!U:U,MATCH($G118,'Data sources'!$A:$A,0),1) -> 0.84137119 | N118: =INDEX('Data sources'!V:V,MATCH($G118,'Data sources'!$A:$A,0),1) -> 0.86357922
A119: Combustion of fuels | B119: Manufacture of fertilisers and nitrogen compounds | C119: Chemicals | D119: Chemicals | E119: Chemicals | F119: 29 | G119: Chemicals [Ammonia and Nitric Acid subset, WA] | H119: =INDEX('Data sources'!G:G,MATCH(G119,'Data sources'!A:A,0),1) -> 1.7186343 | I119: =INDEX('Data sources'!J:J,MATCH(G119,'Data sources'!A:A,0),1) -> 1.3535744 | J119: =INDEX('Data sources'!R:R,MATCH(G119,'Data sources'!A:A,0),1) -> 0 | K119: =INDEX('Data sources'!S:S,MATCH(G119,'Data sources'!A:A,0),1) -> 12.596122 | L119: =IF(B119="",A119,A119&"_"&B119) -> Combustion of fuels_Manufacture of fertilisers and nitrogen compounds | M119: =INDEX('Data sources'!U:U,MATCH($G119,'Data sources'!$A:$A,0),1) -> 0.84137119 | N119: =INDEX('Data sources'!V:V,MATCH($G119,'Data sources'!$A:$A,0),1) -> 0.86357922
... A277: Combustion of fuels | B277: Manufacture of rubber tyres and tubes | C277: Rubber & plastic | D277: Chemicals | E277: Chemicals | F277: 23 | G277: Chemicals [WA, Plastics subset] | H277: =INDEX('Data sources'!G:G,MATCH(G277,'Data sources'!A:A,0),1) -> 0.49494039 | I277: =INDEX('Data sources'!J:J,MATCH(G277,'Data sources'!A:A,0),1) -> 0.76276347 | J277: =INDEX('Data sources'!R:R,MATCH(G277,'Data sources'!A:A,0),1) -> 6.0728236 | K277: =INDEX('Data sources'!S:S,MATCH(G277,'Data sources'!A:A,0),1) -> 0 | L277: =IF(B277="",A277,A277&"_"&B277) -> Combustion of fuels_Manufacture of rubber tyres and tubes | M277: =INDEX('Data sources'!U:U,MATCH($G277,'Data sources'!$A:$A,0),1) -> 0.84137119 | N277: =INDEX('Data sources'!V:V,MATCH($G277,'Data sources'!$A:$A,0),1) -> 0.86357922
A278: Combustion of fuels | D278: Other | E278: Other combustion | G278: Fuel Benchmark | H278: =INDEX('Data sources'!G:G,MATCH(G278,'Data sources'!A:A,0),1) -> 0.0579 | I278: =INDEX('Data sources'!J:J,MATCH(G278,'Data sources'!A:A,0),1) -> 0.0426 | J278: =INDEX('Data sources'!R:R,MATCH(G278,'Data sources'!A:A,0),1) -> 1 | K278: =INDEX('Data sources'!S:S,MATCH(G278,'Data sources'!A:A,0),1) -> 0 | L278: =IF(B278="",A278,A278&"_"&B278) -> Combustion of fuels | M278: =INDEX('Data sources'!U:U,MATCH($G278,'Data sources'!$A:$A,0),1) -> 0.78416348 | N278: =INDEX('Data sources'!V:V,MATCH($G278,'Data sources'!$A:$A,0),1) -> 0.7253514
A279: Industrial plants for the production of (a) pulp from timber or other fibrous materials (b) paper and board | B279: Manufacture of paper and paperboard | C279: Pulp & Paper | D279: Pulp & paper | E279: Paper | F279: 70 | G279: Paper [WA] | H279: =INDEX('Data sources'!G:G,MATCH(G279,'Data sources'!A:A,0),1) -> 0.22011858 | I279: =INDEX('Data sources'!J:J,MATCH(G279,'Data sources'!A:A,0),1) -> 0.22144474 | J279: =INDEX('Data sources'!R:R,MATCH(G279,'Data sources'!A:A,0),1) -> 6.1071929 | K279: =INDEX('Data sources'!S:S,MATCH(G279,'Data sources'!A:A,0),1) -> 0 | L279: =IF(B279="",A279,A279&"_"&B279) -> Industrial plants for the production of (a) pulp from timber or other fibrous materials (b) paper and board_Manufacture of paper and paperboard | M279: =INDEX('Data sources'!U:U,MATCH($G279,'Data sources'!$A:$A,0),1) -> 0.81657744 | N279: =INDEX('Data sources'!V:V,MATCH($G279,'Data sources'!$A:$A,0),1) -> 0.94441453
A280: Industrial plants for the production of (a) pulp from timber or other fibrous materials (b) paper and board | B280: Electric power generation, transmission and distribution | C280: Electricity, gas, steam and air conditioning supply | D280: Power and heat | E280: Power and heat | F280: 1 | G280: Fuel Benchmark | H280: =INDEX('Data sources'!G:G,MATCH(G280,'Data sources'!A:A,0),1) -> 0.0579 | I280: =INDEX('Data sources'!J:J,MATCH(G280,'Data sources'!A:A,0),1) -> 0.0426 | J280: =INDEX('Data sources'!R:R,MATCH(G280,'Data sources'!A:A,0),1) -> 1 | K280: =INDEX('Data sources'!S:S,MATCH(G280,'Data sources'!A:A,0),1) -> 0 | L280: =IF(B280="",A280,A280&"_"&B280) -> Industrial plants for the production of (a) pulp from timber or other fibrous materials (b) paper and board_Electric power generation, transmission and distribution | M280: =INDEX('Data sources'!U:U,MATCH($G280,'Data sources'!$A:$A,0),1) -> 0.78416348 | N280: =INDEX('Data sources'!V:V,MATCH($G280,'Data sources'!$A:$A,0),1) -> 0.7253514
A281: Industrial plants for the production of (a) pulp from timber or other fibrous materials (b) paper and board | B281: Electricity, gas, steam and air conditioning supply | C281: Electricity, gas, steam and air conditioning supply | D281: Power and heat | E281: Power and heat | F281: 1 | G281: Heat Benchmark | H281: =INDEX('Data sources'!G:G,MATCH(G281,'Data sources'!A:A,0),1) -> 0.0768 | I281: =INDEX('Data sources'!J:J,MATCH(G281,'Data sources'!A:A,0),1) -> 0.0473 | J281: =INDEX('Data sources'!R:R,MATCH(G281,'Data sources'!A:A,0),1) -> 1 | K281: =INDEX('Data sources'!S:S,MATCH(G281,'Data sources'!A:A,0),1) -> 0 | L281: =IF(B281="",A281,A281&"_"&B281) -> Industrial plants for the production of (a) pulp from timber or other fibrous materials (b) paper and board_Electricity, gas, steam and air conditioning supply | M281: =INDEX('Data sources'!U:U,MATCH($G281,'Data sources'!$A:$A,0),1) -> 0.78416348 | N281: =INDEX('Data sources'!V:V,MATCH($G281,'Data sources'!$A:$A,0),1) -> 0.7253514
A282: Industrial plants for the production of (a) pulp from timber or other fibrous materials (b) paper and board | B282: Manufacture of pulp | C282: Pulp & Paper | D282: Pulp & paper | E282: Pulp | F282: 9 | G282: Pulp [WA] | H282: =INDEX('Data sources'!G:G,MATCH(G282,'Data sources'!A:A,0),1) -> 0.070004406 | I282: =INDEX('Data sources'!J:J,MATCH(G282,'Data sources'!A:A,0),1) -> 0.046589293 | J282: =INDEX('Data sources'!R:R,MATCH(G282,'Data sources'!A:A,0),1) -> 3.2582614 | K282: =INDEX('Data sources'!S:S,MATCH(G282,'Data sources'!A:A,0),1) -> 0 | L282: =IF(B282="",A282,A282&"_"&B282) -> Industrial plants for the production of (a) pulp from timber or other fibrous materials (b) paper and board_Manufacture of pulp | M282: =INDEX('Data sources'!U:U,MATCH($G282,'Data sources'!$A:$A,0),1) -> 0.81657744 | N282: =INDEX('Data sources'!V:V,MATCH($G282,'Data sources'!$A:$A,0),1) -> 0.94441453
A283: Industrial plants for the production of (a) pulp from timber or other fibrous materials (b) paper and board | B283: Manufacture of household and sanitary goods and of toilet requisites | C283: Pulp & Paper | D283: Pulp & paper | E283: Paper | F283: 1 | G283: Paper [WA] | H283: =INDEX('Data sources'!G:G,MATCH(G283,'Data sources'!A:A,0),1) -> 0.22011858 | I283: =INDEX('Data sources'!J:J,MATCH(G283,'Data sources'!A:A,0),1) -> 0.22144474 | J283: =INDEX('Data sources'!R:R,MATCH(G283,'Data sources'!A:A,0),1) -> 6.1071929 | K283: =INDEX('Data sources'!S:S,MATCH(G283,'Data sources'!A:A,0),1) -> 0 | L283: =IF(B283="",A283,A283&"_"&B283) -> Industrial plants for the production of (a) pulp from timber or other fibrous materials (b) paper and board_Manufacture of household and sanitary goods and of toilet requisites | M283: =INDEX('Data sources'!U:U,MATCH($G283,'Data sources'!$A:$A,0),1) -> 0.81657744 | N283: =INDEX('Data sources'!V:V,MATCH($G283,'Data sources'!$A:$A,0),1) -> 0.94441453
A284: Industrial plants for the production of (a) pulp from timber or other fibrous materials (b) paper and board | D284: Pulp & paper | E284: 0 | G284: Pulp & Paper [WA] | H284: =INDEX('Data sources'!G:G,MATCH(G284,'Data sources'!A:A,0),1) -> 0.19771476 | I284: =INDEX('Data sources'!J:J,MATCH(G284,'Data sources'!A:A,0),1) -> 0.20319124 | J284: =INDEX('Data sources'!R:R,MATCH(G284,'Data sources'!A:A,0),1) -> 4.9612622 | K284: =INDEX('Data sources'!S:S,MATCH(G284,'Data sources'!A:A,0),1) -> 0 | L284: =IF(B284="",A284,A284&"_"&B284) -> Industrial plants for the production of (a) pulp from timber or other fibrous materials (b) paper and board | M284: =INDEX('Data sources'!U:U,MATCH($G284,'Data sources'!$A:$A,0),1) -> 0.81657744 | N284: =INDEX('Data sources'!V:V,MATCH($G284,'Data sources'!$A:$A,0),1) -> 0.94441453
A285: Installations for the manufacture of ceramic products by firing, in particular roofing tiles, bricks, refractory bricks, tiles, stoneware or porcelain | B285: Manufacture of concrete products for construction purposes | C285: Non-metallic mineral products | D285: Non-metallic minerals | E285: Cement | F285: 1 | G285: Cement [WA] | H285: =INDEX('Data sources'!G:G,MATCH(G285,'Data sources'!A:A,0),1) -> 0.81745071 | I285: =INDEX('Data sources'!J:J,MATCH(G285,'Data sources'!A:A,0),1) -> 0.6991394 | J285: =INDEX('Data sources'!R:R,MATCH(G285,'Data sources'!A:A,0),1) -> 4.32 | K285: =INDEX('Data sources'!S:S,MATCH(G285,'Data sources'!A:A,0),1) -> 0 | L285: =IF(B285="",A285,A285&"_"&B285) -> Installations for the manufacture of ceramic products by firing, in particular roofing tiles, bricks, refractory bricks, tiles, stoneware or porcelain_Manufacture of concrete products for construction purposes | M285: =INDEX('Data sources'!U:U,MATCH($G285,'Data sources'!$A:$A,0),1) -> 0.66884535 | N285: =INDEX('Data sources'!V:V,MATCH($G285,'Data sources'!$A:$A,0),1) -> 0.58742625
A286: Installations for the manufacture of ceramic products by firing, in particular roofing tiles, bricks, refractory bricks, tiles, stoneware or porcelain | B286: Manufacture of bricks, tiles and construction products, in baked clay | C286: Non-metallic mineral products | D286: Non-metallic minerals | E286: Ceramics | F286: 59 | G286: Ceramics [WA] | H286: =INDEX('Data sources'!G:G,MATCH(G286,'Data sources'!A:A,0),1) -> 0.12876363 | I286: =INDEX('Data sources'!J:J,MATCH(G286,'Data sources'!A:A,0),1) -> 0.095090361 | J286: =INDEX('Data sources'!R:R,MATCH(G286,'Data sources'!A:A,0),1) -> 3.0746808 | K286: =INDEX('Data sources'!S:S,MATCH(G286,'Data sources'!A:A,0),1) -> 0 | L286: =IF(B286="",A286,A286&"_"&B286) -> Installations for the manufacture of ceramic products by firing, in particular roofing tiles, bricks, refractory bricks, tiles, stoneware or porcelain_Manufacture of bricks, tiles and construction products, in baked clay | M286: =INDEX('Data sources'!U:U,MATCH($G286,'Data sources'!$A:$A,0),1) -> 0.66884535 | N286: =INDEX('Data sources'!V:V,MATCH($G286,'Data sources'!$A:$A,0),1) -> 0.58742625
A287: Installations for the manufacture of ceramic products by firing, in particular roofing tiles, bricks, refractory bricks, tiles, stoneware or porcelain | B287: Manufacture of ceramic household and ornamental articles | C287: Non-metallic mineral products | D287: Non-metallic minerals | E287: Ceramics | F287: 89 | G287: Ceramics [WA] | H287: =INDEX('Data sources'!G:G,MATCH(G287,'Data sources'!A:A,0),1) -> 0.12876363 | I287: =INDEX('Data sources'!J:J,MATCH(G287,'Data sources'!A:A,0),1) -> 0.095090361 | J287: =INDEX('Data sources'!R:R,MATCH(G287,'Data sources'!A:A,0),1) -> 3.0746808 | K287: =INDEX('Data sources'!S:S,MATCH(G287,'Data sources'!A:A,0),1) -> 0 | L287: =IF(B287="",A287,A287&"_"&B287) -> Installations for the manufacture of ceramic products by firing, in particular roofing tiles, bricks, refractory bricks, tiles, stoneware or porcelain_Manufacture of ceramic household and ornamental articles | M287: =INDEX('Data sources'!U:U,MATCH($G287,'Data sources'!$A:$A,0),1) -> 0.66884535 | N287: =INDEX('Data sources'!V:V,MATCH($G287,'Data sources'!$A:$A,0),1) -> 0.58742625
A288: Installations for the manufacture of ceramic products by firing, in particular roofing tiles, bricks, refractory bricks, tiles, stoneware or porcelain | B288: Manufacture of ceramic sanitary fixtures | C288: Non-metallic mineral products | D288: Non-metallic minerals | E288: Ceramics | F288: 3 | G288: Ceramics [WA] | H288: =INDEX('Data sources'!G:G,MATCH(G288,'Data sources'!A:A,0),1) -> 0.12876363 | I288: =INDEX('Data sources'!J:J,MATCH(G288,'Data sources'!A:A,0),1) -> 0.095090361 | J288: =INDEX('Data sources'!R:R,MATCH(G288,'Data sources'!A:A,0),1) -> 3.0746808 | K288: =INDEX('Data sources'!S:S,MATCH(G288,'Data sources'!A:A,0),1) -> 0 | L288: =IF(B288="",A288,A288&"_"&B288) -> Installations for the manufacture of ceramic products by firing, in particular roofing tiles, bricks, refractory bricks, tiles, stoneware or porcelain_Manufacture of ceramic sanitary fixtures | M288: =INDEX('Data sources'!U:U,MATCH($G288,'Data sources'!$A:$A,0),1) -> 0.66884535 | N288: =INDEX('Data sources'!V:V,MATCH($G288,'Data sources'!$A:$A,0),1) -> 0.58742625
A289: Installations for the manufacture of ceramic products by firing, in particular roofing tiles, bricks, refractory bricks, tiles, stoneware or porcelain | B289: Manufacture of ceramic tiles and flags | C289: Non-metallic mineral products | D289: Non-metallic minerals | E289: Ceramics | F289: 24 | G289: Ceramics [WA] | H289: =INDEX('Data sources'!G:G,MATCH(G289,'Data sources'!A:A,0),1) -> 0.12876363 | I289: =INDEX('Data sources'!J:J,MATCH(G289,'Data sources'!A:A,0),1) -> 0.095090361 | J289: =INDEX('Data sources'!R:R,MATCH(G289,'Data sources'!A:A,0),1) -> 3.0746808 | K289: =INDEX('Data sources'!S:S,MATCH(G289,'Data sources'!A:A,0),1) -> 0 | L289: =IF(B289="",A289,A289&"_"&B289) -> Installations for the manufacture of ceramic products by firing, in particular roofing tiles, bricks, refractory bricks, tiles, stoneware or porcelain_Manufacture of ceramic tiles and flags | M289: =INDEX('Data sources'!U:U,MATCH($G289,'Data sources'!$A:$A,0),1) -> 0.66884535 | N289: =INDEX('Data sources'!V:V,MATCH($G289,'Data sources'!$A:$A,0),1) -> 0.58742625
A290: Installations for the manufacture of ceramic products by firing, in particular roofing tiles, bricks, refractory bricks, tiles, stoneware or porcelain | B290: Manufacture of other technical ceramic products | C290: Non-metallic mineral products | D290: Non-metallic minerals | E290: Ceramics | F290: 1 | G290: Ceramics [WA] | H290: =INDEX('Data sources'!G:G,MATCH(G290,'Data sources'!A:A,0),1) -> 0.12876363 | I290: =INDEX('Data sources'!J:J,MATCH(G290,'Data sources'!A:A,0),1) -> 0.095090361 | J290: =INDEX('Data sources'!R:R,MATCH(G290,'Data sources'!A:A,0),1) -> 3.0746808 | K290: =INDEX('Data sources'!S:S,MATCH(G290,'Data sources'!A:A,0),1) -> 0 | L290: =IF(B290="",A290,A290&"_"&B290) -> Installations for the manufacture of ceramic products by firing, in particular roofing tiles, bricks, refractory bricks, tiles, stoneware or porcelain_Manufacture of other technical ceramic products | M290: =INDEX('Data sources'!U:U,MATCH($G290,'Data sources'!$A:$A,0),1) -> 0.66884535 | N290: =INDEX('Data sources'!V:V,MATCH($G290,'Data sources'!$A:$A,0),1) -> 0.58742625
A291: Installations for the manufacture of ceramic products by firing, in particular roofing tiles, bricks, refractory bricks, tiles, stoneware or porcelain | B291: Production of abrasive products | C291: Non-metallic mineral products | D291: Non-metallic minerals | E291: Ceramics | F291: 1 | G291: Ceramics [WA] | H291: =INDEX('Data sources'!G:G,MATCH(G291,'Data sources'!A:A,0),1) -> 0.12876363 | I291: =INDEX('Data sources'!J:J,MATCH(G291,'Data sources'!A:A,0),1) -> 0.095090361 | J291: =INDEX('Data sources'!R:R,MATCH(G291,'Data sources'!A:A,0),1) -> 3.0746808 | K291: =INDEX('Data sources'!S:S,MATCH(G291,'Data sources'!A:A,0),1) -> 0 | L291: =IF(B291="",A291,A291&"_"&B291) -> Installations for the manufacture of ceramic products by firing, in particular roofing tiles, bricks, refractory bricks, tiles, stoneware or porcelain_Production of abrasive products | M291: =INDEX('Data sources'!U:U,MATCH($G291,'Data sources'!$A:$A,0),1) -> 0.66884535 | N291: =INDEX('Data sources'!V:V,MATCH($G291,'Data sources'!$A:$A,0),1) -> 0.58742625
A292: Installations for the manufacture of ceramic products by firing, in particular roofing tiles, bricks, refractory bricks, tiles, stoneware or porcelain | B292: Operation of gravel and sand pits | C292: Other mining and quarrying | D292: Other | E292: Mining & quarrying | F292: 1 | G292: Fuel Benchmark | H292: =INDEX('Data sources'!G:G,MATCH(G292,'Data sources'!A:A,0),1) -> 0.0579 | I292: =INDEX('Data sources'!J:J,MATCH(G292,'Data sources'!A:A,0),1) -> 0.0426 | J292: =INDEX('Data sources'!R:R,MATCH(G292,'Data sources'!A:A,0),1) -> 1 | K292: =INDEX('Data sources'!S:S,MATCH(G292,'Data sources'!A:A,0),1) -> 0 | L292: =IF(B292="",A292,A292&"_"&B292) -> Installations for the manufacture of ceramic products by firing, in particular roofing tiles, bricks, refractory bricks, tiles, stoneware or porcelain_Operation of gravel and sand pits | M292: =INDEX('Data sources'!U:U,MATCH($G292,'Data sources'!$A:$A,0),1) -> 0.78416348 | N292: =INDEX('Data sources'!V:V,MATCH($G292,'Data sources'!$A:$A,0),1) -> 0.7253514
A293: Installations for the manufacture of ceramic products by firing, in particular roofing tiles, bricks, refractory bricks, tiles, stoneware or porcelain | B293: Manufacture of other non-metallic mineral products n.e.c. | C293: Non-metallic mineral products | D293: Non-metallic minerals | E293: Non-metallic products | F293: 2 | G293: Ceramics [WA] | H293: =INDEX('Data sources'!G:G,MATCH(G293,'Data sources'!A:A,0),1) -> 0.12876363 | I293: =INDEX('Data sources'!J:J,MATCH(G293,'Data sources'!A:A,0),1) -> 0.095090361 | J293: =INDEX('Data sources'!R:R,MATCH(G293,'Data sources'!A:A,0),1) -> 3.0746808 | K293: =INDEX('Data sources'!S:S,MATCH(G293,'Data sources'!A:A,0),1) -> 0 | L293: =IF(B293="",A293,A293&"_"&B293) -> Installations for the manufacture of ceramic products by firing, in particular roofing tiles, bricks, refractory bricks, tiles, stoneware or porcelain_Manufacture of other non-metallic mineral products n.e.c. | M293: =INDEX('Data sources'!U:U,MATCH($G293,'Data sources'!$A:$A,0),1) -> 0.66884535 | N293: =INDEX('Data sources'!V:V,MATCH($G293,'Data sources'!$A:$A,0),1) -> 0.58742625
A294: Installations for the manufacture of ceramic products by firing, in particular roofing tiles, bricks, refractory bricks, tiles, stoneware or porcelain | B294: Manufacture of other products of wood | C294: Wood and of products of wood and cork | D294: Other | E294: Other combustion | F294: 1 | G294: Fuel Benchmark | H294: =INDEX('Data sources'!G:G,MATCH(G294,'Data sources'!A:A,0),1) -> 0.0579 | I294: =INDEX('Data sources'!J:J,MATCH(G294,'Data sources'!A:A,0),1) -> 0.0426 | J294: =INDEX('Data sources'!R:R,MATCH(G294,'Data sources'!A:A,0),1) -> 1 | K294: =INDEX('Data sources'!S:S,MATCH(G294,'Data sources'!A:A,0),1) -> 0 | L294: =IF(B294="",A294,A294&"_"&B294) -> Installations for the manufacture of ceramic products by firing, in particular roofing tiles, bricks, refractory bricks, tiles, stoneware or porcelain_Manufacture of other products of wood | M294: =INDEX('Data sources'!U:U,MATCH($G294,'Data sources'!$A:$A,0),1) -> 0.78416348 | N294: =INDEX('Data sources'!V:V,MATCH($G294,'Data sources'!$A:$A,0),1) -> 0.7253514
A295: Installations for the manufacture of ceramic products by firing, in particular roofing tiles, bricks, refractory bricks, tiles, stoneware or porcelain | B295: Manufacture of refractory products | C295: Non-metallic mineral products | D295: Non-metallic minerals | E295: Refractories | F295: 14 | G295: Refractories [n.a.] | H295: =INDEX('Data sources'!G:G,MATCH(G295,'Data sources'!A:A,0),1) -> 1.8 | I295: =INDEX('Data sources'!J:J,MATCH(G295,'Data sources'!A:A,0),1) -> 1.8 | J295: =INDEX('Data sources'!R:R,MATCH(G295,'Data sources'!A:A,0),1) -> 5.3784 | K295: =INDEX('Data sources'!S:S,MATCH(G295,'Data sources'!A:A,0),1) -> 0 | L295: =IF(B295="",A295,A295&"_"&B295) -> Installations for the manufacture of ceramic products by firing, in particular roofing tiles, bricks, refractory bricks, tiles, stoneware or porcelain_Manufacture of refractory products | M295: =INDEX('Data sources'!U:U,MATCH($G295,'Data sources'!$A:$A,0),1) -> 0.66884535 | N295: =INDEX('Data sources'!V:V,MATCH($G295,'Data sources'!$A:$A,0),1) -> 0.58742625
A296: Installations for the manufacture of ceramic products by firing, in particular roofing tiles, bricks, refractory bricks, tiles, stoneware or porcelain | D296: Non-metallic minerals | E296: 0 | G296: Ceramics [WA] | H296: =INDEX('Data sources'!G:G,MATCH(G296,'Data sources'!A:A,0),1) -> 0.12876363 | I296: =INDEX('Data sources'!J:J,MATCH(G296,'Data sources'!A:A,0),1) -> 0.095090361 | J296: =INDEX('Data sources'!R:R,MATCH(G296,'Data sources'!A:A,0),1) -> 3.0746808 | K296: =INDEX('Data sources'!S:S,MATCH(G296,'Data sources'!A:A,0),1) -> 0 | L296: =IF(B296="",A296,A296&"_"&B296) -> Installations for the manufacture of ceramic products by firing, in particular roofing tiles, bricks, refractory bricks, tiles, stoneware or porcelain | M296: =INDEX('Data sources'!U:U,MATCH($G296,'Data sources'!$A:$A,0),1) -> 0.66884535 | N296: =INDEX('Data sources'!V:V,MATCH($G296,'Data sources'!$A:$A,0),1) -> 0.58742625
A297: Installations for the manufacture of glass including glass fibre | B297: Manufacture of other technical ceramic products | C297: Non-metallic mineral products | D297: Non-metallic minerals | E297: Ceramics | F297: 1 | G297: Ceramics [WA] | H297: =INDEX('Data sources'!G:G,MATCH(G297,'Data sources'!A:A,0),1) -> 0.12876363 | I297: =INDEX('Data sources'!J:J,MATCH(G297,'Data sources'!A:A,0),1) -> 0.095090361 | J297: =INDEX('Data sources'!R:R,MATCH(G297,'Data sources'!A:A,0),1) -> 3.0746808 | K297: =INDEX('Data sources'!S:S,MATCH(G297,'Data sources'!A:A,0),1) -> 0 | L297: =IF(B297="",A297,A297&"_"&B297) -> Installations for the manufacture of glass including glass fibre_Manufacture of other technical ceramic products | M297: =INDEX('Data sources'!U:U,MATCH($G297,'Data sources'!$A:$A,0),1) -> 0.66884535 | N297: =INDEX('Data sources'!V:V,MATCH($G297,'Data sources'!$A:$A,0),1) -> 0.58742625
A298: Installations for the manufacture of glass including glass fibre | B298: Manufacture and processing of other glass, including technical glassware | C298: Non-metallic mineral products | D298: Non-metallic minerals | E298: Glass | F298: 2 | G298: Glass [WA] | H298: =INDEX('Data sources'!G:G,MATCH(G298,'Data sources'!A:A,0),1) -> 0.44693421 | I298: =INDEX('Data sources'!J:J,MATCH(G298,'Data sources'!A:A,0),1) -> 0.32449754 | J298: =INDEX('Data sources'!R:R,MATCH(G298,'Data sources'!A:A,0),1) -> 8.3851771 | K298: =INDEX('Data sources'!S:S,MATCH(G298,'Data sources'!A:A,0),1) -> 0 | L298: =IF(B298="",A298,A298&"_"&B298) -> Installations for the manufacture of glass including glass fibre_Manufacture and processing of other glass, including technical glassware | M298: =INDEX('Data sources'!U:U,MATCH($G298,'Data sources'!$A:$A,0),1) -> 0.66884535 | N298: =INDEX('Data sources'!V:V,MATCH($G298,'Data sources'!$A:$A,0),1) -> 0.58742625
A299: Installations for the manufacture of glass including glass fibre | B299: Manufacture of flat glass | C299: Non-metallic mineral products | D299: Non-metallic minerals | E299: Glass | F299: 10 | G299: Glass [WA] | H299: =INDEX('Data sources'!G:G,MATCH(G299,'Data sources'!A:A,0),1) -> 0.44693421 | I299: =INDEX('Data sources'!J:J,MATCH(G299,'Data sources'!A:A,0),1) -> 0.32449754 | J299: =INDEX('Data sources'!R:R,MATCH(G299,'Data sources'!A:A,0),1) -> 8.3851771 | K299: =INDEX('Data sources'!S:S,MATCH(G299,'Data sources'!A:A,0),1) -> 0 | L299: =IF(B299="",A299,A299&"_"&B299) -> Installations for the manufacture of glass including glass fibre_Manufacture of flat glass | M299: =INDEX('Data sources'!U:U,MATCH($G299,'Data sources'!$A:$A,0),1) -> 0.66884535 | N299: =INDEX('Data sources'!V:V,MATCH($G299,'Data sources'!$A:$A,0),1) -> 0.58742625
A300: Installations for the manufacture of glass including glass fibre | B300: Manufacture of hollow glass | C300: Non-metallic mineral products | D300: Non-metallic minerals | E300: Glass | F300: 10 | G300: Glass [WA] | H300: =INDEX('Data sources'!G:G,MATCH(G300,'Data sources'!A:A,0),1) -> 0.44693421 | I300: =INDEX('Data sources'!J:J,MATCH(G300,'Data sources'!A:A,0),1) -> 0.32449754 | J300: =INDEX('Data sources'!R:R,MATCH(G300,'Data sources'!A:A,0),1) -> 8.3851771 | K300: =INDEX('Data sources'!S:S,MATCH(G300,'Data sources'!A:A,0),1) -> 0 | L300: =IF(B300="",A300,A300&"_"&B300) -> Installations for the manufacture of glass including glass fibre_Manufacture of hollow glass | M300: =INDEX('Data sources'!U:U,MATCH($G300,'Data sources'!$A:$A,0),1) -> 0.66884535 | N300: =INDEX('Data sources'!V:V,MATCH($G300,'Data sources'!$A:$A,0),1) -> 0.58742625
A301: Installations for the manufacture of glass including glass fibre | B301: Manufacture of paints, varnishes and similar coatings, printing ink and mastics | C301: Chemicals | D301: Non-metallic minerals | E301: Glass | F301: 2 | G301: Glass [WA] | H301: =INDEX('Data sources'!G:G,MATCH(G301,'Data sources'!A:A,0),1) -> 0.44693421 | I301: =INDEX('Data sources'!J:J,MATCH(G301,'Data sources'!A:A,0),1) -> 0.32449754 | J301: =INDEX('Data sources'!R:R,MATCH(G301,'Data sources'!A:A,0),1) -> 8.3851771 | K301: =INDEX('Data sources'!S:S,MATCH(G301,'Data sources'!A:A,0),1) -> 0 | L301: =IF(B301="",A301,A301&"_"&B301) -> Installations for the manufacture of glass including glass fibre_Manufacture of paints, varnishes and similar coatings, printing ink and mastics | M301: =INDEX('Data sources'!U:U,MATCH($G301,'Data sources'!$A:$A,0),1) -> 0.66884535 | N301: =INDEX('Data sources'!V:V,MATCH($G301,'Data sources'!$A:$A,0),1) -> 0.58742625
A302: Installations for the manufacture of glass including glass fibre | B302: Manufacture of glass fibres | C302: Non-metallic mineral products | D302: Non-metallic minerals | E302: Glass fibre and mineral wool | F302: 4 | G302: Continuous filament glass fibre & mineral wool [WA] | H302: =INDEX('Data sources'!G:G,MATCH(G302,'Data sources'!A:A,0),1) -> 0.73925353 | I302: =INDEX('Data sources'!J:J,MATCH(G302,'Data sources'!A:A,0),1) -> 0.50052642 | J302: =INDEX('Data sources'!R:R,MATCH(G302,'Data sources'!A:A,0),1) -> 4.932 | K302: =INDEX('Data sources'!S:S,MATCH(G302,'Data sources'!A:A,0),1) -> 0 | L302: =IF(B302="",A302,A302&"_"&B302) -> Installations for the manufacture of glass including glass fibre_Manufacture of glass fibres | M302: =INDEX('Data sources'!U:U,MATCH($G302,'Data sources'!$A:$A,0),1) -> 0.66884535 | N302: =INDEX('Data sources'!V:V,MATCH($G302,'Data sources'!$A:$A,0),1) -> 0.58742625
A303: Installations for the manufacture of glass including glass fibre | B303: Manufacture of veneer sheets and wood-based panels | C303: Wood and of products of wood and cork | D303: Other | E303: Other combustion | F303: 1 | G303: Fuel Benchmark | H303: =INDEX('Data sources'!G:G,MATCH(G303,'Data sources'!A:A,0),1) -> 0.0579 | I303: =INDEX('Data sources'!J:J,MATCH(G303,'Data sources'!A:A,0),1) -> 0.0426 | J303: =INDEX('Data sources'!R:R,MATCH(G303,'Data sources'!A:A,0),1) -> 1 | K303: =INDEX('Data sources'!S:S,MATCH(G303,'Data sources'!A:A,0),1) -> 0 | L303: =IF(B303="",A303,A303&"_"&B303) -> Installations for the manufacture of glass including glass fibre_Manufacture of veneer sheets and wood-based panels | M303: =INDEX('Data sources'!U:U,MATCH($G303,'Data sources'!$A:$A,0),1) -> 0.78416348 | N303: =INDEX('Data sources'!V:V,MATCH($G303,'Data sources'!$A:$A,0),1) -> 0.7253514
A304: Installations for the manufacture of glass including glass fibre | D304: Non-metallic minerals | E304: 0 | G304: Glass [WA] | H304: =INDEX('Data sources'!G:G,MATCH(G304,'Data sources'!A:A,0),1) -> 0.44693421 | I304: =INDEX('Data sources'!J:J,MATCH(G304,'Data sources'!A:A,0),1) -> 0.32449754 | J304: =INDEX('Data sources'!R:R,MATCH(G304,'Data sources'!A:A,0),1) -> 8.3851771 | K304: =INDEX('Data sources'!S:S,MATCH(G304,'Data sources'!A:A,0),1) -> 0 | L304: =IF(B304="",A304,A304&"_"&B304) -> Installations for the manufacture of glass including glass fibre | M304: =INDEX('Data sources'!U:U,MATCH($G304,'Data sources'!$A:$A,0),1) -> 0.66884535 | N304: =INDEX('Data sources'!V:V,MATCH($G304,'Data sources'!$A:$A,0),1) -> 0.58742625
A305: Installations for the production of cement clinker in rotary kilns or lime in rotary kilns or in other furnaces | B305: Manufacture of cement | C305: Non-metallic mineral products | D305: Non-metallic minerals | E305: Cement | F305: 14 | G305: Cement [WA] | H305: =INDEX('Data sources'!G:G,MATCH(G305,'Data sources'!A:A,0),1) -> 0.81745071 | I305: =INDEX('Data sources'!J:J,MATCH(G305,'Data sources'!A:A,0),1) -> 0.6991394 | J305: =INDEX('Data sources'!R:R,MATCH(G305,'Data sources'!A:A,0),1) -> 4.32 | K305: =INDEX('Data sources'!S:S,MATCH(G305,'Data sources'!A:A,0),1) -> 0 | L305: =IF(B305="",A305,A305&"_"&B305) -> Installations for the production of cement clinker in rotary kilns or lime in rotary kilns or in other furnaces_Manufacture of cement | M305: =INDEX('Data sources'!U:U,MATCH($G305,'Data sources'!$A:$A,0),1) -> 0.66884535 | N305: =INDEX('Data sources'!V:V,MATCH($G305,'Data sources'!$A:$A,0),1) -> 0.58742625
A306: Installations for the production of cement clinker in rotary kilns or lime in rotary kilns or in other furnaces | B306: Manufacture of lime and plaster | C306: Non-metallic mineral products | D306: Non-metallic minerals | E306: Lime, dolomite and plaster | F306: 12 | G306: Lime, dolime, sintered dolime [WA] | H306: =INDEX('Data sources'!G:G,MATCH(G306,'Data sources'!A:A,0),1) -> 1.0858855 | I306: =INDEX('Data sources'!J:J,MATCH(G306,'Data sources'!A:A,0),1) -> 0.76053044 | J306: =INDEX('Data sources'!R:R,MATCH(G306,'Data sources'!A:A,0),1) -> 3.708 | K306: =INDEX('Data sources'!S:S,MATCH(G306,'Data sources'!A:A,0),1) -> 0 | L306: =IF(B306="",A306,A306&"_"&B306) -> Installations for the production of cement clinker in rotary kilns or lime in rotary kilns or in other furnaces_Manufacture of lime and plaster | M306: =INDEX('Data sources'!U:U,MATCH($G306,'Data sources'!$A:$A,0),1) -> 0.66884535 | N306: =INDEX('Data sources'!V:V,MATCH($G306,'Data sources'!$A:$A,0),1) -> 0.58742625
A307: Installations for the production of cement clinker in rotary kilns or lime in rotary kilns or in other furnaces | B307: Manufacture of sugar | C307: Food products | D307: Other | E307: Other combustion | F307: 2 | G307: Fuel Benchmark | H307: =INDEX('Data sources'!G:G,MATCH(G307,'Data sources'!A:A,0),1) -> 0.0579 | I307: =INDEX('Data sources'!J:J,MATCH(G307,'Data sources'!A:A,0),1) -> 0.0426 | J307: =INDEX('Data sources'!R:R,MATCH(G307,'Data sources'!A:A,0),1) -> 1 | K307: =INDEX('Data sources'!S:S,MATCH(G307,'Data sources'!A:A,0),1) -> 0 | L307: =IF(B307="",A307,A307&"_"&B307) -> Installations for the production of cement clinker in rotary kilns or lime in rotary kilns or in other furnaces_Manufacture of sugar | M307: =INDEX('Data sources'!U:U,MATCH($G307,'Data sources'!$A:$A,0),1) -> 0.78416348 | N307: =INDEX('Data sources'!V:V,MATCH($G307,'Data sources'!$A:$A,0),1) -> 0.7253514
A308: Installations for the production of cement clinker in rotary kilns or lime in rotary kilns or in other furnaces | D308: Non-metallic minerals | E308: 0 | G308: Cement [WA] | H308: =INDEX('Data sources'!G:G,MATCH(G308,'Data sources'!A:A,0),1) -> 0.81745071 | I308: =INDEX('Data sources'!J:J,MATCH(G308,'Data sources'!A:A,0),1) -> 0.6991394 | J308: =INDEX('Data sources'!R:R,MATCH(G308,'Data sources'!A:A,0),1) -> 4.32 | K308: =INDEX('Data sources'!S:S,MATCH(G308,'Data sources'!A:A,0),1) -> 0 | L308: =IF(B308="",A308,A308&"_"&B308) -> Installations for the production of cement clinker in rotary kilns or lime in rotary kilns or in other furnaces | M308: =INDEX('Data sources'!U:U,MATCH($G308,'Data sources'!$A:$A,0),1) -> 0.66884535 | N308: =INDEX('Data sources'!V:V,MATCH($G308,'Data sources'!$A:$A,0),1) -> 0.58742625
A309: Installations for the production of pig iron or steel (primary or secondary fusion) including continuous casting | B309: Manufacture of basic iron and steel and of ferro-alloys | C309: Basic metals | D309: Iron & steel | E309: Iron & steel | F309: 13 | G309: Iron & Steel - Integrated [WA] | H309: =INDEX('Data sources'!G:G,MATCH(G309,'Data sources'!A:A,0),1) -> 1.495 | I309: =INDEX('Data sources'!J:J,MATCH(G309,'Data sources'!A:A,0),1) -> 1.288 | J309: =INDEX('Data sources'!R:R,MATCH(G309,'Data sources'!A:A,0),1) -> 14.976 | K309: =INDEX('Data sources'!S:S,MATCH(G309,'Data sources'!A:A,0),1) -> 6.804 | L309: =IF(B309="",A309,A309&"_"&B309) -> Installations for the production of pig iron or steel (primary or secondary fusion) including continuous casting_Manufacture of basic iron and steel and of ferro-alloys | M309: =INDEX('Data sources'!U:U,MATCH($G309,'Data sources'!$A:$A,0),1) -> 0.55465093 | N309: =INDEX('Data sources'!V:V,MATCH($G309,'Data sources'!$A:$A,0),1) -> 0.43306202
A310: Installations for the production of pig iron or steel (primary or secondary fusion) including continuous casting | B310: Manufacture of other parts and accessories for motor vehicles | C310: Motor vehicles | D310: Other | E310: Other combustion | F310: 1 | G310: Fuel Benchmark | H310: =INDEX('Data sources'!G:G,MATCH(G310,'Data sources'!A:A,0),1) -> 0.0579 | I310: =INDEX('Data sources'!J:J,MATCH(G310,'Data sources'!A:A,0),1) -> 0.0426 | J310: =INDEX('Data sources'!R:R,MATCH(G310,'Data sources'!A:A,0),1) -> 1 | K310: =INDEX('Data sources'!S:S,MATCH(G310,'Data sources'!A:A,0),1) -> 0 | L310: =IF(B310="",A310,A310&"_"&B310) -> Installations for the production of pig iron or steel (primary or secondary fusion) including continuous casting_Manufacture of other parts and accessories for motor vehicles | M310: =INDEX('Data sources'!U:U,MATCH($G310,'Data sources'!$A:$A,0),1) -> 0.78416348 | N310: =INDEX('Data sources'!V:V,MATCH($G310,'Data sources'!$A:$A,0),1) -> 0.7253514
A311: Installations for the production of pig iron or steel (primary or secondary fusion) including continuous casting | D311: Iron & steel | E311: 0 | G311: Iron & Steel - Integrated [WA] | H311: =INDEX('Data sources'!G:G,MATCH(G311,'Data sources'!A:A,0),1) -> 1.495 | I311: =INDEX('Data sources'!J:J,MATCH(G311,'Data sources'!A:A,0),1) -> 1.288 | J311: =INDEX('Data sources'!R:R,MATCH(G311,'Data sources'!A:A,0),1) -> 14.976 | K311: =INDEX('Data sources'!S:S,MATCH(G311,'Data sources'!A:A,0),1) -> 6.804 | L311: =IF(B311="",A311,A311&"_"&B311) -> Installations for the production of pig iron or steel (primary or secondary fusion) including continuous casting | M311: =INDEX('Data sources'!U:U,MATCH($G311,'Data sources'!$A:$A,0),1) -> 0.55465093 | N311: =INDEX('Data sources'!V:V,MATCH($G311,'Data sources'!$A:$A,0),1) -> 0.43306202
A312: Manufacture of ceramics | B312: Aluminium production | C312: Basic metals | D312: Non-ferrous metals | E312: Aluminium | F312: 1 | G312: [Primary] Aluminium | H312: =INDEX('Data sources'!G:G,MATCH(G312,'Data sources'!A:A,0),1) -> 1.641 | I312: =INDEX('Data sources'!J:J,MATCH(G312,'Data sources'!A:A,0),1) -> 1.464 | J312: =INDEX('Data sources'!R:R,MATCH(G312,'Data sources'!A:A,0),1) -> 12.024 | K312: =INDEX('Data sources'!S:S,MATCH(G312,'Data sources'!A:A,0),1) -> 0 | L312: =IF(B312="",A312,A312&"_"&B312) -> Manufacture of ceramics_Aluminium production | M312: =INDEX('Data sources'!U:U,MATCH($G312,'Data sources'!$A:$A,0),1) -> 0.83923856 | N312: =INDEX('Data sources'!V:V,MATCH($G312,'Data sources'!$A:$A,0),1) -> 0.99183493
A313: Manufacture of ceramics | B313: Manufacture of bricks, tiles and construction products, in baked clay | C313: Non-metallic mineral products | D313: Non-metallic minerals | E313: Ceramics | F313: 473 | G313: Ceramics [WA] | H313: =INDEX('Data sources'!G:G,MATCH(G313,'Data sources'!A:A,0),1) -> 0.12876363 | I313: =INDEX('Data sources'!J:J,MATCH(G313,'Data sources'!A:A,0),1) -> 0.095090361 | J313: =INDEX('Data sources'!R:R,MATCH(G313,'Data sources'!A:A,0),1) -> 3.0746808 | K313: =INDEX('Data sources'!S:S,MATCH(G313,'Data sources'!A:A,0),1) -> 0 | L313: =IF(B313="",A313,A313&"_"&B313) -> Manufacture of ceramics_Manufacture of bricks, tiles and construction products, in baked clay | M313: =INDEX('Data sources'!U:U,MATCH($G313,'Data sources'!$A:$A,0),1) -> 0.66884535 | N313: =INDEX('Data sources'!V:V,MATCH($G313,'Data sources'!$A:$A,0),1) -> 0.58742625
A314: Manufacture of ceramics | B314: Manufacture of ceramic household and ornamental articles | C314: Non-metallic mineral products | D314: Non-metallic minerals | E314: Ceramics | F314: 5 | G314: Ceramics [WA] | H314: =INDEX('Data sources'!G:G,MATCH(G314,'Data sources'!A:A,0),1) -> 0.12876363 | I314: =INDEX('Data sources'!J:J,MATCH(G314,'Data sources'!A:A,0),1) -> 0.095090361 | J314: =INDEX('Data sources'!R:R,MATCH(G314,'Data sources'!A:A,0),1) -> 3.0746808 | K314: =INDEX('Data sources'!S:S,MATCH(G314,'Data sources'!A:A,0),1) -> 0 | L314: =IF(B314="",A314,A314&"_"&B314) -> Manufacture of ceramics_Manufacture of ceramic household and ornamental articles | M314: =INDEX('Data sources'!U:U,MATCH($G314,'Data sources'!$A:$A,0),1) -> 0.66884535 | N314: =INDEX('Data sources'!V:V,MATCH($G314,'Data sources'!$A:$A,0),1) -> 0.58742625
A315: Manufacture of ceramics | B315: Manufacture of ceramic sanitary fixtures | C315: Non-metallic mineral products | D315: Non-metallic minerals | E315: Ceramics | F315: 9 | G315: Ceramics [WA] | H315: =INDEX('Data sources'!G:G,MATCH(G315,'Data sources'!A:A,0),1) -> 0.12876363 | I315: =INDEX('Data sources'!J:J,MATCH(G315,'Data sources'!A:A,0),1) -> 0.095090361 | J315: =INDEX('Data sources'!R:R,MATCH(G315,'Data sources'!A:A,0),1) -> 3.0746808 | K315: =INDEX('Data sources'!S:S,MATCH(G315,'Data sources'!A:A,0),1) -> 0 | L315: =IF(B315="",A315,A315&"_"&B315) -> Manufacture of ceramics_Manufacture of ceramic sanitary fixtures | M315: =INDEX('Data sources'!U:U,MATCH($G315,'Data sources'!$A:$A,0),1) -> 0.66884535 | N315: =INDEX('Data sources'!V:V,MATCH($G315,'Data sources'!$A:$A,0),1) -> 0.58742625
A316: Manufacture of ceramics | B316: Manufacture of ceramic tiles and flags | C316: Non-metallic mineral products | D316: Non-metallic minerals | E316: Ceramics | F316: 235 | G316: Ceramics [WA] | H316: =INDEX('Data sources'!G:G,MATCH(G316,'Data sources'!A:A,0),1) -> 0.12876363 | I316: =INDEX('Data sources'!J:J,MATCH(G316,'Data sources'!A:A,0),1) -> 0.095090361 | J316: =INDEX('Data sources'!R:R,MATCH(G316,'Data sources'!A:A,0),1) -> 3.0746808 | K316: =INDEX('Data sources'!S:S,MATCH(G316,'Data sources'!A:A,0),1) -> 0 | L316: =IF(B316="",A316,A316&"_"&B316) -> Manufacture of ceramics_Manufacture of ceramic tiles and flags | M316: =INDEX('Data sources'!U:U,MATCH($G316,'Data sources'!$A:$A,0),1) -> 0.66884535 | N316: =INDEX('Data sources'!V:V,MATCH($G316,'Data sources'!$A:$A,0),1) -> 0.58742625
A317: Manufacture of ceramics | B317: Manufacture of mortars | C317: Non-metallic mineral products | D317: Non-metallic minerals | E317: Ceramics | F317: 2 | G317: Ceramics [WA] | H317: =INDEX('Data sources'!G:G,MATCH(G317,'Data sources'!A:A,0),1) -> 0.12876363 | I317: =INDEX('Data sources'!J:J,MATCH(G317,'Data sources'!A:A,0),1) -> 0.095090361 | J317: =INDEX('Data sources'!R:R,MATCH(G317,'Data sources'!A:A,0),1) -> 3.0746808 | K317: =INDEX('Data sources'!S:S,MATCH(G317,'Data sources'!A:A,0),1) -> 0 | L317: =IF(B317="",A317,A317&"_"&B317) -> Manufacture of ceramics_Manufacture of mortars | M317: =INDEX('Data sources'!U:U,MATCH($G317,'Data sources'!$A:$A,0),1) -> 0.66884535 | N317: =INDEX('Data sources'!V:V,MATCH($G317,'Data sources'!$A:$A,0),1) -> 0.58742625
A318: Manufacture of ceramics | B318: Manufacture of other porcelain and ceramic products | C318: Non-metallic mineral products | D318: Non-metallic minerals | E318: Ceramics | F318: 1 | G318: Ceramics [WA] | H318: =INDEX('Data sources'!G:G,MATCH(G318,'Data sources'!A:A,0),1) -> 0.12876363 | I318: =INDEX('Data sources'!J:J,MATCH(G318,'Data sources'!A:A,0),1) -> 0.095090361 | J318: =INDEX('Data sources'!R:R,MATCH(G318,'Data sources'!A:A,0),1) -> 3.0746808 | K318: =INDEX('Data sources'!S:S,MATCH(G318,'Data sources'!A:A,0),1) -> 0 | L318: =IF(B318="",A318,A318&"_"&B318) -> Manufacture of ceramics_Manufacture of other porcelain and ceramic products | M318: =INDEX('Data sources'!U:U,MATCH($G318,'Data sources'!$A:$A,0),1) -> 0.66884535 | N318: =INDEX('Data sources'!V:V,MATCH($G318,'Data sources'!$A:$A,0),1) -> 0.58742625
A319: Manufacture of ceramics | B319: Manufacture of other technical ceramic products | C319: Non-metallic mineral products | D319: Non-metallic minerals | E319: Ceramics | F319: 3 | G319: Ceramics [WA] | H319: =INDEX('Data sources'!G:G,MATCH(G319,'Data sources'!A:A,0),1) -> 0.12876363 | I319: =INDEX('Data sources'!J:J,MATCH(G319,'Data sources'!A:A,0),1) -> 0.095090361 | J319: =INDEX('Data sources'!R:R,MATCH(G319,'Data sources'!A:A,0),1) -> 3.0746808 | K319: =INDEX('Data sources'!S:S,MATCH(G319,'Data sources'!A:A,0),1) -> 0 | L319: =IF(B319="",A319,A319&"_"&B319) -> Manufacture of ceramics_Manufacture of other technical ceramic products | M319: =INDEX('Data sources'!U:U,MATCH($G319,'Data sources'!$A:$A,0),1) -> 0.66884535 | N319: =INDEX('Data sources'!V:V,MATCH($G319,'Data sources'!$A:$A,0),1) -> 0.58742625
A320: Manufacture of ceramics | B320: Manufacture of other inorganic basic chemicals | C320: Chemicals | D320: Chemicals | E320: Chemicals | F320: 1 | G320: Chemicals [Inorganic chemicals subset, WA] | H320: =INDEX('Data sources'!G:G,MATCH(G320,'Data sources'!A:A,0),1) -> 1.5967631 | I320: =INDEX('Data sources'!J:J,MATCH(G320,'Data sources'!A:A,0),1) -> 1.2656396 | J320: =INDEX('Data sources'!R:R,MATCH(G320,'Data sources'!A:A,0),1) -> 3.291173 | K320: =INDEX('Data sources'!S:S,MATCH(G320,'Data sources'!A:A,0),1) -> 10.213572 | L320: =IF(B320="",A320,A320&"_"&B320) -> Manufacture of ceramics_Manufacture of other inorganic basic chemicals | M320: =INDEX('Data sources'!U:U,MATCH($G320,'Data sources'!$A:$A,0),1) -> 0.84137119 | N320: =INDEX('Data sources'!V:V,MATCH($G320,'Data sources'!$A:$A,0),1) -> 0.86357922
A321: Manufacture of ceramics | B321: Manufacture and processing of other glass, including technical glassware | C321: Non-metallic mineral products | D321: Non-metallic minerals | E321: Glass | F321: 1 | G321: Glass [WA] | H321: =INDEX('Data sources'!G:G,MATCH(G321,'Data sources'!A:A,0),1) -> 0.44693421 | I321: =INDEX('Data sources'!J:J,MATCH(G321,'Data sources'!A:A,0),1) -> 0.32449754 | J321: =INDEX('Data sources'!R:R,MATCH(G321,'Data sources'!A:A,0),1) -> 8.3851771 | K321: =INDEX('Data sources'!S:S,MATCH(G321,'Data sources'!A:A,0),1) -> 0 | L321: =IF(B321="",A321,A321&"_"&B321) -> Manufacture of ceramics_Manufacture and processing of other glass, including technical glassware | M321: =INDEX('Data sources'!U:U,MATCH($G321,'Data sources'!$A:$A,0),1) -> 0.66884535 | N321: =INDEX('Data sources'!V:V,MATCH($G321,'Data sources'!$A:$A,0),1) -> 0.58742625
A322: Manufacture of ceramics | B322: Other mining and quarrying n.e.c. | C322: Other mining and quarrying | D322: Other | E322: Mining & quarrying | F322: 2 | G322: Fuel Benchmark | H322: =INDEX('Data sources'!G:G,MATCH(G322,'Data sources'!A:A,0),1) -> 0.0579 | I322: =INDEX('Data sources'!J:J,MATCH(G322,'Data sources'!A:A,0),1) -> 0.0426 | J322: =INDEX('Data sources'!R:R,MATCH(G322,'Data sources'!A:A,0),1) -> 1 | K322: =INDEX('Data sources'!S:S,MATCH(G322,'Data sources'!A:A,0),1) -> 0 | L322: =IF(B322="",A322,A322&"_"&B322) -> Manufacture of ceramics_Other mining and quarrying n.e.c. | M322: =INDEX('Data sources'!U:U,MATCH($G322,'Data sources'!$A:$A,0),1) -> 0.78416348 | N322: =INDEX('Data sources'!V:V,MATCH($G322,'Data sources'!$A:$A,0),1) -> 0.7253514
A323: Manufacture of ceramics | B323: Manufacture of other non-metallic mineral products n.e.c. | C323: Non-metallic mineral products | D323: Non-metallic minerals | E323: Non-metallic products | F323: 9 | G323: Ceramics [WA] | H323: =INDEX('Data sources'!G:G,MATCH(G323,'Data sources'!A:A,0),1) -> 0.12876363 | I323: =INDEX('Data sources'!J:J,MATCH(G323,'Data sources'!A:A,0),1) -> 0.095090361 | J323: =INDEX('Data sources'!R:R,MATCH(G323,'Data sources'!A:A,0),1) -> 3.0746808 | K323: =INDEX('Data sources'!S:S,MATCH(G323,'Data sources'!A:A,0),1) -> 0 | L323: =IF(B323="",A323,A323&"_"&B323) -> Manufacture of ceramics_Manufacture of other non-metallic mineral products n.e.c. | M323: =INDEX('Data sources'!U:U,MATCH($G323,'Data sources'!$A:$A,0),1) -> 0.66884535 | N323: =INDEX('Data sources'!V:V,MATCH($G323,'Data sources'!$A:$A,0),1) -> 0.58742625
... A327: Manufacture of ceramics | B327: Manufacture of refractory products | C327: Non-metallic mineral products | D327: Non-metallic minerals | E327: Refractories | F327: 32 | G327: Refractories [n.a.] | H327: =INDEX('Data sources'!G:G,MATCH(G327,'Data sources'!A:A,0),1) -> 1.8 | I327: =INDEX('Data sources'!J:J,MATCH(G327,'Data sources'!A:A,0),1) -> 1.8 | J327: =INDEX('Data sources'!R:R,MATCH(G327,'Data sources'!A:A,0),1) -> 5.3784 | K327: =INDEX('Data sources'!S:S,MATCH(G327,'Data sources'!A:A,0),1) -> 0 | L327: =IF(B327="",A327,A327&"_"&B327) -> Manufacture of ceramics_Manufacture of refractory products | M327: =INDEX('Data sources'!U:U,MATCH($G327,'Data sources'!$A:$A,0),1) -> 0.66884535 | N327: =INDEX('Data sources'!V:V,MATCH($G327,'Data sources'!$A:$A,0),1) -> 0.58742625
A328: Manufacture of ceramics | D328: Non-metallic minerals | E328: 0 | G328: Ceramics [WA] | H328: =INDEX('Data sources'!G:G,MATCH(G328,'Data sources'!A:A,0),1) -> 0.12876363 | I328: =INDEX('Data sources'!J:J,MATCH(G328,'Data sources'!A:A,0),1) -> 0.095090361 | J328: =INDEX('Data sources'!R:R,MATCH(G328,'Data sources'!A:A,0),1) -> 3.0746808 | K328: =INDEX('Data sources'!S:S,MATCH(G328,'Data sources'!A:A,0),1) -> 0 | L328: =IF(B328="",A328,A328&"_"&B328) -> Manufacture of ceramics | M328: =INDEX('Data sources'!U:U,MATCH($G328,'Data sources'!$A:$A,0),1) -> 0.66884535 | N328: =INDEX('Data sources'!V:V,MATCH($G328,'Data sources'!$A:$A,0),1) -> 0.58742625
A329: Manufacture of glass | B329: Manufacture of concrete products for construction purposes | C329: Non-metallic mineral products | D329: Non-metallic minerals | E329: Cement | F329: 1 | G329: Cement [WA] | H329: =INDEX('Data sources'!G:G,MATCH(G329,'Data sources'!A:A,0),1) -> 0.81745071 | I329: =INDEX('Data sources'!J:J,MATCH(G329,'Data sources'!A:A,0),1) -> 0.6991394 | J329: =INDEX('Data sources'!R:R,MATCH(G329,'Data sources'!A:A,0),1) -> 4.32 | K329: =INDEX('Data sources'!S:S,MATCH(G329,'Data sources'!A:A,0),1) -> 0 | L329: =IF(B329="",A329,A329&"_"&B329) -> Manufacture of glass_Manufacture of concrete products for construction purposes | M329: =INDEX('Data sources'!U:U,MATCH($G329,'Data sources'!$A:$A,0),1) -> 0.66884535 | N329: =INDEX('Data sources'!V:V,MATCH($G329,'Data sources'!$A:$A,0),1) -> 0.58742625
A330: Manufacture of glass | B330: Manufacture of other inorganic basic chemicals | C330: Chemicals | D330: Chemicals | E330: Chemicals | F330: 3 | G330: Chemicals [Inorganic chemicals subset, WA] | H330: =INDEX('Data sources'!G:G,MATCH(G330,'Data sources'!A:A,0),1) -> 1.5967631 | I330: =INDEX('Data sources'!J:J,MATCH(G330,'Data sources'!A:A,0),1) -> 1.2656396 | J330: =INDEX('Data sources'!R:R,MATCH(G330,'Data sources'!A:A,0),1) -> 3.291173 | K330: =INDEX('Data sources'!S:S,MATCH(G330,'Data sources'!A:A,0),1) -> 10.213572 | L330: =IF(B330="",A330,A330&"_"&B330) -> Manufacture of glass_Manufacture of other inorganic basic chemicals | M330: =INDEX('Data sources'!U:U,MATCH($G330,'Data sources'!$A:$A,0),1) -> 0.84137119 | N330: =INDEX('Data sources'!V:V,MATCH($G330,'Data sources'!$A:$A,0),1) -> 0.86357922
A331: Manufacture of glass | B331: Manufacture and processing of other glass, including technical glassware | C331: Non-metallic mineral products | D331: Non-metallic minerals | E331: Glass | F331: 28 | G331: Glass [WA] | H331: =INDEX('Data sources'!G:G,MATCH(G331,'Data sources'!A:A,0),1) -> 0.44693421 | I331: =INDEX('Data sources'!J:J,MATCH(G331,'Data sources'!A:A,0),1) -> 0.32449754 | J331: =INDEX('Data sources'!R:R,MATCH(G331,'Data sources'!A:A,0),1) -> 8.3851771 | K331: =INDEX('Data sources'!S:S,MATCH(G331,'Data sources'!A:A,0),1) -> 0 | L331: =IF(B331="",A331,A331&"_"&B331) -> Manufacture of glass_Manufacture and processing of other glass, including technical glassware | M331: =INDEX('Data sources'!U:U,MATCH($G331,'Data sources'!$A:$A,0),1) -> 0.66884535 | N331: =INDEX('Data sources'!V:V,MATCH($G331,'Data sources'!$A:$A,0),1) -> 0.58742625
A332: Manufacture of glass | B332: Manufacture of flat glass | C332: Non-metallic mineral products | D332: Non-metallic minerals | E332: Glass | F332: 42 | G332: Glass [WA] | H332: =INDEX('Data sources'!G:G,MATCH(G332,'Data sources'!A:A,0),1) -> 0.44693421 | I332: =INDEX('Data sources'!J:J,MATCH(G332,'Data sources'!A:A,0),1) -> 0.32449754 | J332: =INDEX('Data sources'!R:R,MATCH(G332,'Data sources'!A:A,0),1) -> 8.3851771 | K332: =INDEX('Data sources'!S:S,MATCH(G332,'Data sources'!A:A,0),1) -> 0 | L332: =IF(B332="",A332,A332&"_"&B332) -> Manufacture of glass_Manufacture of flat glass | M332: =INDEX('Data sources'!U:U,MATCH($G332,'Data sources'!$A:$A,0),1) -> 0.66884535 | N332: =INDEX('Data sources'!V:V,MATCH($G332,'Data sources'!$A:$A,0),1) -> 0.58742625
A333: Manufacture of glass | B333: Manufacture of hollow glass | C333: Non-metallic mineral products | D333: Non-metallic minerals | E333: Glass | F333: 170 | G333: Glass [WA] | H333: =INDEX('Data sources'!G:G,MATCH(G333,'Data sources'!A:A,0),1) -> 0.44693421 | I333: =INDEX('Data sources'!J:J,MATCH(G333,'Data sources'!A:A,0),1) -> 0.32449754 | J333: =INDEX('Data sources'!R:R,MATCH(G333,'Data sources'!A:A,0),1) -> 8.3851771 | K333: =INDEX('Data sources'!S:S,MATCH(G333,'Data sources'!A:A,0),1) -> 0 | L333: =IF(B333="",A333,A333&"_"&B333) -> Manufacture of glass_Manufacture of hollow glass | M333: =INDEX('Data sources'!U:U,MATCH($G333,'Data sources'!$A:$A,0),1) -> 0.66884535 | N333: =INDEX('Data sources'!V:V,MATCH($G333,'Data sources'!$A:$A,0),1) -> 0.58742625
A334: Manufacture of glass | B334: Manufacture of paints, varnishes and similar coatings, printing ink and mastics | C334: Chemicals | D334: Non-metallic minerals | E334: Glass | F334: 17 | G334: Glass [WA] | H334: =INDEX('Data sources'!G:G,MATCH(G334,'Data sources'!A:A,0),1) -> 0.44693421 | I334: =INDEX('Data sources'!J:J,MATCH(G334,'Data sources'!A:A,0),1) -> 0.32449754 | J334: =INDEX('Data sources'!R:R,MATCH(G334,'Data sources'!A:A,0),1) -> 8.3851771 | K334: =INDEX('Data sources'!S:S,MATCH(G334,'Data sources'!A:A,0),1) -> 0 | L334: =IF(B334="",A334,A334&"_"&B334) -> Manufacture of glass_Manufacture of paints, varnishes and similar coatings, printing ink and mastics | M334: =INDEX('Data sources'!U:U,MATCH($G334,'Data sources'!$A:$A,0),1) -> 0.66884535 | N334: =INDEX('Data sources'!V:V,MATCH($G334,'Data sources'!$A:$A,0),1) -> 0.58742625
A335: Manufacture of glass | B335: Manufacture of glass fibres | C335: Non-metallic mineral products | D335: Non-metallic minerals | E335: Glass fibre and mineral wool | F335: 26 | G335: Continuous filament glass fibre & mineral wool [WA] | H335: =INDEX('Data sources'!G:G,MATCH(G335,'Data sources'!A:A,0),1) -> 0.73925353 | I335: =INDEX('Data sources'!J:J,MATCH(G335,'Data sources'!A:A,0),1) -> 0.50052642 | J335: =INDEX('Data sources'!R:R,MATCH(G335,'Data sources'!A:A,0),1) -> 4.932 | K335: =INDEX('Data sources'!S:S,MATCH(G335,'Data sources'!A:A,0),1) -> 0 | L335: =IF(B335="",A335,A335&"_"&B335) -> Manufacture of glass_Manufacture of glass fibres | M335: =INDEX('Data sources'!U:U,MATCH($G335,'Data sources'!$A:$A,0),1) -> 0.66884535 | N335: =INDEX('Data sources'!V:V,MATCH($G335,'Data sources'!$A:$A,0),1) -> 0.58742625
A336: Manufacture of glass | B336: Manufacture of other non-metallic mineral products n.e.c. | C336: Non-metallic mineral products | D336: Non-metallic minerals | E336: Non-metallic products | F336: 2 | G336: Glass [WA] | H336: =INDEX('Data sources'!G:G,MATCH(G336,'Data sources'!A:A,0),1) -> 0.44693421 | I336: =INDEX('Data sources'!J:J,MATCH(G336,'Data sources'!A:A,0),1) -> 0.32449754 | J336: =INDEX('Data sources'!R:R,MATCH(G336,'Data sources'!A:A,0),1) -> 8.3851771 | K336: =INDEX('Data sources'!S:S,MATCH(G336,'Data sources'!A:A,0),1) -> 0 | L336: =IF(B336="",A336,A336&"_"&B336) -> Manufacture of glass_Manufacture of other non-metallic mineral products n.e.c. | M336: =INDEX('Data sources'!U:U,MATCH($G336,'Data sources'!$A:$A,0),1) -> 0.66884535 | N336: =INDEX('Data sources'!V:V,MATCH($G336,'Data sources'!$A:$A,0),1) -> 0.58742625
A337: Manufacture of glass | B337: Manufacture of electric lighting equipment | C337: Electrical equipment | D337: Other | E337: Other combustion | F337: 1 | G337: Fuel Benchmark | H337: =INDEX('Data sources'!G:G,MATCH(G337,'Data sources'!A:A,0),1) -> 0.0579 | I337: =INDEX('Data sources'!J:J,MATCH(G337,'Data sources'!A:A,0),1) -> 0.0426 | J337: =INDEX('Data sources'!R:R,MATCH(G337,'Data sources'!A:A,0),1) -> 1 | K337: =INDEX('Data sources'!S:S,MATCH(G337,'Data sources'!A:A,0),1) -> 0 | L337: =IF(B337="",A337,A337&"_"&B337) -> Manufacture of glass_Manufacture of electric lighting equipment | M337: =INDEX('Data sources'!U:U,MATCH($G337,'Data sources'!$A:$A,0),1) -> 0.78416348 | N337: =INDEX('Data sources'!V:V,MATCH($G337,'Data sources'!$A:$A,0),1) -> 0.7253514
A338: Manufacture of glass | B338: Production of electricity | C338: Electricity, gas, steam and air conditioning supply | D338: Power and heat | E338: Power and heat | F338: 1 | G338: Fuel Benchmark | H338: =INDEX('Data sources'!G:G,MATCH(G338,'Data sources'!A:A,0),1) -> 0.0579 | I338: =INDEX('Data sources'!J:J,MATCH(G338,'Data sources'!A:A,0),1) -> 0.0426 | J338: =INDEX('Data sources'!R:R,MATCH(G338,'Data sources'!A:A,0),1) -> 1 | K338: =INDEX('Data sources'!S:S,MATCH(G338,'Data sources'!A:A,0),1) -> 0 | L338: =IF(B338="",A338,A338&"_"&B338) -> Manufacture of glass_Production of electricity | M338: =INDEX('Data sources'!U:U,MATCH($G338,'Data sources'!$A:$A,0),1) -> 0.78416348 | N338: =INDEX('Data sources'!V:V,MATCH($G338,'Data sources'!$A:$A,0),1) -> 0.7253514
A339: Manufacture of glass | D339: Non-metallic minerals | E339: 0 | G339: Glass [WA] | H339: =INDEX('Data sources'!G:G,MATCH(G339,'Data sources'!A:A,0),1) -> 0.44693421 | I339: =INDEX('Data sources'!J:J,MATCH(G339,'Data sources'!A:A,0),1) -> 0.32449754 | J339: =INDEX('Data sources'!R:R,MATCH(G339,'Data sources'!A:A,0),1) -> 8.3851771 | K339: =INDEX('Data sources'!S:S,MATCH(G339,'Data sources'!A:A,0),1) -> 0 | L339: =IF(B339="",A339,A339&"_"&B339) -> Manufacture of glass | M339: =INDEX('Data sources'!U:U,MATCH($G339,'Data sources'!$A:$A,0),1) -> 0.66884535 | N339: =INDEX('Data sources'!V:V,MATCH($G339,'Data sources'!$A:$A,0),1) -> 0.58742625
A340: Manufacture of mineral wool | B340: Manufacture of glass fibres | C340: Non-metallic mineral products | D340: Non-metallic minerals | E340: Glass fibre and mineral wool | F340: 12 | G340: Continuous filament glass fibre & mineral wool [WA] | H340: =INDEX('Data sources'!G:G,MATCH(G340,'Data sources'!A:A,0),1) -> 0.73925353 | I340: =INDEX('Data sources'!J:J,MATCH(G340,'Data sources'!A:A,0),1) -> 0.50052642 | J340: =INDEX('Data sources'!R:R,MATCH(G340,'Data sources'!A:A,0),1) -> 4.932 | K340: =INDEX('Data sources'!S:S,MATCH(G340,'Data sources'!A:A,0),1) -> 0 | L340: =IF(B340="",A340,A340&"_"&B340) -> Manufacture of mineral wool_Manufacture of glass fibres | M340: =INDEX('Data sources'!U:U,MATCH($G340,'Data sources'!$A:$A,0),1) -> 0.66884535 | N340: =INDEX('Data sources'!V:V,MATCH($G340,'Data sources'!$A:$A,0),1) -> 0.58742625
A341: Manufacture of mineral wool | B341: Manufacture of other non-metallic mineral products n.e.c. | C341: Non-metallic mineral products | D341: Non-metallic minerals | E341: Non-metallic products | F341: 26 | G341: Continuous filament glass fibre & mineral wool [WA] | H341: =INDEX('Data sources'!G:G,MATCH(G341,'Data sources'!A:A,0),1) -> 0.73925353 | I341: =INDEX('Data sources'!J:J,MATCH(G341,'Data sources'!A:A,0),1) -> 0.50052642 | J341: =INDEX('Data sources'!R:R,MATCH(G341,'Data sources'!A:A,0),1) -> 4.932 | K341: =INDEX('Data sources'!S:S,MATCH(G341,'Data sources'!A:A,0),1) -> 0 | L341: =IF(B341="",A341,A341&"_"&B341) -> Manufacture of mineral wool_Manufacture of other non-metallic mineral products n.e.c. | M341: =INDEX('Data sources'!U:U,MATCH($G341,'Data sources'!$A:$A,0),1) -> 0.66884535 | N341: =INDEX('Data sources'!V:V,MATCH($G341,'Data sources'!$A:$A,0),1) -> 0.58742625
A342: Manufacture of mineral wool | D342: Non-metallic minerals | E342: 0 | G342: Continuous filament glass fibre & mineral wool [WA] | H342: =INDEX('Data sources'!G:G,MATCH(G342,'Data sources'!A:A,0),1) -> 0.73925353 | I342: =INDEX('Data sources'!J:J,MATCH(G342,'Data sources'!A:A,0),1) -> 0.50052642 | J342: =INDEX('Data sources'!R:R,MATCH(G342,'Data sources'!A:A,0),1) -> 4.932 | K342: =INDEX('Data sources'!S:S,MATCH(G342,'Data sources'!A:A,0),1) -> 0 | L342: =IF(B342="",A342,A342&"_"&B342) -> Manufacture of mineral wool | M342: =INDEX('Data sources'!U:U,MATCH($G342,'Data sources'!$A:$A,0),1) -> 0.66884535 | N342: =INDEX('Data sources'!V:V,MATCH($G342,'Data sources'!$A:$A,0),1) -> 0.58742625
A343: Metal ore (including sulphide ore) roasting or sintering installations | B343: Manufacture of basic iron and steel and of ferro-alloys | C343: Basic metals | D343: Iron & steel | E343: Iron & steel | F343: 1 | G343: Iron & Steel - Integrated [WA] | H343: =INDEX('Data sources'!G:G,MATCH(G343,'Data sources'!A:A,0),1) -> 1.495 | I343: =INDEX('Data sources'!J:J,MATCH(G343,'Data sources'!A:A,0),1) -> 1.288 | J343: =INDEX('Data sources'!R:R,MATCH(G343,'Data sources'!A:A,0),1) -> 14.976 | K343: =INDEX('Data sources'!S:S,MATCH(G343,'Data sources'!A:A,0),1) -> 6.804 | L343: =IF(B343="",A343,A343&"_"&B343) -> Metal ore (including sulphide ore) roasting or sintering installations_Manufacture of basic iron and steel and of ferro-alloys | M343: =INDEX('Data sources'!U:U,MATCH($G343,'Data sources'!$A:$A,0),1) -> 0.55465093 | N343: =INDEX('Data sources'!V:V,MATCH($G343,'Data sources'!$A:$A,0),1) -> 0.43306202
A344: Metal ore (including sulphide ore) roasting or sintering installations | D344: Iron & steel | E344: 0 | G344: Sintered ore | H344: =INDEX('Data sources'!G:G,MATCH(G344,'Data sources'!A:A,0),1) -> 0.248 | I344: =INDEX('Data sources'!J:J,MATCH(G344,'Data sources'!A:A,0),1) -> 0.157 | J344: =INDEX('Data sources'!R:R,MATCH(G344,'Data sources'!A:A,0),1) -> 2.232 | K344: =INDEX('Data sources'!S:S,MATCH(G344,'Data sources'!A:A,0),1) -> 0 | L344: =IF(B344="",A344,A344&"_"&B344) -> Metal ore (including sulphide ore) roasting or sintering installations | M344: =INDEX('Data sources'!U:U,MATCH($G344,'Data sources'!$A:$A,0),1) -> 0.55465093 | N344: =INDEX('Data sources'!V:V,MATCH($G344,'Data sources'!$A:$A,0),1) -> 0.43306202
A345: Metal ore roasting or sintering | B345: Manufacture of dyes and pigments | C345: Chemicals | D345: Chemicals | E345: Chemicals | F345: 1 | G345: Chemicals [WA] | H345: =INDEX('Data sources'!G:G,MATCH(G345,'Data sources'!A:A,0),1) -> 1.1838611 | I345: =INDEX('Data sources'!J:J,MATCH(G345,'Data sources'!A:A,0),1) -> 1.0013516 | J345: =INDEX('Data sources'!R:R,MATCH(G345,'Data sources'!A:A,0),1) -> 2.6802341 | K345: =INDEX('Data sources'!S:S,MATCH(G345,'Data sources'!A:A,0),1) -> 27.108503 | L345: =IF(B345="",A345,A345&"_"&B345) -> Metal ore roasting or sintering_Manufacture of dyes and pigments | M345: =INDEX('Data sources'!U:U,MATCH($G345,'Data sources'!$A:$A,0),1) -> 0.84137119 | N345: =INDEX('Data sources'!V:V,MATCH($G345,'Data sources'!$A:$A,0),1) -> 0.86357922
A346: Metal ore roasting or sintering | B346: Manufacture of other inorganic basic chemicals | C346: Chemicals | D346: Chemicals | E346: Chemicals | F346: 1 | G346: Chemicals [Inorganic chemicals subset, WA] | H346: =INDEX('Data sources'!G:G,MATCH(G346,'Data sources'!A:A,0),1) -> 1.5967631 | I346: =INDEX('Data sources'!J:J,MATCH(G346,'Data sources'!A:A,0),1) -> 1.2656396 | J346: =INDEX('Data sources'!R:R,MATCH(G346,'Data sources'!A:A,0),1) -> 3.291173 | K346: =INDEX('Data sources'!S:S,MATCH(G346,'Data sources'!A:A,0),1) -> 10.213572 | L346: =IF(B346="",A346,A346&"_"&B346) -> Metal ore roasting or sintering_Manufacture of other inorganic basic chemicals | M346: =INDEX('Data sources'!U:U,MATCH($G346,'Data sources'!$A:$A,0),1) -> 0.84137119 | N346: =INDEX('Data sources'!V:V,MATCH($G346,'Data sources'!$A:$A,0),1) -> 0.86357922
A347: Metal ore roasting or sintering | B347: Lead, zinc and tin production | C347: Basic metals | D347: Non-ferrous metals | E347: Lead, zinc and tin | F347: 1 | G347: Lead, zinc and tin [n.a.] | H347: =INDEX('Data sources'!G:G,MATCH(G347,'Data sources'!A:A,0),1) -> 1.92 | I347: =INDEX('Data sources'!J:J,MATCH(G347,'Data sources'!A:A,0),1) -> 1.92 | J347: =INDEX('Data sources'!R:R,MATCH(G347,'Data sources'!A:A,0),1) -> 2.268 | K347: =INDEX('Data sources'!S:S,MATCH(G347,'Data sources'!A:A,0),1) -> 0 | L347: =IF(B347="",A347,A347&"_"&B347) -> Metal ore roasting or sintering_Lead, zinc and tin production | M347: =INDEX('Data sources'!U:U,MATCH($G347,'Data sources'!$A:$A,0),1) -> 0.83923856 | N347: =INDEX('Data sources'!V:V,MATCH($G347,'Data sources'!$A:$A,0),1) -> 0.99183493
A348: Metal ore roasting or sintering | B348: Mining of iron ores | C348: Mining of metal ores | D348: Other | E348: Mining & quarrying | F348: 6 | G348: Fuel Benchmark | H348: =INDEX('Data sources'!G:G,MATCH(G348,'Data sources'!A:A,0),1) -> 0.0579 | I348: =INDEX('Data sources'!J:J,MATCH(G348,'Data sources'!A:A,0),1) -> 0.0426 | J348: =INDEX('Data sources'!R:R,MATCH(G348,'Data sources'!A:A,0),1) -> 1 | K348: =INDEX('Data sources'!S:S,MATCH(G348,'Data sources'!A:A,0),1) -> 0 | L348: =IF(B348="",A348,A348&"_"&B348) -> Metal ore roasting or sintering_Mining of iron ores | M348: =INDEX('Data sources'!U:U,MATCH($G348,'Data sources'!$A:$A,0),1) -> 0.78416348 | N348: =INDEX('Data sources'!V:V,MATCH($G348,'Data sources'!$A:$A,0),1) -> 0.7253514
A349: Metal ore roasting or sintering | D349: Iron & steel | E349: 0 | G349: Sintered ore | H349: =INDEX('Data sources'!G:G,MATCH(G349,'Data sources'!A:A,0),1) -> 0.248 | I349: =INDEX('Data sources'!J:J,MATCH(G349,'Data sources'!A:A,0),1) -> 0.157 | J349: =INDEX('Data sources'!R:R,MATCH(G349,'Data sources'!A:A,0),1) -> 2.232 | K349: =INDEX('Data sources'!S:S,MATCH(G349,'Data sources'!A:A,0),1) -> 0 | L349: =IF(B349="",A349,A349&"_"&B349) -> Metal ore roasting or sintering | M349: =INDEX('Data sources'!U:U,MATCH($G349,'Data sources'!$A:$A,0),1) -> 0.55465093 | N349: =INDEX('Data sources'!V:V,MATCH($G349,'Data sources'!$A:$A,0),1) -> 0.43306202
A350: Mineral oil refineries | B350: Electric power generation, transmission and distribution | C350: Electricity, gas, steam and air conditioning supply | D350: Power and heat | E350: Power and heat | F350: 3 | G350: Fuel Benchmark | H350: =INDEX('Data sources'!G:G,MATCH(G350,'Data sources'!A:A,0),1) -> 0.0579 | I350: =INDEX('Data sources'!J:J,MATCH(G350,'Data sources'!A:A,0),1) -> 0.0426 | J350: =INDEX('Data sources'!R:R,MATCH(G350,'Data sources'!A:A,0),1) -> 1 | K350: =INDEX('Data sources'!S:S,MATCH(G350,'Data sources'!A:A,0),1) -> 0 | L350: =IF(B350="",A350,A350&"_"&B350) -> Mineral oil refineries_Electric power generation, transmission and distribution | M350: =INDEX('Data sources'!U:U,MATCH($G350,'Data sources'!$A:$A,0),1) -> 0.78416348 | N350: =INDEX('Data sources'!V:V,MATCH($G350,'Data sources'!$A:$A,0),1) -> 0.7253514
A351: Mineral oil refineries | B351: Manufacture of refined petroleum products | C351: Coke and refined pretroleu, | D351: Refining | E351: Refining | F351: 16 | G351: Refinery products | H351: =INDEX('Data sources'!G:G,MATCH(G351,'Data sources'!A:A,0),1) -> 0.55 | I351: =INDEX('Data sources'!J:J,MATCH(G351,'Data sources'!A:A,0),1) -> 0.40714286 | J351: =INDEX('Data sources'!R:R,MATCH(G351,'Data sources'!A:A,0),1) -> 0 | K351: =INDEX('Data sources'!S:S,MATCH(G351,'Data sources'!A:A,0),1) -> 0.432 | L351: =IF(B351="",A351,A351&"_"&B351) -> Mineral oil refineries_Manufacture of refined petroleum products | M351: =INDEX('Data sources'!U:U,MATCH($G351,'Data sources'!$A:$A,0),1) -> 0.75247639 | N351: =INDEX('Data sources'!V:V,MATCH($G351,'Data sources'!$A:$A,0),1) -> 0.39034567
A352: Mineral oil refineries | D352: Refining | E352: 0 | G352: Refinery products | H352: =INDEX('Data sources'!G:G,MATCH(G352,'Data sources'!A:A,0),1) -> 0.55 | I352: =INDEX('Data sources'!J:J,MATCH(G352,'Data sources'!A:A,0),1) -> 0.40714286 | J352: =INDEX('Data sources'!R:R,MATCH(G352,'Data sources'!A:A,0),1) -> 0 | K352: =INDEX('Data sources'!S:S,MATCH(G352,'Data sources'!A:A,0),1) -> 0.432 | L352: =IF(B352="",A352,A352&"_"&B352) -> Mineral oil refineries | M352: =INDEX('Data sources'!U:U,MATCH($G352,'Data sources'!$A:$A,0),1) -> 0.75247639 | N352: =INDEX('Data sources'!V:V,MATCH($G352,'Data sources'!$A:$A,0),1) -> 0.39034567
...
