Workbook

Sheet Data
A1: commodity | B1: type | C1: fossil_scenario | D1: 2024 | E1: =D1+1 -> 2025 | F1: =E1+1 -> 2026 | G1: =F1+1 -> 2027 | H1: =G1+1 -> 2028 | I1: =H1+1 -> 2029 | J1: =I1+1 -> 2030 | K1: =J1+1 -> 2031 | L1: =K1+1 -> 2032 | ... AD1: =AC1+1 -> 2050
A2: Natural Gas | B2: Fossil | C2: flat_carbon_price | D2: ='Flat Carbon Price Calc'!E19 -> 43.145 | E2: ='Flat Carbon Price Calc'!F19 -> 43.56 | F2: ='Flat Carbon Price Calc'!G19 -> 43.975 | G2: ='Flat Carbon Price Calc'!H19 -> 44.39 | H2: ='Flat Carbon Price Calc'!I19 -> 44.805 | I2: ='Flat Carbon Price Calc'!J19 -> 45.22 | J2: ='Flat Carbon Price Calc'!K19 -> 45.635 | K2: ='Flat Carbon Price Calc'!L19 -> 45.194 | ... AD2: ='Flat Carbon Price Calc'!AE19 -> 36.815
A3: Natural Gas | B3: Fossil | C3: no_carbon_price | D3: 24.33 | E3: 24.745 | F3: 25.16 | G3: 25.575 | H3: 25.99 | I3: 26.405 | J3: 26.82 | K3: 26.379 | L3: 25.938 | M3: 25.497 | N3: 25.056 | O3: 24.615 | P3: 24.174 | Q3: 23.733 | R3: 23.292 | S3: 22.851 | T3: 22.41 | U3: 21.969 | V3: 21.528 | W3: 21.087 | X3: 20.646 | Y3: 20.205 | Z3: 19.764 | AA3: 19.323 | AB3: 18.882 | AC3: 18.441 | AD3: 18
A4: Natural Gas | B4: Fossil | C4: carbon_price | D4: 55.23695 | E4: 55.65195 | F4: 57.80005 | G4: 59.94815 | H4: 62.09625 | I4: 64.24435 | J4: 66.39245 | K4: 68.20448 | L4: 70.01651 | M4: 71.82854 | N4: 73.64057 | O4: 75.4526 | P4: 77.9001 | Q4: 80.3476 | R4: 82.7951 | S4: 85.2426 | T4: 87.6901 | U4: 90.94638 | V4: 94.20266 | W4: 97.45894 | X4: 100.71522 | Y4: 103.9715 | Z4: 108.32541 | AA4: 112.67932 | AB4: 117.03323 | AC4: 121.38714 | AD4: 125.74105
A5: Grey Hydrogen | B5: Fossil | C5: flat_carbon_price | D5: ='Flat Carbon Price Calc'!E20 -> 57.85 | E5: ='Flat Carbon Price Calc'!F20 -> 58.402222 | F5: ='Flat Carbon Price Calc'!G20 -> 58.954444 | G5: ='Flat Carbon Price Calc'!H20 -> 59.506667 | H5: ='Flat Carbon Price Calc'!I20 -> 60.058889 | I5: ='Flat Carbon Price Calc'!J20 -> 60.611111 | J5: ='Flat Carbon Price Calc'!K20 -> 61.163333 | K5: ='Flat Carbon Price Calc'!L20 -> 60.575333 | ... AD5: ='Flat Carbon Price Calc'!AE20 -> 49.403333
A6: Grey Hydrogen | B6: Fossil | C6: no_carbon_price | D6: 33 | E6: 33.552222 | F6: 34.104444 | G6: 34.656667 | H6: 35.208889 | I6: 35.761111 | J6: 36.313333 | K6: 35.725333 | L6: 35.137333 | M6: 34.549333 | N6: 33.961333 | O6: 33.373333 | P6: 32.785333 | Q6: 32.197333 | R6: 31.609333 | S6: 31.021333 | T6: 30.433333 | U6: 29.845333 | V6: 29.257333 | W6: 28.669333 | X6: 28.081333 | Y6: 27.493333 | Z6: 26.905333 | AA6: 26.317333 | AB6: 25.729333 | AC6: 25.141333 | AD6: 24.553333
A7: Grey Hydrogen | B7: Fossil | C7: carbon_price | D7: 74.209267 | E7: 74.761489 | F7: 77.624511 | G7: 80.487533 | H7: 83.350556 | I7: 86.213578 | J7: 89.0766 | K7: 91.49264 | L7: 93.90868 | M7: 96.32472 | N7: 98.74076 | O7: 101.1568 | P7: 104.42013 | Q7: 107.68347 | R7: 110.9468 | S7: 114.21013 | T7: 117.47347 | U7: 121.81517 | V7: 126.15688 | W7: 130.49859 | X7: 134.84029 | Y7: 139.182 | Z7: 144.98721 | AA7: 150.79243 | AB7: 156.59764 | AC7: 162.40285 | AD7: 168.20807
A8: Diesel | B8: Fossil | C8: flat_carbon_price | D8: ='Flat Carbon Price Calc'!E21 -> 82.75 | E8: ='Flat Carbon Price Calc'!F21 -> 81.382593 | F8: ='Flat Carbon Price Calc'!G21 -> 80.015185 | G8: ='Flat Carbon Price Calc'!H21 -> 78.647778 | H8: ='Flat Carbon Price Calc'!I21 -> 77.28037 | I8: ='Flat Carbon Price Calc'!J21 -> 75.912963 | J8: ='Flat Carbon Price Calc'!K21 -> 74.545556 | K8: ='Flat Carbon Price Calc'!L21 -> 73.163889 | ... AD8: ='Flat Carbon Price Calc'!AE21 -> 46.912222
A9: Diesel | B9: Fossil | C9: no_carbon_price | D9: 65 | E9: 63.632593 | F9: 62.265185 | G9: 60.897778 | H9: 59.53037 | I9: 58.162963 | J9: 56.795556 | K9: 55.413889 | L9: 54.032222 | M9: 52.650556 | N9: 51.268889 | O9: 49.887222 | P9: 48.505556 | Q9: 47.123889 | R9: 45.742222 | S9: 44.360556 | T9: 42.978889 | U9: 41.597222 | V9: 40.215556 | W9: 38.833889 | X9: 37.452222 | Y9: 36.070556 | Z9: 34.688889 | AA9: 33.307222 | AB9: 31.925556 | AC9: 30.543889 | AD9: 29.162222
A10: Diesel | B10: Fossil | C10: carbon_price | D10: 94.1575 | E10: 92.790093 | F10: 93.057685 | G10: 93.325278 | H10: 93.59287 | I10: 93.860463 | J10: 94.128056 | K10: 94.871889 | L10: 95.615722 | M10: 96.359556 | N10: 97.103389 | O10: 97.847222 | P10: 99.190556 | Q10: 100.53389 | R10: 101.87722 | S10: 103.22056 | T10: 104.56389 | U10: 106.67022 | V10: 108.77656 | W10: 110.88289 | X10: 112.98922 | Y10: 115.09556 | Z10: 118.23739 | AA10: 121.37922 | AB10: 124.52106 | AC10: 127.66289 | AD10: 130.80472
A11: Methanol | B11: Fossil | C11: flat_carbon_price | D11: ='Flat Carbon Price Calc'!E22 -> 83.27 | E11: ='Flat Carbon Price Calc'!F22 -> 83.900238 | F11: ='Flat Carbon Price Calc'!G22 -> 84.530476 | G11: ='Flat Carbon Price Calc'!H22 -> 85.160714 | H11: ='Flat Carbon Price Calc'!I22 -> 85.790952 | I11: ='Flat Carbon Price Calc'!J22 -> 86.42119 | J11: ='Flat Carbon Price Calc'!K22 -> 87.051429 | K11: ='Flat Carbon Price Calc'!L22 -> 86.421429 | ... AD11: ='Flat Carbon Price Calc'!AE22 -> 74.451429
A12: Methanol | B12: Fossil | C12: no_carbon_price | D12: 57 | E12: 57.630238 | F12: 58.260476 | G12: 58.890714 | H12: 59.520952 | I12: 60.15119 | J12: 60.781429 | K12: 60.151429 | L12: 59.521429 | M12: 58.891429 | N12: 58.261429 | O12: 57.631429 | P12: 57.001429 | Q12: 56.371429 | R12: 55.741429 | S12: 55.111429 | T12: 54.481429 | U12: 53.851429 | V12: 53.221429 | W12: 52.591429 | X12: 51.961429 | Y12: 51.331429 | Z12: 50.701429 | AA12: 50.071429 | AB12: 49.441429 | AC12: 48.811429 | AD12: 48.181429
A13: Methanol | B13: Fossil | C13: carbon_price | D13: 101.15279 | E13: 101.78302 | F13: 104.88912 | G13: 107.99521 | H13: 111.10131 | I13: 114.2074 | J13: 117.3135 | K13: 119.90211 | L13: 122.49073 | M13: 125.07934 | N13: 127.66796 | O13: 130.25657 | P13: 133.753 | Q13: 137.24943 | R13: 140.74586 | S13: 144.24229 | T13: 147.73871 | U13: 152.39054 | V13: 157.04237 | W13: 161.6942 | X13: 166.34603 | Y13: 170.99786 | Z13: 177.21773 | AA13: 183.4376 | AB13: 189.65747 | AC13: 195.87734 | AD13: 202.09721
A14: Kerosine | B14: Fossil | C14: flat_carbon_price | D14: ='Flat Carbon Price Calc'!E23 -> 85.72 | E14: ='Flat Carbon Price Calc'!F23 -> 84.352593 | F14: ='Flat Carbon Price Calc'!G23 -> 82.985185 | G14: ='Flat Carbon Price Calc'!H23 -> 81.617778 | H14: ='Flat Carbon Price Calc'!I23 -> 80.25037 | I14: ='Flat Carbon Price Calc'!J23 -> 78.882963 | J14: ='Flat Carbon Price Calc'!K23 -> 77.515556 | K14: ='Flat Carbon Price Calc'!L23 -> 76.133889 | ... AD14: ='Flat Carbon Price Calc'!AE23 -> 49.882222
A15: Kerosine | B15: Fossil | C15: no_carbon_price | D15: 63 | E15: 61.632593 | F15: 60.265185 | G15: 58.897778 | H15: 57.53037 | I15: 56.162963 | J15: 54.795556 | K15: 53.413889 | L15: 52.032222 | M15: 50.650556 | N15: 49.268889 | O15: 47.887222 | P15: 46.505556 | Q15: 45.123889 | R15: 43.742222 | S15: 42.360556 | T15: 40.978889 | U15: 39.597222 | V15: 38.215556 | W15: 36.833889 | X15: 35.452222 | Y15: 34.070556 | Z15: 32.688889 | AA15: 31.307222 | AB15: 29.925556 | AC15: 28.543889 | AD15: 27.162222
A16: Kerosine | B16: Fossil | C16: carbon_price | D16: 100.3216 | E16: 98.954193 | F16: 99.679585 | G16: 100.40498 | H16: 101.13037 | I16: 101.85576 | J16: 102.58116 | K16: 103.92013 | L16: 105.2591 | M16: 106.59808 | N16: 107.93705 | O16: 109.27602 | P16: 111.38236 | Q16: 113.48869 | R16: 115.59502 | S16: 117.70136 | T16: 119.80769 | U16: 122.89066 | V16: 125.97364 | W16: 129.05661 | X16: 132.13958 | Y16: 135.22256 | Z16: 139.63097 | AA16: 144.03938 | AB16: 148.4478 | AC16: 152.85621 | AD16: 157.26462

Sheet Sheet1
A1: commodity | B1: type | C1: green_scenario | D1: 2024 | E1: =D1+1 -> 2025 | F1: =E1+1 -> 2026 | G1: =F1+1 -> 2027 | H1: =G1+1 -> 2028 | I1: =H1+1 -> 2029 | J1: =I1+1 -> 2030 | K1: =J1+1 -> 2031 | L1: =K1+1 -> 2032 | ... AD1: =AC1+1 -> 2050
A2: Green Hydrogen | B2: Green | C2: conservative | D2: 297.94527 | E2: 276.65514 | F2: 265.6492 | G2: 255.51943 | H2: 248.12293 | I2: 242.18433 | J2: 232.12563 | K2: 226.6978 | L2: 221.92619 | M2: 217.55905 | N2: 213.46953 | O2: 209.58485 | P2: 205.85935 | Q2: 202.26252 | R2: 198.77294 | S2: 195.37497 | T2: 192.05682 | U2: 188.69841 | V2: 185.4225 | W2: 182.21911 | X2: 179.08042 | Y2: 176.00022 | Z2: 172.97343 | AA2: 169.99588 | AB2: 167.06404 | AC2: 164.17497 | AD2: 161.32611
A3: Green Hydrogen | B3: Green | C3: progressive | D3: 128.76359 | E3: 114.94122 | F3: 108.06881 | G3: 101.8566 | H3: 97.157379 | I3: 93.218457 | J3: 87.295635 | K3: 84.983497 | L3: 82.997431 | M3: 81.205974 | N3: 79.544627 | O3: 77.977154 | P3: 76.481247 | Q3: 75.042225 | R3: 73.649926 | S3: 72.297028 | T3: 70.978077 | U3: 69.645482 | V3: 68.347523 | W3: 67.079718 | X3: 65.838594 | Y3: 64.621406 | Z3: 63.425941 | AA3: 62.250388 | AB3: 61.093242 | AC3: 59.953236 | AD3: 58.829294
A4: E-Methanol | B4: Green | C4: conservative | D4: 434.07165 | E4: 408.38688 | F4: 394.94519 | G4: 382.54657 | H4: 373.40183 | I4: 365.99269 | J4: 353.67868 | K4: 346.63826 | L4: 340.37904 | M4: 334.60134 | N4: 329.15415 | O4: 323.9508 | P4: 318.93696 | Q4: 314.0763 | R4: 309.34331 | S4: 304.71937 | T4: 300.19047 | U4: 295.61365 | V4: 291.13503 | W4: 286.74274 | X4: 282.42749 | Y4: 278.18186 | Z4: 273.99982 | AA4: 269.87638 | AB4: 265.80738 | AC4: 261.78928 | AD4: 257.81906
A5: E-Methanol | B5: Green | C5: progressive | D5: 156.07627 | E5: 139.33812 | F5: 130.87374 | G5: 123.1953 | H5: 117.31804 | I5: 112.3459 | J5: 105.01198 | K5: 101.77693 | L5: 98.930067 | M5: 96.314881 | N5: 93.854588 | O5: 91.50605 | P5: 89.242708 | Q5: 87.047088 | R5: 84.90709 | S5: 82.813997 | T5: 80.761318 | U5: 78.692396 | V5: 76.664708 | W5: 74.672916 | X5: 72.712889 | Y5: 70.781356 | Z5: 68.875685 | AA5: 66.993717 | AB5: 65.133663 | AC5: 63.294014 | AD5: 61.473488
A6: E-Kerosine | B6: Green | C6: conservative | D6: 539.69613 | E6: 506.83105 | F6: 489.54808 | G6: 473.59265 | H6: 461.77851 | I6: 452.17333 | J6: 436.32558 | K6: 427.30318 | L6: 419.27504 | M6: 411.85973 | N6: 404.86507 | O6: 398.18076 | P6: 391.73764 | Q6: 385.48948 | R6: 379.40381 | S6: 373.45693 | T6: 367.63101 | U6: 361.7441 | V6: 355.98217 | W6: 350.33012 | X6: 344.77611 | Y6: 339.31072 | Z6: 333.92625 | AA6: 328.61637 | AB6: 323.37578 | AC6: 318.19997 | AD6: 313.08509
A7: E-Kerosine | B7: Green | C7: progressive | D7: 207.86796 | E7: 186.41864 | F7: 175.49958 | G7: 165.5808 | H7: 157.95445 | I7: 151.48006 | J7: 141.99976 | K7: 137.83085 | L7: 134.15599 | M7: 130.77599 | N7: 127.59313 | O7: 124.5525 | P7: 121.6203 | Q7: 118.7743 | R7: 115.99908 | S7: 113.28356 | T7: 110.61948 | U7: 107.93473 | V7: 105.30246 | W7: 102.71587 | X7: 100.16971 | Y7: 97.659812 | Z7: 95.182832 | AA7: 92.736021 | AB7: 90.317098 | AC7: 87.924147 | AD7: 85.555533
A8: E-Methane | B8: Green | C8: conservative | D8: 420.23475 | E8: 394.36965 | F8: 380.89514 | G8: 368.47626 | H8: 359.35046 | I8: 351.98118 | J8: 339.64792 | K8: 332.81901 | L8: 326.78072 | M8: 321.22974 | N8: 316.01325 | O8: 311.04355 | P8: 306.26563 | Q8: 301.64274 | R8: 297.14906 | S8: 292.76576 | T8: 288.47863 | U8: 284.14299 | V8: 279.90675 | W8: 275.75788 | X8: 271.68697 | Y8: 267.68652 | Z8: 263.75043 | AA8: 259.87364 | AB8: 256.05196 | AC8: 252.28178 | AD8: 248.56006
A9: E-Methane | B9: Green | C9: progressive | D9: 154.6136 | E9: 137.78144 | F9: 129.32273 | G9: 121.65943 | H9: 115.81902 | I9: 110.89462 | J9: 103.57999 | K9: 100.55303 | L9: 97.91893 | M9: 95.519299 | N9: 93.276426 | O9: 91.146655 | P9: 89.103108 | Q9: 87.128097 | R9: 85.209379 | S9: 83.338131 | T9: 81.507784 | U9: 79.660998 | V9: 77.855943 | W9: 76.087216 | X9: 74.350637 | Y9: 72.642896 | Z9: 70.961327 | AA9: 69.303749 | AB9: 67.668347 | AC9: 66.053596 | AD9: 64.4582
A10: Green Hydrogen | B10: Green | C10: mean | D10: 173.73803 | E10: 154.98151 | F10: 146.87037 | G10: 139.81555 | H10: 135.15271 | I10: 131.69316 | J10: 125.10275 | K10: 121.84339 | L10: 119.09 | M10: 116.63989 | N10: 114.39281 | O10: 112.29207 | P10: 110.30257 | Q10: 108.40115 | R10: 106.57169 | S10: 104.80257 | T10: 103.08509 | U10: 101.33938 | V10: 99.646797 | W10: 98.000123 | X10: 96.393781 | Y10: 94.82335 | Z10: 93.285268 | AA10: 91.776618 | AB10: 90.294978 | AC10: 88.838314 | AD10: 87.404894
A11: Green Hydrogen Mobility | B11: Green | C11: mean | D11: =D10/1.1 -> 157.94366 | E11: =E10/1.1 -> 140.89229 | F11: =F10/1.1 -> 133.51852 | G11: =G10/1.1 -> 127.10504 | H11: =H10/1.1 -> 122.8661 | I11: =I10/1.1 -> 119.72105 | J11: =J10/1.1 -> 113.72977 | K11: =K10/1.1 -> 110.76671 | ... AD11: =AD10/1.1 -> 79.458994
A12: Green Hydrogen Steel | B12: Green | C12: mean | D12: =D10/1.2 -> 144.78169 | E12: =E10/1.2 -> 129.15126 | F12: =F10/1.2 -> 122.39198 | G12: =G10/1.2 -> 116.51296 | H12: =H10/1.2 -> 112.62726 | I12: =I10/1.2 -> 109.7443 | J12: =J10/1.2 -> 104.25229 | K12: =K10/1.2 -> 101.53615 | ... AD12: =AD10/1.2 -> 72.837411
A13: E-Methanol | B13: Green | C13: mean | D13: 257.31128 | E13: 234.67171 | F13: 224.70519 | G13: 215.9962 | H13: 210.13482 | I13: 205.70591 | J13: 197.54979 | K13: 193.1403 | L13: 189.33315 | M13: 185.88707 | N13: 182.68267 | O13: 179.65248 | P13: 176.75474 | Q13: 173.96184 | R13: 171.25461 | S13: 168.61921 | T13: 166.04529 | U13: 163.43778 | V13: 160.89349 | W13: 158.40386 | X13: 155.96225 | Y13: 153.56339 | Z13: 151.20304 | AA13: 148.87773 | AB13: 146.58457 | AC13: 144.32115 | AD13: 142.0854
A14: E-Kerosine | B14: Green | C14: mean | D14: 322.52974 | E14: 293.55534 | F14: 280.71029 | G14: 269.46573 | H14: 261.84539 | I14: 256.0482 | J14: 245.50729 | K14: 239.83863 | L14: 234.93659 | M14: 230.49407 | N14: 226.35917 | O14: 222.44598 | P14: 218.70136 | Q14: 215.09018 | R14: 211.58803 | S14: 208.1773 | T14: 204.84482 | U14: 201.46958 | V14: 198.17482 | W14: 194.94962 | X14: 191.78553 | Y14: 188.67585 | Z14: 185.61519 | AA14: 182.59912 | AB14: 179.62397 | AC14: 176.68666 | AD14: 173.78458
A15: E-Methane | B15: Green | C15: mean | D15: 247.36101 | E15: 224.56677 | F15: 214.59827 | G15: 205.90245 | H15: 200.08854 | I15: 195.72436 | J15: 187.58807 | K15: 183.39648 | L15: 179.81449 | M15: 176.59791 | N15: 173.62593 | O15: 170.83026 | P15: 168.16863 | Q15: 165.61311 | R15: 163.1443 | S15: 160.74817 | T15: 158.41427 | U15: 156.04636 | V15: 153.74245 | W15: 151.49386 | X15: 149.29385 | Y15: 147.13712 | Z15: 145.01936 | AA15: 142.93706 | AB15: 140.8873 | AC15: 138.86763 | AD15: 136.87597
A16: Green Hydrogen Mobility | B16: Green | C16: conservative | D16: =D2/1.1 -> 270.85934 | E16: =E2/1.1 -> 251.50467 | F16: =F2/1.1 -> 241.49927 | G16: =G2/1.1 -> 232.29039 | H16: =H2/1.1 -> 225.5663 | I16: =I2/1.1 -> 220.16757 | J16: =J2/1.1 -> 211.0233 | K16: =K2/1.1 -> 206.08891 | ... AD16: =AD2/1.1 -> 146.6601
A17: Green Hydrogen Steel | B17: Green | C17: conservative | D17: =D2/1.2 -> 248.28773 | E17: =E2/1.2 -> 230.54595 | F17: =F2/1.2 -> 221.37433 | G17: =G2/1.2 -> 212.93286 | H17: =H2/1.2 -> 206.7691 | I17: =I2/1.2 -> 201.82027 | J17: =J2/1.2 -> 193.43802 | K17: =K2/1.2 -> 188.91484 | ... AD17: =AD2/1.2 -> 134.43843
A18: Green Hydrogen Mobility | B18: Green | C18: progressive | D18: =D3/1.1 -> 117.05781 | E18: =E3/1.1 -> 104.49201 | F18: =F3/1.1 -> 98.244374 | G18: =G3/1.1 -> 92.596907 | H18: =H3/1.1 -> 88.32489 | I18: =I3/1.1 -> 84.744052 | J18: =J3/1.1 -> 79.359668 | K18: =K3/1.1 -> 77.257724 | ... AD18: =AD3/1.1 -> 53.481176
A19: Green Hydrogen Steel | B19: Green | C19: progressive | D19: =D3/1.2 -> 107.30299 | E19: =E3/1.2 -> 95.784347 | F19: =F3/1.2 -> 90.057343 | G19: =G3/1.2 -> 84.880498 | H19: =H3/1.2 -> 80.964482 | I19: =I3/1.2 -> 77.682048 | J19: =J3/1.2 -> 72.746362 | K19: =K3/1.2 -> 70.819581 | ... AD19: =AD3/1.2 -> 49.024412

Sheet Flat Carbon Price Calc
C1: Emissions intensity (t CO2 per MWh) | E1: Implied Carbon Cost
E2: 2024 | F2: =E2+1 -> 2025 | G2: =F2+1 -> 2026 | H2: =G2+1 -> 2027 | I2: =H2+1 -> 2028 | J2: =I2+1 -> 2029 | K2: =J2+1 -> 2030 | L2: =K2+1 -> 2031 | M2: =L2+1 -> 2032 | ... AE2: =AD2+1 -> 2050
A3: Natural Gas | B3: USD/MWh (no carbon price) | E3: =SUMIFS(Data!D:D,Data!$A:$A,$A3,Data!$C:$C,"no_carbon_price") -> 24.33 | F3: =SUMIFS(Data!E:E,Data!$A:$A,$A3,Data!$C:$C,"no_carbon_price") -> 24.745 | G3: =SUMIFS(Data!F:F,Data!$A:$A,$A3,Data!$C:$C,"no_carbon_price") -> 25.16 | H3: =SUMIFS(Data!G:G,Data!$A:$A,$A3,Data!$C:$C,"no_carbon_price") -> 25.575 | I3: =SUMIFS(Data!H:H,Data!$A:$A,$A3,Data!$C:$C,"no_carbon_price") -> 25.99 | J3: =SUMIFS(Data!I:I,Data!$A:$A,$A3,Data!$C:$C,"no_carbon_price") -> 26.405 | K3: =SUMIFS(Data!J:J,Data!$A:$A,$A3,Data!$C:$C,"no_carbon_price") -> 26.82 | L3: =SUMIFS(Data!K:K,Data!$A:$A,$A3,Data!$C:$C,"no_carbon_price") -> 26.379 | M3: =SUMIFS(Data!L:L,Data!$A:$A,$A3,Data!$C:$C,"no_carbon_price") -> 25.938 | N3: =SUMIFS(Data!M:M,Data!$A:$A,$A3,Data!$C:$C,"no_carbon_price") -> 25.497 | O3: =SUMIFS(Data!N:N,Data!$A:$A,$A3,Data!$C:$C,"no_carbon_price") -> 25.056 | P3: =SUMIFS(Data!O:O,Data!$A:$A,$A3,Data!$C:$C,"no_carbon_price") -> 24.615 | Q3: =SUMIFS(Data!P:P,Data!$A:$A,$A3,Data!$C:$C,"no_carbon_price") -> 24.174 | R3: =SUMIFS(Data!Q:Q,Data!$A:$A,$A3,Data!$C:$C,"no_carbon_price") -> 23.733 | S3: =SUMIFS(Data!R:R,Data!$A:$A,$A3,Data!$C:$C,"no_carbon_price") -> 23.292 | T3: =SUMIFS(Data!S:S,Data!$A:$A,$A3,Data!$C:$C,"no_carbon_price") -> 22.851 | U3: =SUMIFS(Data!T:T,Data!$A:$A,$A3,Data!$C:$C,"no_carbon_price") -> 22.41 | V3: =SUMIFS(Data!U:U,Data!$A:$A,$A3,Data!$C:$C,"no_carbon_price") -> 21.969 | W3: =SUMIFS(Data!V:V,Data!$A:$A,$A3,Data!$C:$C,"no_carbon_price") -> 21.528 | X3: =SUMIFS(Data!W:W,Data!$A:$A,$A3,Data!$C:$C,"no_carbon_price") -> 21.087 | Y3: =SUMIFS(Data!X:X,Data!$A:$A,$A3,Data!$C:$C,"no_carbon_price") -> 20.646 | Z3: =SUMIFS(Data!Y:Y,Data!$A:$A,$A3,Data!$C:$C,"no_carbon_price") -> 20.205 | AA3: =SUMIFS(Data!Z:Z,Data!$A:$A,$A3,Data!$C:$C,"no_carbon_price") -> 19.764 | AB3: =SUMIFS(Data!AA:AA,Data!$A:$A,$A3,Data!$C:$C,"no_carbon_price") -> 19.323 | AC3: =SUMIFS(Data!AB:AB,Data!$A:$A,$A3,Data!$C:$C,"no_carbon_price") -> 18.882 | AD3: =SUMIFS(Data!AC:AC,Data!$A:$A,$A3,Data!$C:$C,"no_carbon_price") -> 18.441 | AE3: =SUMIFS(Data!AD:AD,Data!$A:$A,$A3,Data!$C:$C,"no_carbon_price") -> 18
A4: Grey Hydrogen | B4: USD/MWh (no carbon price) | E4: =SUMIFS(Data!D:D,Data!$A:$A,$A4,Data!$C:$C,"no_carbon_price") -> 33 | F4: =SUMIFS(Data!E:E,Data!$A:$A,$A4,Data!$C:$C,"no_carbon_price") -> 33.552222 | G4: =SUMIFS(Data!F:F,Data!$A:$A,$A4,Data!$C:$C,"no_carbon_price") -> 34.104444 | H4: =SUMIFS(Data!G:G,Data!$A:$A,$A4,Data!$C:$C,"no_carbon_price") -> 34.656667 | I4: =SUMIFS(Data!H:H,Data!$A:$A,$A4,Data!$C:$C,"no_carbon_price") -> 35.208889 | J4: =SUMIFS(Data!I:I,Data!$A:$A,$A4,Data!$C:$C,"no_carbon_price") -> 35.761111 | K4: =SUMIFS(Data!J:J,Data!$A:$A,$A4,Data!$C:$C,"no_carbon_price") -> 36.313333 | L4: =SUMIFS(Data!K:K,Data!$A:$A,$A4,Data!$C:$C,"no_carbon_price") -> 35.725333 | M4: =SUMIFS(Data!L:L,Data!$A:$A,$A4,Data!$C:$C,"no_carbon_price") -> 35.137333 | N4: =SUMIFS(Data!M:M,Data!$A:$A,$A4,Data!$C:$C,"no_carbon_price") -> 34.549333 | O4: =SUMIFS(Data!N:N,Data!$A:$A,$A4,Data!$C:$C,"no_carbon_price") -> 33.961333 | P4: =SUMIFS(Data!O:O,Data!$A:$A,$A4,Data!$C:$C,"no_carbon_price") -> 33.373333 | Q4: =SUMIFS(Data!P:P,Data!$A:$A,$A4,Data!$C:$C,"no_carbon_price") -> 32.785333 | R4: =SUMIFS(Data!Q:Q,Data!$A:$A,$A4,Data!$C:$C,"no_carbon_price") -> 32.197333 | S4: =SUMIFS(Data!R:R,Data!$A:$A,$A4,Data!$C:$C,"no_carbon_price") -> 31.609333 | T4: =SUMIFS(Data!S:S,Data!$A:$A,$A4,Data!$C:$C,"no_carbon_price") -> 31.021333 | U4: =SUMIFS(Data!T:T,Data!$A:$A,$A4,Data!$C:$C,"no_carbon_price") -> 30.433333 | V4: =SUMIFS(Data!U:U,Data!$A:$A,$A4,Data!$C:$C,"no_carbon_price") -> 29.845333 | W4: =SUMIFS(Data!V:V,Data!$A:$A,$A4,Data!$C:$C,"no_carbon_price") -> 29.257333 | X4: =SUMIFS(Data!W:W,Data!$A:$A,$A4,Data!$C:$C,"no_carbon_price") -> 28.669333 | Y4: =SUMIFS(Data!X:X,Data!$A:$A,$A4,Data!$C:$C,"no_carbon_price") -> 28.081333 | Z4: =SUMIFS(Data!Y:Y,Data!$A:$A,$A4,Data!$C:$C,"no_carbon_price") -> 27.493333 | AA4: =SUMIFS(Data!Z:Z,Data!$A:$A,$A4,Data!$C:$C,"no_carbon_price") -> 26.905333 | AB4: =SUMIFS(Data!AA:AA,Data!$A:$A,$A4,Data!$C:$C,"no_carbon_price") -> 26.317333 | AC4: =SUMIFS(Data!AB:AB,Data!$A:$A,$A4,Data!$C:$C,"no_carbon_price") -> 25.729333 | AD4: =SUMIFS(Data!AC:AC,Data!$A:$A,$A4,Data!$C:$C,"no_carbon_price") -> 25.141333 | AE4: =SUMIFS(Data!AD:AD,Data!$A:$A,$A4,Data!$C:$C,"no_carbon_price") -> 24.553333
A5: Diesel | B5: USD/MWh (no carbon price) | E5: =SUMIFS(Data!D:D,Data!$A:$A,$A5,Data!$C:$C,"no_carbon_price") -> 65 | F5: =SUMIFS(Data!E:E,Data!$A:$A,$A5,Data!$C:$C,"no_carbon_price") -> 63.632593 | G5: =SUMIFS(Data!F:F,Data!$A:$A,$A5,Data!$C:$C,"no_carbon_price") -> 62.265185 | H5: =SUMIFS(Data!G:G,Data!$A:$A,$A5,Data!$C:$C,"no_carbon_price") -> 60.897778 | I5: =SUMIFS(Data!H:H,Data!$A:$A,$A5,Data!$C:$C,"no_carbon_price") -> 59.53037 | J5: =SUMIFS(Data!I:I,Data!$A:$A,$A5,Data!$C:$C,"no_carbon_price") -> 58.162963 | K5: =SUMIFS(Data!J:J,Data!$A:$A,$A5,Data!$C:$C,"no_carbon_price") -> 56.795556 | L5: =SUMIFS(Data!K:K,Data!$A:$A,$A5,Data!$C:$C,"no_carbon_price") -> 55.413889 | M5: =SUMIFS(Data!L:L,Data!$A:$A,$A5,Data!$C:$C,"no_carbon_price") -> 54.032222 | N5: =SUMIFS(Data!M:M,Data!$A:$A,$A5,Data!$C:$C,"no_carbon_price") -> 52.650556 | O5: =SUMIFS(Data!N:N,Data!$A:$A,$A5,Data!$C:$C,"no_carbon_price") -> 51.268889 | P5: =SUMIFS(Data!O:O,Data!$A:$A,$A5,Data!$C:$C,"no_carbon_price") -> 49.887222 | Q5: =SUMIFS(Data!P:P,Data!$A:$A,$A5,Data!$C:$C,"no_carbon_price") -> 48.505556 | R5: =SUMIFS(Data!Q:Q,Data!$A:$A,$A5,Data!$C:$C,"no_carbon_price") -> 47.123889 | S5: =SUMIFS(Data!R:R,Data!$A:$A,$A5,Data!$C:$C,"no_carbon_price") -> 45.742222 | T5: =SUMIFS(Data!S:S,Data!$A:$A,$A5,Data!$C:$C,"no_carbon_price") -> 44.360556 | U5: =SUMIFS(Data!T:T,Data!$A:$A,$A5,Data!$C:$C,"no_carbon_price") -> 42.978889 | V5: =SUMIFS(Data!U:U,Data!$A:$A,$A5,Data!$C:$C,"no_carbon_price") -> 41.597222 | W5: =SUMIFS(Data!V:V,Data!$A:$A,$A5,Data!$C:$C,"no_carbon_price") -> 40.215556 | X5: =SUMIFS(Data!W:W,Data!$A:$A,$A5,Data!$C:$C,"no_carbon_price") -> 38.833889 | Y5: =SUMIFS(Data!X:X,Data!$A:$A,$A5,Data!$C:$C,"no_carbon_price") -> 37.452222 | Z5: =SUMIFS(Data!Y:Y,Data!$A:$A,$A5,Data!$C:$C,"no_carbon_price") -> 36.070556 | AA5: =SUMIFS(Data!Z:Z,Data!$A:$A,$A5,Data!$C:$C,"no_carbon_price") -> 34.688889 | AB5: =SUMIFS(Data!AA:AA,Data!$A:$A,$A5,Data!$C:$C,"no_carbon_price") -> 33.307222 | AC5: =SUMIFS(Data!AB:AB,Data!$A:$A,$A5,Data!$C:$C,"no_carbon_price") -> 31.925556 | AD5: =SUMIFS(Data!AC:AC,Data!$A:$A,$A5,Data!$C:$C,"no_carbon_price") -> 30.543889 | AE5: =SUMIFS(Data!AD:AD,Data!$A:$A,$A5,Data!$C:$C,"no_carbon_price") -> 29.162222
A6: Methanol | B6: USD/MWh (no carbon price) | E6: =SUMIFS(Data!D:D,Data!$A:$A,$A6,Data!$C:$C,"no_carbon_price") -> 57 | F6: =SUMIFS(Data!E:E,Data!$A:$A,$A6,Data!$C:$C,"no_carbon_price") -> 57.630238 | G6: =SUMIFS(Data!F:F,Data!$A:$A,$A6,Data!$C:$C,"no_carbon_price") -> 58.260476 | H6: =SUMIFS(Data!G:G,Data!$A:$A,$A6,Data!$C:$C,"no_carbon_price") -> 58.890714 | I6: =SUMIFS(Data!H:H,Data!$A:$A,$A6,Data!$C:$C,"no_carbon_price") -> 59.520952 | J6: =SUMIFS(Data!I:I,Data!$A:$A,$A6,Data!$C:$C,"no_carbon_price") -> 60.15119 | K6: =SUMIFS(Data!J:J,Data!$A:$A,$A6,Data!$C:$C,"no_carbon_price") -> 60.781429 | L6: =SUMIFS(Data!K:K,Data!$A:$A,$A6,Data!$C:$C,"no_carbon_price") -> 60.151429 | M6: =SUMIFS(Data!L:L,Data!$A:$A,$A6,Data!$C:$C,"no_carbon_price") -> 59.521429 | N6: =SUMIFS(Data!M:M,Data!$A:$A,$A6,Data!$C:$C,"no_carbon_price") -> 58.891429 | O6: =SUMIFS(Data!N:N,Data!$A:$A,$A6,Data!$C:$C,"no_carbon_price") -> 58.261429 | P6: =SUMIFS(Data!O:O,Data!$A:$A,$A6,Data!$C:$C,"no_carbon_price") -> 57.631429 | Q6: =SUMIFS(Data!P:P,Data!$A:$A,$A6,Data!$C:$C,"no_carbon_price") -> 57.001429 | R6: =SUMIFS(Data!Q:Q,Data!$A:$A,$A6,Data!$C:$C,"no_carbon_price") -> 56.371429 | S6: =SUMIFS(Data!R:R,Data!$A:$A,$A6,Data!$C:$C,"no_carbon_price") -> 55.741429 | T6: =SUMIFS(Data!S:S,Data!$A:$A,$A6,Data!$C:$C,"no_carbon_price") -> 55.111429 | U6: =SUMIFS(Data!T:T,Data!$A:$A,$A6,Data!$C:$C,"no_carbon_price") -> 54.481429 | V6: =SUMIFS(Data!U:U,Data!$A:$A,$A6,Data!$C:$C,"no_carbon_price") -> 53.851429 | W6: =SUMIFS(Data!V:V,Data!$A:$A,$A6,Data!$C:$C,"no_carbon_price") -> 53.221429 | X6: =SUMIFS(Data!W:W,Data!$A:$A,$A6,Data!$C:$C,"no_carbon_price") -> 52.591429 | Y6: =SUMIFS(Data!X:X,Data!$A:$A,$A6,Data!$C:$C,"no_carbon_price") -> 51.961429 | Z6: =SUMIFS(Data!Y:Y,Data!$A:$A,$A6,Data!$C:$C,"no_carbon_price") -> 51.331429 | AA6: =SUMIFS(Data!Z:Z,Data!$A:$A,$A6,Data!$C:$C,"no_carbon_price") -> 50.701429 | AB6: =SUMIFS(Data!AA:AA,Data!$A:$A,$A6,Data!$C:$C,"no_carbon_price") -> 50.071429 | AC6: =SUMIFS(Data!AB:AB,Data!$A:$A,$A6,Data!$C:$C,"no_carbon_price") -> 49.441429 | AD6: =SUMIFS(Data!AC:AC,Data!$A:$A,$A6,Data!$C:$C,"no_carbon_price") -> 48.811429 | AE6: =SUMIFS(Data!AD:AD,Data!$A:$A,$A6,Data!$C:$C,"no_carbon_price") -> 48.181429
A7: Kerosine | B7: USD/MWh (no carbon price) | E7: =SUMIFS(Data!D:D,Data!$A:$A,$A7,Data!$C:$C,"no_carbon_price") -> 63 | F7: =SUMIFS(Data!E:E,Data!$A:$A,$A7,Data!$C:$C,"no_carbon_price") -> 61.632593 | G7: =SUMIFS(Data!F:F,Data!$A:$A,$A7,Data!$C:$C,"no_carbon_price") -> 60.265185 | H7: =SUMIFS(Data!G:G,Data!$A:$A,$A7,Data!$C:$C,"no_carbon_price") -> 58.897778 | I7: =SUMIFS(Data!H:H,Data!$A:$A,$A7,Data!$C:$C,"no_carbon_price") -> 57.53037 | J7: =SUMIFS(Data!I:I,Data!$A:$A,$A7,Data!$C:$C,"no_carbon_price") -> 56.162963 | K7: =SUMIFS(Data!J:J,Data!$A:$A,$A7,Data!$C:$C,"no_carbon_price") -> 54.795556 | L7: =SUMIFS(Data!K:K,Data!$A:$A,$A7,Data!$C:$C,"no_carbon_price") -> 53.413889 | M7: =SUMIFS(Data!L:L,Data!$A:$A,$A7,Data!$C:$C,"no_carbon_price") -> 52.032222 | N7: =SUMIFS(Data!M:M,Data!$A:$A,$A7,Data!$C:$C,"no_carbon_price") -> 50.650556 | O7: =SUMIFS(Data!N:N,Data!$A:$A,$A7,Data!$C:$C,"no_carbon_price") -> 49.268889 | P7: =SUMIFS(Data!O:O,Data!$A:$A,$A7,Data!$C:$C,"no_carbon_price") -> 47.887222 | Q7: =SUMIFS(Data!P:P,Data!$A:$A,$A7,Data!$C:$C,"no_carbon_price") -> 46.505556 | R7: =SUMIFS(Data!Q:Q,Data!$A:$A,$A7,Data!$C:$C,"no_carbon_price") -> 45.123889 | S7: =SUMIFS(Data!R:R,Data!$A:$A,$A7,Data!$C:$C,"no_carbon_price") -> 43.742222 | T7: =SUMIFS(Data!S:S,Data!$A:$A,$A7,Data!$C:$C,"no_carbon_price") -> 42.360556 | U7: =SUMIFS(Data!T:T,Data!$A:$A,$A7,Data!$C:$C,"no_carbon_price") -> 40.978889 | V7: =SUMIFS(Data!U:U,Data!$A:$A,$A7,Data!$C:$C,"no_carbon_price") -> 39.597222 | W7: =SUMIFS(Data!V:V,Data!$A:$A,$A7,Data!$C:$C,"no_carbon_price") -> 38.215556 | X7: =SUMIFS(Data!W:W,Data!$A:$A,$A7,Data!$C:$C,"no_carbon_price") -> 36.833889 | Y7: =SUMIFS(Data!X:X,Data!$A:$A,$A7,Data!$C:$C,"no_carbon_price") -> 35.452222 | Z7: =SUMIFS(Data!Y:Y,Data!$A:$A,$A7,Data!$C:$C,"no_carbon_price") -> 34.070556 | AA7: =SUMIFS(Data!Z:Z,Data!$A:$A,$A7,Data!$C:$C,"no_carbon_price") -> 32.688889 | AB7: =SUMIFS(Data!AA:AA,Data!$A:$A,$A7,Data!$C:$C,"no_carbon_price") -> 31.307222 | AC7: =SUMIFS(Data!AB:AB,Data!$A:$A,$A7,Data!$C:$C,"no_carbon_price") -> 29.925556 | AD7: =SUMIFS(Data!AC:AC,Data!$A:$A,$A7,Data!$C:$C,"no_carbon_price") -> 28.543889 | AE7: =SUMIFS(Data!AD:AD,Data!$A:$A,$A7,Data!$C:$C,"no_carbon_price") -> 27.162222
A10: Natural Gas | B10: USD/MWh (carbon price) | E10: =SUMIFS(Data!D:D,Data!$A:$A,$A10,Data!$C:$C,"carbon_price") -> 55.23695 | F10: =SUMIFS(Data!E:E,Data!$A:$A,$A10,Data!$C:$C,"carbon_price") -> 55.65195 | G10: =SUMIFS(Data!F:F,Data!$A:$A,$A10,Data!$C:$C,"carbon_price") -> 57.80005 | H10: =SUMIFS(Data!G:G,Data!$A:$A,$A10,Data!$C:$C,"carbon_price") -> 59.94815 | I10: =SUMIFS(Data!H:H,Data!$A:$A,$A10,Data!$C:$C,"carbon_price") -> 62.09625 | J10: =SUMIFS(Data!I:I,Data!$A:$A,$A10,Data!$C:$C,"carbon_price") -> 64.24435 | K10: =SUMIFS(Data!J:J,Data!$A:$A,$A10,Data!$C:$C,"carbon_price") -> 66.39245 | L10: =SUMIFS(Data!K:K,Data!$A:$A,$A10,Data!$C:$C,"carbon_price") -> 68.20448 | M10: =SUMIFS(Data!L:L,Data!$A:$A,$A10,Data!$C:$C,"carbon_price") -> 70.01651 | N10: =SUMIFS(Data!M:M,Data!$A:$A,$A10,Data!$C:$C,"carbon_price") -> 71.82854 | O10: =SUMIFS(Data!N:N,Data!$A:$A,$A10,Data!$C:$C,"carbon_price") -> 73.64057 | P10: =SUMIFS(Data!O:O,Data!$A:$A,$A10,Data!$C:$C,"carbon_price") -> 75.4526 | Q10: =SUMIFS(Data!P:P,Data!$A:$A,$A10,Data!$C:$C,"carbon_price") -> 77.9001 | R10: =SUMIFS(Data!Q:Q,Data!$A:$A,$A10,Data!$C:$C,"carbon_price") -> 80.3476 | S10: =SUMIFS(Data!R:R,Data!$A:$A,$A10,Data!$C:$C,"carbon_price") -> 82.7951 | T10: =SUMIFS(Data!S:S,Data!$A:$A,$A10,Data!$C:$C,"carbon_price") -> 85.2426 | U10: =SUMIFS(Data!T:T,Data!$A:$A,$A10,Data!$C:$C,"carbon_price") -> 87.6901 | V10: =SUMIFS(Data!U:U,Data!$A:$A,$A10,Data!$C:$C,"carbon_price") -> 90.94638 | W10: =SUMIFS(Data!V:V,Data!$A:$A,$A10,Data!$C:$C,"carbon_price") -> 94.20266 | X10: =SUMIFS(Data!W:W,Data!$A:$A,$A10,Data!$C:$C,"carbon_price") -> 97.45894 | Y10: =SUMIFS(Data!X:X,Data!$A:$A,$A10,Data!$C:$C,"carbon_price") -> 100.71522 | Z10: =SUMIFS(Data!Y:Y,Data!$A:$A,$A10,Data!$C:$C,"carbon_price") -> 103.9715 | AA10: =SUMIFS(Data!Z:Z,Data!$A:$A,$A10,Data!$C:$C,"carbon_price") -> 108.32541 | AB10: =SUMIFS(Data!AA:AA,Data!$A:$A,$A10,Data!$C:$C,"carbon_price") -> 112.67932 | AC10: =SUMIFS(Data!AB:AB,Data!$A:$A,$A10,Data!$C:$C,"carbon_price") -> 117.03323 | AD10: =SUMIFS(Data!AC:AC,Data!$A:$A,$A10,Data!$C:$C,"carbon_price") -> 121.38714 | AE10: =SUMIFS(Data!AD:AD,Data!$A:$A,$A10,Data!$C:$C,"carbon_price") -> 125.74105
A11: Grey Hydrogen | B11: USD/MWh (carbon price) | E11: =SUMIFS(Data!D:D,Data!$A:$A,$A11,Data!$C:$C,"carbon_price") -> 74.209267 | F11: =SUMIFS(Data!E:E,Data!$A:$A,$A11,Data!$C:$C,"carbon_price") -> 74.761489 | G11: =SUMIFS(Data!F:F,Data!$A:$A,$A11,Data!$C:$C,"carbon_price") -> 77.624511 | H11: =SUMIFS(Data!G:G,Data!$A:$A,$A11,Data!$C:$C,"carbon_price") -> 80.487533 | I11: =SUMIFS(Data!H:H,Data!$A:$A,$A11,Data!$C:$C,"carbon_price") -> 83.350556 | J11: =SUMIFS(Data!I:I,Data!$A:$A,$A11,Data!$C:$C,"carbon_price") -> 86.213578 | K11: =SUMIFS(Data!J:J,Data!$A:$A,$A11,Data!$C:$C,"carbon_price") -> 89.0766 | L11: =SUMIFS(Data!K:K,Data!$A:$A,$A11,Data!$C:$C,"carbon_price") -> 91.49264 | M11: =SUMIFS(Data!L:L,Data!$A:$A,$A11,Data!$C:$C,"carbon_price") -> 93.90868 | N11: =SUMIFS(Data!M:M,Data!$A:$A,$A11,Data!$C:$C,"carbon_price") -> 96.32472 | O11: =SUMIFS(Data!N:N,Data!$A:$A,$A11,Data!$C:$C,"carbon_price") -> 98.74076 | P11: =SUMIFS(Data!O:O,Data!$A:$A,$A11,Data!$C:$C,"carbon_price") -> 101.1568 | Q11: =SUMIFS(Data!P:P,Data!$A:$A,$A11,Data!$C:$C,"carbon_price") -> 104.42013 | R11: =SUMIFS(Data!Q:Q,Data!$A:$A,$A11,Data!$C:$C,"carbon_price") -> 107.68347 | S11: =SUMIFS(Data!R:R,Data!$A:$A,$A11,Data!$C:$C,"carbon_price") -> 110.9468 | T11: =SUMIFS(Data!S:S,Data!$A:$A,$A11,Data!$C:$C,"carbon_price") -> 114.21013 | U11: =SUMIFS(Data!T:T,Data!$A:$A,$A11,Data!$C:$C,"carbon_price") -> 117.47347 | V11: =SUMIFS(Data!U:U,Data!$A:$A,$A11,Data!$C:$C,"carbon_price") -> 121.81517 | W11: =SUMIFS(Data!V:V,Data!$A:$A,$A11,Data!$C:$C,"carbon_price") -> 126.15688 | X11: =SUMIFS(Data!W:W,Data!$A:$A,$A11,Data!$C:$C,"carbon_price") -> 130.49859 | Y11: =SUMIFS(Data!X:X,Data!$A:$A,$A11,Data!$C:$C,"carbon_price") -> 134.84029 | Z11: =SUMIFS(Data!Y:Y,Data!$A:$A,$A11,Data!$C:$C,"carbon_price") -> 139.182 | AA11: =SUMIFS(Data!Z:Z,Data!$A:$A,$A11,Data!$C:$C,"carbon_price") -> 144.98721 | AB11: =SUMIFS(Data!AA:AA,Data!$A:$A,$A11,Data!$C:$C,"carbon_price") -> 150.79243 | AC11: =SUMIFS(Data!AB:AB,Data!$A:$A,$A11,Data!$C:$C,"carbon_price") -> 156.59764 | AD11: =SUMIFS(Data!AC:AC,Data!$A:$A,$A11,Data!$C:$C,"carbon_price") -> 162.40285 | AE11: =SUMIFS(Data!AD:AD,Data!$A:$A,$A11,Data!$C:$C,"carbon_price") -> 168.20807
A12: Diesel | B12: USD/MWh (carbon price) | E12: =SUMIFS(Data!D:D,Data!$A:$A,$A12,Data!$C:$C,"carbon_price") -> 94.1575 | F12: =SUMIFS(Data!E:E,Data!$A:$A,$A12,Data!$C:$C,"carbon_price") -> 92.790093 | G12: =SUMIFS(Data!F:F,Data!$A:$A,$A12,Data!$C:$C,"carbon_price") -> 93.057685 | H12: =SUMIFS(Data!G:G,Data!$A:$A,$A12,Data!$C:$C,"carbon_price") -> 93.325278 | I12: =SUMIFS(Data!H:H,Data!$A:$A,$A12,Data!$C:$C,"carbon_price") -> 93.59287 | J12: =SUMIFS(Data!I:I,Data!$A:$A,$A12,Data!$C:$C,"carbon_price") -> 93.860463 | K12: =SUMIFS(Data!J:J,Data!$A:$A,$A12,Data!$C:$C,"carbon_price") -> 94.128056 | L12: =SUMIFS(Data!K:K,Data!$A:$A,$A12,Data!$C:$C,"carbon_price") -> 94.871889 | M12: =SUMIFS(Data!L:L,Data!$A:$A,$A12,Data!$C:$C,"carbon_price") -> 95.615722 | N12: =SUMIFS(Data!M:M,Data!$A:$A,$A12,Data!$C:$C,"carbon_price") -> 96.359556 | O12: =SUMIFS(Data!N:N,Data!$A:$A,$A12,Data!$C:$C,"carbon_price") -> 97.103389 | P12: =SUMIFS(Data!O:O,Data!$A:$A,$A12,Data!$C:$C,"carbon_price") -> 97.847222 | Q12: =SUMIFS(Data!P:P,Data!$A:$A,$A12,Data!$C:$C,"carbon_price") -> 99.190556 | R12: =SUMIFS(Data!Q:Q,Data!$A:$A,$A12,Data!$C:$C,"carbon_price") -> 100.53389 | S12: =SUMIFS(Data!R:R,Data!$A:$A,$A12,Data!$C:$C,"carbon_price") -> 101.87722 | T12: =SUMIFS(Data!S:S,Data!$A:$A,$A12,Data!$C:$C,"carbon_price") -> 103.22056 | U12: =SUMIFS(Data!T:T,Data!$A:$A,$A12,Data!$C:$C,"carbon_price") -> 104.56389 | V12: =SUMIFS(Data!U:U,Data!$A:$A,$A12,Data!$C:$C,"carbon_price") -> 106.67022 | W12: =SUMIFS(Data!V:V,Data!$A:$A,$A12,Data!$C:$C,"carbon_price") -> 108.77656 | X12: =SUMIFS(Data!W:W,Data!$A:$A,$A12,Data!$C:$C,"carbon_price") -> 110.88289 | Y12: =SUMIFS(Data!X:X,Data!$A:$A,$A12,Data!$C:$C,"carbon_price") -> 112.98922 | Z12: =SUMIFS(Data!Y:Y,Data!$A:$A,$A12,Data!$C:$C,"carbon_price") -> 115.09556 | AA12: =SUMIFS(Data!Z:Z,Data!$A:$A,$A12,Data!$C:$C,"carbon_price") -> 118.23739 | AB12: =SUMIFS(Data!AA:AA,Data!$A:$A,$A12,Data!$C:$C,"carbon_price") -> 121.37922 | AC12: =SUMIFS(Data!AB:AB,Data!$A:$A,$A12,Data!$C:$C,"carbon_price") -> 124.52106 | AD12: =SUMIFS(Data!AC:AC,Data!$A:$A,$A12,Data!$C:$C,"carbon_price") -> 127.66289 | AE12: =SUMIFS(Data!AD:AD,Data!$A:$A,$A12,Data!$C:$C,"carbon_price") -> 130.80472
A13: Methanol | B13: USD/MWh (carbon price) | E13: =SUMIFS(Data!D:D,Data!$A:$A,$A13,Data!$C:$C,"carbon_price") -> 101.15279 | F13: =SUMIFS(Data!E:E,Data!$A:$A,$A13,Data!$C:$C,"carbon_price") -> 101.78302 | G13: =SUMIFS(Data!F:F,Data!$A:$A,$A13,Data!$C:$C,"carbon_price") -> 104.88912 | H13: =SUMIFS(Data!G:G,Data!$A:$A,$A13,Data!$C:$C,"carbon_price") -> 107.99521 | I13: =SUMIFS(Data!H:H,Data!$A:$A,$A13,Data!$C:$C,"carbon_price") -> 111.10131 | J13: =SUMIFS(Data!I:I,Data!$A:$A,$A13,Data!$C:$C,"carbon_price") -> 114.2074 | K13: =SUMIFS(Data!J:J,Data!$A:$A,$A13,Data!$C:$C,"carbon_price") -> 117.3135 | L13: =SUMIFS(Data!K:K,Data!$A:$A,$A13,Data!$C:$C,"carbon_price") -> 119.90211 | M13: =SUMIFS(Data!L:L,Data!$A:$A,$A13,Data!$C:$C,"carbon_price") -> 122.49073 | N13: =SUMIFS(Data!M:M,Data!$A:$A,$A13,Data!$C:$C,"carbon_price") -> 125.07934 | O13: =SUMIFS(Data!N:N,Data!$A:$A,$A13,Data!$C:$C,"carbon_price") -> 127.66796 | P13: =SUMIFS(Data!O:O,Data!$A:$A,$A13,Data!$C:$C,"carbon_price") -> 130.25657 | Q13: =SUMIFS(Data!P:P,Data!$A:$A,$A13,Data!$C:$C,"carbon_price") -> 133.753 | R13: =SUMIFS(Data!Q:Q,Data!$A:$A,$A13,Data!$C:$C,"carbon_price") -> 137.24943 | S13: =SUMIFS(Data!R:R,Data!$A:$A,$A13,Data!$C:$C,"carbon_price") -> 140.74586 | T13: =SUMIFS(Data!S:S,Data!$A:$A,$A13,Data!$C:$C,"carbon_price") -> 144.24229 | U13: =SUMIFS(Data!T:T,Data!$A:$A,$A13,Data!$C:$C,"carbon_price") -> 147.73871 | V13: =SUMIFS(Data!U:U,Data!$A:$A,$A13,Data!$C:$C,"carbon_price") -> 152.39054 | W13: =SUMIFS(Data!V:V,Data!$A:$A,$A13,Data!$C:$C,"carbon_price") -> 157.04237 | X13: =SUMIFS(Data!W:W,Data!$A:$A,$A13,Data!$C:$C,"carbon_price") -> 161.6942 | Y13: =SUMIFS(Data!X:X,Data!$A:$A,$A13,Data!$C:$C,"carbon_price") -> 166.34603 | Z13: =SUMIFS(Data!Y:Y,Data!$A:$A,$A13,Data!$C:$C,"carbon_price") -> 170.99786 | AA13: =SUMIFS(Data!Z:Z,Data!$A:$A,$A13,Data!$C:$C,"carbon_price") -> 177.21773 | AB13: =SUMIFS(Data!AA:AA,Data!$A:$A,$A13,Data!$C:$C,"carbon_price") -> 183.4376 | AC13: =SUMIFS(Data!AB:AB,Data!$A:$A,$A13,Data!$C:$C,"carbon_price") -> 189.65747 | AD13: =SUMIFS(Data!AC:AC,Data!$A:$A,$A13,Data!$C:$C,"carbon_price") -> 195.87734 | AE13: =SUMIFS(Data!AD:AD,Data!$A:$A,$A13,Data!$C:$C,"carbon_price") -> 202.09721
A14: Kerosine | B14: USD/MWh (carbon price) | E14: =SUMIFS(Data!D:D,Data!$A:$A,$A14,Data!$C:$C,"carbon_price") -> 100.3216 | F14: =SUMIFS(Data!E:E,Data!$A:$A,$A14,Data!$C:$C,"carbon_price") -> 98.954193 | G14: =SUMIFS(Data!F:F,Data!$A:$A,$A14,Data!$C:$C,"carbon_price") -> 99.679585 | H14: =SUMIFS(Data!G:G,Data!$A:$A,$A14,Data!$C:$C,"carbon_price") -> 100.40498 | I14: =SUMIFS(Data!H:H,Data!$A:$A,$A14,Data!$C:$C,"carbon_price") -> 101.13037 | J14: =SUMIFS(Data!I:I,Data!$A:$A,$A14,Data!$C:$C,"carbon_price") -> 101.85576 | K14: =SUMIFS(Data!J:J,Data!$A:$A,$A14,Data!$C:$C,"carbon_price") -> 102.58116 | L14: =SUMIFS(Data!K:K,Data!$A:$A,$A14,Data!$C:$C,"carbon_price") -> 103.92013 | M14: =SUMIFS(Data!L:L,Data!$A:$A,$A14,Data!$C:$C,"carbon_price") -> 105.2591 | N14: =SUMIFS(Data!M:M,Data!$A:$A,$A14,Data!$C:$C,"carbon_price") -> 106.59808 | O14: =SUMIFS(Data!N:N,Data!$A:$A,$A14,Data!$C:$C,"carbon_price") -> 107.93705 | P14: =SUMIFS(Data!O:O,Data!$A:$A,$A14,Data!$C:$C,"carbon_price") -> 109.27602 | Q14: =SUMIFS(Data!P:P,Data!$A:$A,$A14,Data!$C:$C,"carbon_price") -> 111.38236 | R14: =SUMIFS(Data!Q:Q,Data!$A:$A,$A14,Data!$C:$C,"carbon_price") -> 113.48869 | S14: =SUMIFS(Data!R:R,Data!$A:$A,$A14,Data!$C:$C,"carbon_price") -> 115.59502 | T14: =SUMIFS(Data!S:S,Data!$A:$A,$A14,Data!$C:$C,"carbon_price") -> 117.70136 | U14: =SUMIFS(Data!T:T,Data!$A:$A,$A14,Data!$C:$C,"carbon_price") -> 119.80769 | V14: =SUMIFS(Data!U:U,Data!$A:$A,$A14,Data!$C:$C,"carbon_price") -> 122.89066 | W14: =SUMIFS(Data!V:V,Data!$A:$A,$A14,Data!$C:$C,"carbon_price") -> 125.97364 | X14: =SUMIFS(Data!W:W,Data!$A:$A,$A14,Data!$C:$C,"carbon_price") -> 129.05661 | Y14: =SUMIFS(Data!X:X,Data!$A:$A,$A14,Data!$C:$C,"carbon_price") -> 132.13958 | Z14: =SUMIFS(Data!Y:Y,Data!$A:$A,$A14,Data!$C:$C,"carbon_price") -> 135.22256 | AA14: =SUMIFS(Data!Z:Z,Data!$A:$A,$A14,Data!$C:$C,"carbon_price") -> 139.63097 | AB14: =SUMIFS(Data!AA:AA,Data!$A:$A,$A14,Data!$C:$C,"carbon_price") -> 144.03938 | AC14: =SUMIFS(Data!AB:AB,Data!$A:$A,$A14,Data!$C:$C,"carbon_price") -> 148.4478 | AD14: =SUMIFS(Data!AC:AC,Data!$A:$A,$A14,Data!$C:$C,"carbon_price") -> 152.85621 | AE14: =SUMIFS(Data!AD:AD,Data!$A:$A,$A14,Data!$C:$C,"carbon_price") -> 157.26462
A16: Implied Carbon Price | B16: USD/t | C16: 0.265 | E16: =ROUND((E10-E3)/$C16,0) -> 117 | F16: =ROUND((F10-F3)/$C16,0) -> 117 | G16: =ROUND((G10-G3)/$C16,0) -> 123 | H16: =ROUND((H10-H3)/$C16,0) -> 130 | I16: =ROUND((I10-I3)/$C16,0) -> 136 | J16: =ROUND((J10-J3)/$C16,0) -> 143 | K16: =ROUND((K10-K3)/$C16,0) -> 149 | L16: =ROUND((L10-L3)/$C16,0) -> 158 | ... AE16: =ROUND((AE10-AE3)/$C16,0) -> 407
A17: Scenario Carbon Price | B17: USD/t | E17: 71 | F17: 71 | G17: 71 | H17: 71 | I17: 71 | J17: 71 | K17: 71 | L17: 71 | M17: 71 | N17: 71 | O17: 71 | P17: 71 | Q17: 71 | R17: 71 | S17: 71 | T17: 71 | U17: 71 | V17: 71 | W17: 71 | X17: 71 | Y17: 71 | Z17: 71 | AA17: 71 | AB17: 71 | AC17: 71 | AD17: 71 | AE17: 71
A19: Natural Gas | B19: USD/MWh (flat carbon price) | C19: 0.265 | E19: =E3+$C19*E$17 -> 43.145 | F19: =F3+$C19*F$17 -> 43.56 | G19: =G3+$C19*G$17 -> 43.975 | H19: =H3+$C19*H$17 -> 44.39 | I19: =I3+$C19*I$17 -> 44.805 | J19: =J3+$C19*J$17 -> 45.22 | K19: =K3+$C19*K$17 -> 45.635 | L19: =L3+$C19*L$17 -> 45.194 | ... AE19: =AE3+$C19*AE$17 -> 36.815
A20: Grey Hydrogen | B20: USD/MWh (flat carbon price) | C20: 0.35 | E20: =E4+$C20*E$17 -> 57.85 | F20: =F4+$C20*F$17 -> 58.402222 | G20: =G4+$C20*G$17 -> 58.954444 | H20: =H4+$C20*H$17 -> 59.506667 | I20: =I4+$C20*I$17 -> 60.058889 | J20: =J4+$C20*J$17 -> 60.611111 | K20: =K4+$C20*K$17 -> 61.163333 | L20: =L4+$C20*L$17 -> 60.575333 | ... AE20: =AE4+$C20*AE$17 -> 49.403333
A21: Diesel | B21: USD/MWh (flat carbon price) | C21: 0.25 | E21: =E5+$C21*E$17 -> 82.75 | F21: =F5+$C21*F$17 -> 81.382593 | G21: =G5+$C21*G$17 -> 80.015185 | H21: =H5+$C21*H$17 -> 78.647778 | I21: =I5+$C21*I$17 -> 77.28037 | J21: =J5+$C21*J$17 -> 75.912963 | K21: =K5+$C21*K$17 -> 74.545556 | L21: =L5+$C21*L$17 -> 73.163889 | ... AE21: =AE5+$C21*AE$17 -> 46.912222
A22: Methanol | B22: USD/MWh (flat carbon price) | C22: 0.37 | E22: =E6+$C22*E$17 -> 83.27 | F22: =F6+$C22*F$17 -> 83.900238 | G22: =G6+$C22*G$17 -> 84.530476 | H22: =H6+$C22*H$17 -> 85.160714 | I22: =I6+$C22*I$17 -> 85.790952 | J22: =J6+$C22*J$17 -> 86.42119 | K22: =K6+$C22*K$17 -> 87.051429 | L22: =L6+$C22*L$17 -> 86.421429 | ... AE22: =AE6+$C22*AE$17 -> 74.451429
A23: Kerosine | B23: USD/MWh (flat carbon price) | C23: 0.32 | E23: =E7+$C23*E$17 -> 85.72 | F23: =F7+$C23*F$17 -> 84.352593 | G23: =G7+$C23*G$17 -> 82.985185 | H23: =H7+$C23*H$17 -> 81.617778 | I23: =I7+$C23*I$17 -> 80.25037 | J23: =J7+$C23*J$17 -> 78.882963 | K23: =K7+$C23*K$17 -> 77.515556 | L23: =L7+$C23*L$17 -> 76.133889 | ... AE23: =AE7+$C23*AE$17 -> 49.882222
