Workbook

Sheet R Interface
A1: activity_type | B1: description | C1: nace_level2 | D1: Sector | E1: Industry | F1: Freq | G1: ETS BM Reference | H1: BM | I1: BM_AL | J1: fuel | K1: feedstock | L1: key | M1: Index_2030 | N1: Index_2050 | O1: Index_2030_Depr | P1: Index_2050_Depr | Q1: carbon_leakage
A2: Combustion installations with a rated thermal input exceeding 20 MW | B2: Aluminium production | C2: Basic metals | D2: Non-ferrous metals | E2: Aluminium | F2: 4 | G2: [Primary] Aluminium | H2: =INDEX(Data!G:G,MATCH(G2,Data!A:A,0),1) -> 1.641 | I2: =INDEX(Data!J:J,MATCH(G2,Data!A:A,0),1) -> 1.464 | J2: =INDEX(Data!R:R,MATCH(G2,Data!A:A,0),1) -> 12.024 | K2: =INDEX(Data!S:S,MATCH(G2,Data!A:A,0),1) -> 0 | L2: =IF(B2="",A2,A2&"_"&B2) -> Combustion installations with a rated thermal input exceeding 20 MW_Aluminium production | M2: =INDEX(Data!AD:AD,MATCH($G2,Data!$A:$A,0),1) -> 0.804 | N2: =INDEX(Data!AE:AE,MATCH($G2,Data!$A:$A,0),1) -> 0.858 | O2: =INDEX(Data!AG:AG,MATCH($G2,Data!$A:$A,0),1) -> 1.3517721 | P2: =INDEX(Data!AH:AH,MATCH($G2,Data!$A:$A,0),1) -> 3.1982578 | Q2: =IFERROR(IF(MATCH(B2,#REF!,0)>0,1),0) -> 0
A3: Combustion installations with a rated thermal input exceeding 20 MW | B3: Manufacture of cement | C3: Non-metallic mineral products | D3: Non-metallic minerals | E3: Cement | F3: 1 | G3: Cement [WA] | H3: =INDEX(Data!G:G,MATCH(G3,Data!A:A,0),1) -> 0.81745071 | I3: =INDEX(Data!J:J,MATCH(G3,Data!A:A,0),1) -> 0.6991394 | J3: =INDEX(Data!R:R,MATCH(G3,Data!A:A,0),1) -> 4.32 | K3: =INDEX(Data!S:S,MATCH(G3,Data!A:A,0),1) -> 0 | L3: =IF(B3="",A3,A3&"_"&B3) -> Combustion installations with a rated thermal input exceeding 20 MW_Manufacture of cement | M3: =INDEX(Data!AD:AD,MATCH($G3,Data!$A:$A,0),1) -> 0.6 | N3: =INDEX(Data!AE:AE,MATCH($G3,Data!$A:$A,0),1) -> 0.598 | O3: =INDEX(Data!AG:AG,MATCH($G3,Data!$A:$A,0),1) -> 1.7474276 | P3: =INDEX(Data!AH:AH,MATCH($G3,Data!$A:$A,0),1) -> 11.543913 | Q3: =IFERROR(IF(MATCH(B3,#REF!,0)>0,1),0) -> 0
A4: Combustion installations with a rated thermal input exceeding 20 MW | B4: Manufacture of concrete products for construction purposes | C4: Non-metallic mineral products | D4: Non-metallic minerals | E4: Cement | F4: 1 | G4: Cement [WA] | H4: =INDEX(Data!G:G,MATCH(G4,Data!A:A,0),1) -> 0.81745071 | I4: =INDEX(Data!J:J,MATCH(G4,Data!A:A,0),1) -> 0.6991394 | J4: =INDEX(Data!R:R,MATCH(G4,Data!A:A,0),1) -> 4.32 | K4: =INDEX(Data!S:S,MATCH(G4,Data!A:A,0),1) -> 0 | L4: =IF(B4="",A4,A4&"_"&B4) -> Combustion installations with a rated thermal input exceeding 20 MW_Manufacture of concrete products for construction purposes | M4: =INDEX(Data!AD:AD,MATCH($G4,Data!$A:$A,0),1) -> 0.6 | N4: =INDEX(Data!AE:AE,MATCH($G4,Data!$A:$A,0),1) -> 0.598 | O4: =INDEX(Data!AG:AG,MATCH($G4,Data!$A:$A,0),1) -> 1.7474276 | P4: =INDEX(Data!AH:AH,MATCH($G4,Data!$A:$A,0),1) -> 11.543913 | Q4: =IFERROR(IF(MATCH(B4,#REF!,0)>0,1),0) -> 0
A5: Combustion installations with a rated thermal input exceeding 20 MW | B5: Manufacture of fibre cement | C5: Non-metallic mineral products | D5: Non-metallic minerals | E5: Cement | F5: 1 | G5: Cement [WA] | H5: =INDEX(Data!G:G,MATCH(G5,Data!A:A,0),1) -> 0.81745071 | I5: =INDEX(Data!J:J,MATCH(G5,Data!A:A,0),1) -> 0.6991394 | J5: =INDEX(Data!R:R,MATCH(G5,Data!A:A,0),1) -> 4.32 | K5: =INDEX(Data!S:S,MATCH(G5,Data!A:A,0),1) -> 0 | L5: =IF(B5="",A5,A5&"_"&B5) -> Combustion installations with a rated thermal input exceeding 20 MW_Manufacture of fibre cement | M5: =INDEX(Data!AD:AD,MATCH($G5,Data!$A:$A,0),1) -> 0.6 | N5: =INDEX(Data!AE:AE,MATCH($G5,Data!$A:$A,0),1) -> 0.598 | O5: =INDEX(Data!AG:AG,MATCH($G5,Data!$A:$A,0),1) -> 1.7474276 | P5: =INDEX(Data!AH:AH,MATCH($G5,Data!$A:$A,0),1) -> 11.543913 | Q5: =IFERROR(IF(MATCH(B5,#REF!,0)>0,1),0) -> 0
A6: Combustion installations with a rated thermal input exceeding 20 MW | B6: Manufacture of bricks, tiles and construction products, in baked clay | C6: Non-metallic mineral products | D6: Non-metallic minerals | E6: Ceramics | F6: 3 | G6: Ceramics [WA] | H6: =INDEX(Data!G:G,MATCH(G6,Data!A:A,0),1) -> 0.12876363 | I6: =INDEX(Data!J:J,MATCH(G6,Data!A:A,0),1) -> 0.095090361 | J6: =INDEX(Data!R:R,MATCH(G6,Data!A:A,0),1) -> 3.0746808 | K6: =INDEX(Data!S:S,MATCH(G6,Data!A:A,0),1) -> 0 | L6: =IF(B6="",A6,A6&"_"&B6) -> Combustion installations with a rated thermal input exceeding 20 MW_Manufacture of bricks, tiles and construction products, in baked clay | M6: =INDEX(Data!AD:AD,MATCH($G6,Data!$A:$A,0),1) -> 0.6 | N6: =INDEX(Data!AE:AE,MATCH($G6,Data!$A:$A,0),1) -> 0.598 | O6: =INDEX(Data!AG:AG,MATCH($G6,Data!$A:$A,0),1) -> 1.1022134 | P6: =INDEX(Data!AH:AH,MATCH($G6,Data!$A:$A,0),1) -> 1.4555421 | Q6: =IFERROR(IF(MATCH(B6,#REF!,0)>0,1),0) -> 0
A7: Combustion installations with a rated thermal input exceeding 20 MW | B7: Manufacture of ceramic household and ornamental articles | C7: Non-metallic mineral products | D7: Non-metallic minerals | E7: Ceramics | F7: 4 | G7: Ceramics [WA] | H7: =INDEX(Data!G:G,MATCH(G7,Data!A:A,0),1) -> 0.12876363 | I7: =INDEX(Data!J:J,MATCH(G7,Data!A:A,0),1) -> 0.095090361 | J7: =INDEX(Data!R:R,MATCH(G7,Data!A:A,0),1) -> 3.0746808 | K7: =INDEX(Data!S:S,MATCH(G7,Data!A:A,0),1) -> 0 | L7: =IF(B7="",A7,A7&"_"&B7) -> Combustion installations with a rated thermal input exceeding 20 MW_Manufacture of ceramic household and ornamental articles | M7: =INDEX(Data!AD:AD,MATCH($G7,Data!$A:$A,0),1) -> 0.6 | N7: =INDEX(Data!AE:AE,MATCH($G7,Data!$A:$A,0),1) -> 0.598 | O7: =INDEX(Data!AG:AG,MATCH($G7,Data!$A:$A,0),1) -> 1.1022134 | P7: =INDEX(Data!AH:AH,MATCH($G7,Data!$A:$A,0),1) -> 1.4555421 | Q7: =IFERROR(IF(MATCH(B7,#REF!,0)>0,1),0) -> 0
A8: Combustion installations with a rated thermal input exceeding 20 MW | B8: Manufacture of ceramic sanitary fixtures | C8: Non-metallic mineral products | D8: Non-metallic minerals | E8: Ceramics | F8: 1 | G8: Ceramics [WA] | H8: =INDEX(Data!G:G,MATCH(G8,Data!A:A,0),1) -> 0.12876363 | I8: =INDEX(Data!J:J,MATCH(G8,Data!A:A,0),1) -> 0.095090361 | J8: =INDEX(Data!R:R,MATCH(G8,Data!A:A,0),1) -> 3.0746808 | K8: =INDEX(Data!S:S,MATCH(G8,Data!A:A,0),1) -> 0 | L8: =IF(B8="",A8,A8&"_"&B8) -> Combustion installations with a rated thermal input exceeding 20 MW_Manufacture of ceramic sanitary fixtures | M8: =INDEX(Data!AD:AD,MATCH($G8,Data!$A:$A,0),1) -> 0.6 | N8: =INDEX(Data!AE:AE,MATCH($G8,Data!$A:$A,0),1) -> 0.598 | O8: =INDEX(Data!AG:AG,MATCH($G8,Data!$A:$A,0),1) -> 1.1022134 | P8: =INDEX(Data!AH:AH,MATCH($G8,Data!$A:$A,0),1) -> 1.4555421 | Q8: =IFERROR(IF(MATCH(B8,#REF!,0)>0,1),0) -> 0
A9: Combustion installations with a rated thermal input exceeding 20 MW | B9: Manufacture of other porcelain and ceramic products | C9: Non-metallic mineral products | D9: Non-metallic minerals | E9: Ceramics | F9: 1 | G9: Ceramics [WA] | H9: =INDEX(Data!G:G,MATCH(G9,Data!A:A,0),1) -> 0.12876363 | I9: =INDEX(Data!J:J,MATCH(G9,Data!A:A,0),1) -> 0.095090361 | J9: =INDEX(Data!R:R,MATCH(G9,Data!A:A,0),1) -> 3.0746808 | K9: =INDEX(Data!S:S,MATCH(G9,Data!A:A,0),1) -> 0 | L9: =IF(B9="",A9,A9&"_"&B9) -> Combustion installations with a rated thermal input exceeding 20 MW_Manufacture of other porcelain and ceramic products | M9: =INDEX(Data!AD:AD,MATCH($G9,Data!$A:$A,0),1) -> 0.6 | N9: =INDEX(Data!AE:AE,MATCH($G9,Data!$A:$A,0),1) -> 0.598 | O9: =INDEX(Data!AG:AG,MATCH($G9,Data!$A:$A,0),1) -> 1.1022134 | P9: =INDEX(Data!AH:AH,MATCH($G9,Data!$A:$A,0),1) -> 1.4555421 | Q9: =IFERROR(IF(MATCH(B9,#REF!,0)>0,1),0) -> 0
A10: Combustion installations with a rated thermal input exceeding 20 MW | B10: Production of abrasive products | C10: Non-metallic mineral products | D10: Non-metallic minerals | E10: Ceramics | F10: 1 | G10: Ceramics [WA] | H10: =INDEX(Data!G:G,MATCH(G10,Data!A:A,0),1) -> 0.12876363 | I10: =INDEX(Data!J:J,MATCH(G10,Data!A:A,0),1) -> 0.095090361 | J10: =INDEX(Data!R:R,MATCH(G10,Data!A:A,0),1) -> 3.0746808 | K10: =INDEX(Data!S:S,MATCH(G10,Data!A:A,0),1) -> 0 | L10: =IF(B10="",A10,A10&"_"&B10) -> Combustion installations with a rated thermal input exceeding 20 MW_Production of abrasive products | M10: =INDEX(Data!AD:AD,MATCH($G10,Data!$A:$A,0),1) -> 0.6 | N10: =INDEX(Data!AE:AE,MATCH($G10,Data!$A:$A,0),1) -> 0.598 | O10: =INDEX(Data!AG:AG,MATCH($G10,Data!$A:$A,0),1) -> 1.1022134 | P10: =INDEX(Data!AH:AH,MATCH($G10,Data!$A:$A,0),1) -> 1.4555421 | Q10: =IFERROR(IF(MATCH(B10,#REF!,0)>0,1),0) -> 0
A11: Combustion installations with a rated thermal input exceeding 20 MW | B11: Manufacture of basic pharmaceutical products | C11: Pharmaceuticals | D11: Chemicals | E11: Pharmaceuticals | F11: 1 | G11: Chemicals [Acids and Ethylenoxid/Ethylenglykol subset, WA] | H11: =INDEX(Data!G:G,MATCH(G11,Data!A:A,0),1) -> 0.38529468 | I11: =INDEX(Data!J:J,MATCH(G11,Data!A:A,0),1) -> 0.65015695 | J11: =INDEX(Data!R:R,MATCH(G11,Data!A:A,0),1) -> 0.99664158 | K11: =INDEX(Data!S:S,MATCH(G11,Data!A:A,0),1) -> 5.224939 | L11: =IF(B11="",A11,A11&"_"&B11) -> Combustion installations with a rated thermal input exceeding 20 MW_Manufacture of basic pharmaceutical products | M11: =INDEX(Data!AD:AD,MATCH($G11,Data!$A:$A,0),1) -> 0.812 | N11: =INDEX(Data!AE:AE,MATCH($G11,Data!$A:$A,0),1) -> 0.739 | O11: =INDEX(Data!AG:AG,MATCH($G11,Data!$A:$A,0),1) -> 1.2983192 | P11: =INDEX(Data!AH:AH,MATCH($G11,Data!$A:$A,0),1) -> 4.8395672 | Q11: =IFERROR(IF(MATCH(B11,#REF!,0)>0,1),0) -> 0
A12: Combustion installations with a rated thermal input exceeding 20 MW | B12: Manufacture of dyes and pigments | C12: Chemicals | D12: Chemicals | E12: Chemicals | F12: 1 | G12: Chemicals [WA] | H12: =INDEX(Data!G:G,MATCH(G12,Data!A:A,0),1) -> 1.1838611 | I12: =INDEX(Data!J:J,MATCH(G12,Data!A:A,0),1) -> 1.0013516 | J12: =INDEX(Data!R:R,MATCH(G12,Data!A:A,0),1) -> 2.6802341 | K12: =INDEX(Data!S:S,MATCH(G12,Data!A:A,0),1) -> 27.108503 | L12: =IF(B12="",A12,A12&"_"&B12) -> Combustion installations with a rated thermal input exceeding 20 MW_Manufacture of dyes and pigments | M12: =INDEX(Data!AD:AD,MATCH($G12,Data!$A:$A,0),1) -> 0.812 | N12: =INDEX(Data!AE:AE,MATCH($G12,Data!$A:$A,0),1) -> 0.739 | O12: =INDEX(Data!AG:AG,MATCH($G12,Data!$A:$A,0),1) -> 1.326565 | P12: =INDEX(Data!AH:AH,MATCH($G12,Data!$A:$A,0),1) -> 6.8406135 | Q12: =IFERROR(IF(MATCH(B12,#REF!,0)>0,1),0) -> 0
A13: Combustion installations with a rated thermal input exceeding 20 MW | B13: Manufacture of industrial gases | C13: Chemicals | D13: Chemicals | E13: Chemicals | F13: 3 | G13: Hydrogen and synthetic gas [WA] | H13: =INDEX(Data!G:G,MATCH(G13,Data!A:A,0),1) -> 8.4591606 | I13: =INDEX(Data!J:J,MATCH(G13,Data!A:A,0),1) -> 6.4483962 | J13: =INDEX(Data!R:R,MATCH(G13,Data!A:A,0),1) -> 0 | K13: =INDEX(Data!S:S,MATCH(G13,Data!A:A,0),1) -> 120.04802 | L13: =IF(B13="",A13,A13&"_"&B13) -> Combustion installations with a rated thermal input exceeding 20 MW_Manufacture of industrial gases | M13: =INDEX(Data!AD:AD,MATCH($G13,Data!$A:$A,0),1) -> 0.812 | N13: =INDEX(Data!AE:AE,MATCH($G13,Data!$A:$A,0),1) -> 0.739 | O13: =INDEX(Data!AG:AG,MATCH($G13,Data!$A:$A,0),1) -> 1.2983192 | P13: =INDEX(Data!AH:AH,MATCH($G13,Data!$A:$A,0),1) -> 4.8395672 | Q13: =IFERROR(IF(MATCH(B13,#REF!,0)>0,1),0) -> 0
... A106: Combustion installations with a rated thermal input exceeding 20 MW | B106: Manufacture of plastic plates, sheets, tubes and profiles | C106: Rubber & plastic | D106: Chemicals | E106: Chemicals | F106: 4 | G106: Chemicals [WA, Plastics subset] | H106: =INDEX(Data!G:G,MATCH(G106,Data!A:A,0),1) -> 0.49494039 | I106: =INDEX(Data!J:J,MATCH(G106,Data!A:A,0),1) -> 0.76276347 | J106: =INDEX(Data!R:R,MATCH(G106,Data!A:A,0),1) -> 6.0728236 | K106: =INDEX(Data!S:S,MATCH(G106,Data!A:A,0),1) -> 0 | L106: =IF(B106="",A106,A106&"_"&B106) -> Combustion installations with a rated thermal input exceeding 20 MW_Manufacture of plastic plates, sheets, tubes and profiles | M106: =INDEX(Data!AD:AD,MATCH($G106,Data!$A:$A,0),1) -> 0.812 | N106: =INDEX(Data!AE:AE,MATCH($G106,Data!$A:$A,0),1) -> 0.739 | O106: =INDEX(Data!AG:AG,MATCH($G106,Data!$A:$A,0),1) -> 1.2983192 | P106: =INDEX(Data!AH:AH,MATCH($G106,Data!$A:$A,0),1) -> 4.8395672 | Q106: =IFERROR(IF(MATCH(B106,#REF!,0)>0,1),0) -> 0
A107: Combustion installations with a rated thermal input exceeding 20 MW | D107: Other | E107: Other combustion | G107: Fuel Benchmark | H107: =INDEX(Data!G:G,MATCH(G107,Data!A:A,0),1) -> 0.0579 | I107: =INDEX(Data!J:J,MATCH(G107,Data!A:A,0),1) -> 0.0426 | J107: =INDEX(Data!R:R,MATCH(G107,Data!A:A,0),1) -> 1 | K107: =INDEX(Data!S:S,MATCH(G107,Data!A:A,0),1) -> 0 | L107: =IF(B107="",A107,A107&"_"&B107) -> Combustion installations with a rated thermal input exceeding 20 MW | M107: =INDEX(Data!AD:AD,MATCH($G107,Data!$A:$A,0),1) -> 0.782 | N107: =INDEX(Data!AE:AE,MATCH($G107,Data!$A:$A,0),1) -> 0.635 | O107: =INDEX(Data!AG:AG,MATCH($G107,Data!$A:$A,0),1) -> 1.1486857 | P107: =INDEX(Data!AH:AH,MATCH($G107,Data!$A:$A,0),1) -> 1.7068865 | Q107: =IFERROR(IF(MATCH(B107,#REF!,0)>0,1),0) -> 0
A108: Combustion of fuels | B108: Aluminium production | C108: Basic metals | D108: Non-ferrous metals | E108: Aluminium | F108: 8 | G108: [Primary] Aluminium | H108: =INDEX(Data!G:G,MATCH(G108,Data!A:A,0),1) -> 1.641 | I108: =INDEX(Data!J:J,MATCH(G108,Data!A:A,0),1) -> 1.464 | J108: =INDEX(Data!R:R,MATCH(G108,Data!A:A,0),1) -> 12.024 | K108: =INDEX(Data!S:S,MATCH(G108,Data!A:A,0),1) -> 0 | L108: =IF(B108="",A108,A108&"_"&B108) -> Combustion of fuels_Aluminium production | M108: =INDEX(Data!AD:AD,MATCH($G108,Data!$A:$A,0),1) -> 0.804 | N108: =INDEX(Data!AE:AE,MATCH($G108,Data!$A:$A,0),1) -> 0.858 | O108: =INDEX(Data!AG:AG,MATCH($G108,Data!$A:$A,0),1) -> 1.3517721 | P108: =INDEX(Data!AH:AH,MATCH($G108,Data!$A:$A,0),1) -> 3.1982578 | Q108: =IFERROR(IF(MATCH(B108,#REF!,0)>0,1),0) -> 0
A109: Combustion of fuels | B109: Manufacture of cement | C109: Non-metallic mineral products | D109: Non-metallic minerals | E109: Cement | F109: 1 | G109: Cement [WA] | H109: =INDEX(Data!G:G,MATCH(G109,Data!A:A,0),1) -> 0.81745071 | I109: =INDEX(Data!J:J,MATCH(G109,Data!A:A,0),1) -> 0.6991394 | J109: =INDEX(Data!R:R,MATCH(G109,Data!A:A,0),1) -> 4.32 | K109: =INDEX(Data!S:S,MATCH(G109,Data!A:A,0),1) -> 0 | L109: =IF(B109="",A109,A109&"_"&B109) -> Combustion of fuels_Manufacture of cement | M109: =INDEX(Data!AD:AD,MATCH($G109,Data!$A:$A,0),1) -> 0.6 | N109: =INDEX(Data!AE:AE,MATCH($G109,Data!$A:$A,0),1) -> 0.598 | O109: =INDEX(Data!AG:AG,MATCH($G109,Data!$A:$A,0),1) -> 1.7474276 | P109: =INDEX(Data!AH:AH,MATCH($G109,Data!$A:$A,0),1) -> 11.543913 | Q109: =IFERROR(IF(MATCH(B109,#REF!,0)>0,1),0) -> 0
A110: Combustion of fuels | B110: Manufacture of concrete products for construction purposes | C110: Non-metallic mineral products | D110: Non-metallic minerals | E110: Cement | F110: 2 | G110: Cement [WA] | H110: =INDEX(Data!G:G,MATCH(G110,Data!A:A,0),1) -> 0.81745071 | I110: =INDEX(Data!J:J,MATCH(G110,Data!A:A,0),1) -> 0.6991394 | J110: =INDEX(Data!R:R,MATCH(G110,Data!A:A,0),1) -> 4.32 | K110: =INDEX(Data!S:S,MATCH(G110,Data!A:A,0),1) -> 0 | L110: =IF(B110="",A110,A110&"_"&B110) -> Combustion of fuels_Manufacture of concrete products for construction purposes | M110: =INDEX(Data!AD:AD,MATCH($G110,Data!$A:$A,0),1) -> 0.6 | N110: =INDEX(Data!AE:AE,MATCH($G110,Data!$A:$A,0),1) -> 0.598 | O110: =INDEX(Data!AG:AG,MATCH($G110,Data!$A:$A,0),1) -> 1.7474276 | P110: =INDEX(Data!AH:AH,MATCH($G110,Data!$A:$A,0),1) -> 11.543913 | Q110: =IFERROR(IF(MATCH(B110,#REF!,0)>0,1),0) -> 0
A111: Combustion of fuels | B111: Manufacture of fibre cement | C111: Non-metallic mineral products | D111: Non-metallic minerals | E111: Cement | F111: 2 | G111: Cement [WA] | H111: =INDEX(Data!G:G,MATCH(G111,Data!A:A,0),1) -> 0.81745071 | I111: =INDEX(Data!J:J,MATCH(G111,Data!A:A,0),1) -> 0.6991394 | J111: =INDEX(Data!R:R,MATCH(G111,Data!A:A,0),1) -> 4.32 | K111: =INDEX(Data!S:S,MATCH(G111,Data!A:A,0),1) -> 0 | L111: =IF(B111="",A111,A111&"_"&B111) -> Combustion of fuels_Manufacture of fibre cement | M111: =INDEX(Data!AD:AD,MATCH($G111,Data!$A:$A,0),1) -> 0.6 | N111: =INDEX(Data!AE:AE,MATCH($G111,Data!$A:$A,0),1) -> 0.598 | O111: =INDEX(Data!AG:AG,MATCH($G111,Data!$A:$A,0),1) -> 1.7474276 | P111: =INDEX(Data!AH:AH,MATCH($G111,Data!$A:$A,0),1) -> 11.543913 | Q111: =IFERROR(IF(MATCH(B111,#REF!,0)>0,1),0) -> 0
A112: Combustion of fuels | B112: Manufacture of bricks, tiles and construction products, in baked clay | C112: Non-metallic mineral products | D112: Non-metallic minerals | E112: Ceramics | F112: 2 | G112: Ceramics [WA] | H112: =INDEX(Data!G:G,MATCH(G112,Data!A:A,0),1) -> 0.12876363 | I112: =INDEX(Data!J:J,MATCH(G112,Data!A:A,0),1) -> 0.095090361 | J112: =INDEX(Data!R:R,MATCH(G112,Data!A:A,0),1) -> 3.0746808 | K112: =INDEX(Data!S:S,MATCH(G112,Data!A:A,0),1) -> 0 | L112: =IF(B112="",A112,A112&"_"&B112) -> Combustion of fuels_Manufacture of bricks, tiles and construction products, in baked clay | M112: =INDEX(Data!AD:AD,MATCH($G112,Data!$A:$A,0),1) -> 0.6 | N112: =INDEX(Data!AE:AE,MATCH($G112,Data!$A:$A,0),1) -> 0.598 | O112: =INDEX(Data!AG:AG,MATCH($G112,Data!$A:$A,0),1) -> 1.1022134 | P112: =INDEX(Data!AH:AH,MATCH($G112,Data!$A:$A,0),1) -> 1.4555421 | Q112: =IFERROR(IF(MATCH(B112,#REF!,0)>0,1),0) -> 0
A113: Combustion of fuels | B113: Manufacture of ceramic insulators and insulating fittings | C113: Non-metallic mineral products | D113: Non-metallic minerals | E113: Ceramics | F113: 1 | G113: Ceramics [WA] | H113: =INDEX(Data!G:G,MATCH(G113,Data!A:A,0),1) -> 0.12876363 | I113: =INDEX(Data!J:J,MATCH(G113,Data!A:A,0),1) -> 0.095090361 | J113: =INDEX(Data!R:R,MATCH(G113,Data!A:A,0),1) -> 3.0746808 | K113: =INDEX(Data!S:S,MATCH(G113,Data!A:A,0),1) -> 0 | L113: =IF(B113="",A113,A113&"_"&B113) -> Combustion of fuels_Manufacture of ceramic insulators and insulating fittings | M113: =INDEX(Data!AD:AD,MATCH($G113,Data!$A:$A,0),1) -> 0.6 | N113: =INDEX(Data!AE:AE,MATCH($G113,Data!$A:$A,0),1) -> 0.598 | O113: =INDEX(Data!AG:AG,MATCH($G113,Data!$A:$A,0),1) -> 1.1022134 | P113: =INDEX(Data!AH:AH,MATCH($G113,Data!$A:$A,0),1) -> 1.4555421 | Q113: =IFERROR(IF(MATCH(B113,#REF!,0)>0,1),0) -> 0
A114: Combustion of fuels | B114: Manufacture of ceramic sanitary fixtures | C114: Non-metallic mineral products | D114: Non-metallic minerals | E114: Ceramics | F114: 1 | G114: Ceramics [WA] | H114: =INDEX(Data!G:G,MATCH(G114,Data!A:A,0),1) -> 0.12876363 | I114: =INDEX(Data!J:J,MATCH(G114,Data!A:A,0),1) -> 0.095090361 | J114: =INDEX(Data!R:R,MATCH(G114,Data!A:A,0),1) -> 3.0746808 | K114: =INDEX(Data!S:S,MATCH(G114,Data!A:A,0),1) -> 0 | L114: =IF(B114="",A114,A114&"_"&B114) -> Combustion of fuels_Manufacture of ceramic sanitary fixtures | M114: =INDEX(Data!AD:AD,MATCH($G114,Data!$A:$A,0),1) -> 0.6 | N114: =INDEX(Data!AE:AE,MATCH($G114,Data!$A:$A,0),1) -> 0.598 | O114: =INDEX(Data!AG:AG,MATCH($G114,Data!$A:$A,0),1) -> 1.1022134 | P114: =INDEX(Data!AH:AH,MATCH($G114,Data!$A:$A,0),1) -> 1.4555421 | Q114: =IFERROR(IF(MATCH(B114,#REF!,0)>0,1),0) -> 0
A115: Combustion of fuels | B115: Manufacture of ceramic tiles and flags | C115: Non-metallic mineral products | D115: Non-metallic minerals | E115: Ceramics | F115: 2 | G115: Ceramics [WA] | H115: =INDEX(Data!G:G,MATCH(G115,Data!A:A,0),1) -> 0.12876363 | I115: =INDEX(Data!J:J,MATCH(G115,Data!A:A,0),1) -> 0.095090361 | J115: =INDEX(Data!R:R,MATCH(G115,Data!A:A,0),1) -> 3.0746808 | K115: =INDEX(Data!S:S,MATCH(G115,Data!A:A,0),1) -> 0 | L115: =IF(B115="",A115,A115&"_"&B115) -> Combustion of fuels_Manufacture of ceramic tiles and flags | M115: =INDEX(Data!AD:AD,MATCH($G115,Data!$A:$A,0),1) -> 0.6 | N115: =INDEX(Data!AE:AE,MATCH($G115,Data!$A:$A,0),1) -> 0.598 | O115: =INDEX(Data!AG:AG,MATCH($G115,Data!$A:$A,0),1) -> 1.1022134 | P115: =INDEX(Data!AH:AH,MATCH($G115,Data!$A:$A,0),1) -> 1.4555421 | Q115: =IFERROR(IF(MATCH(B115,#REF!,0)>0,1),0) -> 0
A116: Combustion of fuels | B116: Manufacture of basic pharmaceutical products | C116: Pharmaceuticals | D116: Chemicals | E116: Pharmaceuticals | F116: 23 | G116: Chemicals [WA] | H116: =INDEX(Data!G:G,MATCH(G116,Data!A:A,0),1) -> 1.1838611 | I116: =INDEX(Data!J:J,MATCH(G116,Data!A:A,0),1) -> 1.0013516 | J116: =INDEX(Data!R:R,MATCH(G116,Data!A:A,0),1) -> 2.6802341 | K116: =INDEX(Data!S:S,MATCH(G116,Data!A:A,0),1) -> 27.108503 | L116: =IF(B116="",A116,A116&"_"&B116) -> Combustion of fuels_Manufacture of basic pharmaceutical products | M116: =INDEX(Data!AD:AD,MATCH($G116,Data!$A:$A,0),1) -> 0.812 | N116: =INDEX(Data!AE:AE,MATCH($G116,Data!$A:$A,0),1) -> 0.739 | O116: =INDEX(Data!AG:AG,MATCH($G116,Data!$A:$A,0),1) -> 1.326565 | P116: =INDEX(Data!AH:AH,MATCH($G116,Data!$A:$A,0),1) -> 6.8406135 | Q116: =IFERROR(IF(MATCH(B116,#REF!,0)>0,1),0) -> 0
A117: Combustion of fuels | B117: Manufacture of dyes and pigments | C117: Chemicals | D117: Chemicals | E117: Chemicals | F117: 10 | G117: Chemicals [WA] | H117: =INDEX(Data!G:G,MATCH(G117,Data!A:A,0),1) -> 1.1838611 | I117: =INDEX(Data!J:J,MATCH(G117,Data!A:A,0),1) -> 1.0013516 | J117: =INDEX(Data!R:R,MATCH(G117,Data!A:A,0),1) -> 2.6802341 | K117: =INDEX(Data!S:S,MATCH(G117,Data!A:A,0),1) -> 27.108503 | L117: =IF(B117="",A117,A117&"_"&B117) -> Combustion of fuels_Manufacture of dyes and pigments | M117: =INDEX(Data!AD:AD,MATCH($G117,Data!$A:$A,0),1) -> 0.812 | N117: =INDEX(Data!AE:AE,MATCH($G117,Data!$A:$A,0),1) -> 0.739 | O117: =INDEX(Data!AG:AG,MATCH($G117,Data!$A:$A,0),1) -> 1.326565 | P117: =INDEX(Data!AH:AH,MATCH($G117,Data!$A:$A,0),1) -> 6.8406135 | Q117: =IFERROR(IF(MATCH(B117,#REF!,0)>0,1),0) -> 0
A118: Combustion of fuels | B118: Manufacture of explosives | C118: Chemicals | D118: Chemicals | E118: Chemicals | F118: 1 | G118: Chemicals [WA] | H118: =INDEX(Data!G:G,MATCH(G118,Data!A:A,0),1) -> 1.1838611 | I118: =INDEX(Data!J:J,MATCH(G118,Data!A:A,0),1) -> 1.0013516 | J118: =INDEX(Data!R:R,MATCH(G118,Data!A:A,0),1) -> 2.6802341 | K118: =INDEX(Data!S:S,MATCH(G118,Data!A:A,0),1) -> 27.108503 | L118: =IF(B118="",A118,A118&"_"&B118) -> Combustion of fuels_Manufacture of explosives | M118: =INDEX(Data!AD:AD,MATCH($G118,Data!$A:$A,0),1) -> 0.812 | N118: =INDEX(Data!AE:AE,MATCH($G118,Data!$A:$A,0),1) -> 0.739 | O118: =INDEX(Data!AG:AG,MATCH($G118,Data!$A:$A,0),1) -> 1.326565 | P118: =INDEX(Data!AH:AH,MATCH($G118,Data!$A:$A,0),1) -> 6.8406135 | Q118: =IFERROR(IF(MATCH(B118,#REF!,0)>0,1),0) -> 0
A119: Combustion of fuels | B119: Manufacture of fertilisers and nitrogen compounds | C119: Chemicals | D119: Chemicals | E119: Chemicals | F119: 29 | G119: Chemicals [Ammonia and Nitric Acid subset, WA] | H119: =INDEX(Data!G:G,MATCH(G119,Data!A:A,0),1) -> 1.7186343 | I119: =INDEX(Data!J:J,MATCH(G119,Data!A:A,0),1) -> 1.3535744 | J119: =INDEX(Data!R:R,MATCH(G119,Data!A:A,0),1) -> 0 | K119: =INDEX(Data!S:S,MATCH(G119,Data!A:A,0),1) -> 12.596122 | L119: =IF(B119="",A119,A119&"_"&B119) -> Combustion of fuels_Manufacture of fertilisers and nitrogen compounds | M119: =INDEX(Data!AD:AD,MATCH($G119,Data!$A:$A,0),1) -> 0.812 | N119: =INDEX(Data!AE:AE,MATCH($G119,Data!$A:$A,0),1) -> 0.739 | O119: =INDEX(Data!AG:AG,MATCH($G119,Data!$A:$A,0),1) -> 1.3999903 | P119: =INDEX(Data!AH:AH,MATCH($G119,Data!$A:$A,0),1) -> 3.5899569 | Q119: =IFERROR(IF(MATCH(B119,#REF!,0)>0,1),0) -> 0
... A277: Combustion of fuels | B277: Manufacture of rubber tyres and tubes | C277: Rubber & plastic | D277: Chemicals | E277: Chemicals | F277: 23 | G277: Chemicals [WA, Plastics subset] | H277: =INDEX(Data!G:G,MATCH(G277,Data!A:A,0),1) -> 0.49494039 | I277: =INDEX(Data!J:J,MATCH(G277,Data!A:A,0),1) -> 0.76276347 | J277: =INDEX(Data!R:R,MATCH(G277,Data!A:A,0),1) -> 6.0728236 | K277: =INDEX(Data!S:S,MATCH(G277,Data!A:A,0),1) -> 0 | L277: =IF(B277="",A277,A277&"_"&B277) -> Combustion of fuels_Manufacture of rubber tyres and tubes | M277: =INDEX(Data!AD:AD,MATCH($G277,Data!$A:$A,0),1) -> 0.812 | N277: =INDEX(Data!AE:AE,MATCH($G277,Data!$A:$A,0),1) -> 0.739 | O277: =INDEX(Data!AG:AG,MATCH($G277,Data!$A:$A,0),1) -> 1.2983192 | P277: =INDEX(Data!AH:AH,MATCH($G277,Data!$A:$A,0),1) -> 4.8395672 | Q277: =IFERROR(IF(MATCH(B277,#REF!,0)>0,1),0) -> 0
A278: Combustion of fuels | D278: Other | E278: Other combustion | G278: Fuel Benchmark | H278: =INDEX(Data!G:G,MATCH(G278,Data!A:A,0),1) -> 0.0579 | I278: =INDEX(Data!J:J,MATCH(G278,Data!A:A,0),1) -> 0.0426 | J278: =INDEX(Data!R:R,MATCH(G278,Data!A:A,0),1) -> 1 | K278: =INDEX(Data!S:S,MATCH(G278,Data!A:A,0),1) -> 0 | L278: =IF(B278="",A278,A278&"_"&B278) -> Combustion of fuels | M278: =INDEX(Data!AD:AD,MATCH($G278,Data!$A:$A,0),1) -> 0.782 | N278: =INDEX(Data!AE:AE,MATCH($G278,Data!$A:$A,0),1) -> 0.635 | O278: =INDEX(Data!AG:AG,MATCH($G278,Data!$A:$A,0),1) -> 1.1486857 | P278: =INDEX(Data!AH:AH,MATCH($G278,Data!$A:$A,0),1) -> 1.7068865 | Q278: =IFERROR(IF(MATCH(B278,#REF!,0)>0,1),0) -> 0
A279: Industrial plants for the production of (a) pulp from timber or other fibrous materials (b) paper and board | B279: Manufacture of paper and paperboard | C279: Pulp & Paper | D279: Pulp & paper | E279: Paper | F279: 70 | G279: Paper [WA] | H279: =INDEX(Data!G:G,MATCH(G279,Data!A:A,0),1) -> 0.22011858 | I279: =INDEX(Data!J:J,MATCH(G279,Data!A:A,0),1) -> 0.22144474 | J279: =INDEX(Data!R:R,MATCH(G279,Data!A:A,0),1) -> 6.1071929 | K279: =INDEX(Data!S:S,MATCH(G279,Data!A:A,0),1) -> 0 | L279: =IF(B279="",A279,A279&"_"&B279) -> Industrial plants for the production of (a) pulp from timber or other fibrous materials (b) paper and board_Manufacture of paper and paperboard | M279: =INDEX(Data!AD:AD,MATCH($G279,Data!$A:$A,0),1) -> 0.798 | N279: =INDEX(Data!AE:AE,MATCH($G279,Data!$A:$A,0),1) -> 0.921 | O279: =INDEX(Data!AG:AG,MATCH($G279,Data!$A:$A,0),1) -> 1.280909 | P279: =INDEX(Data!AH:AH,MATCH($G279,Data!$A:$A,0),1) -> 4.1862578 | Q279: =IFERROR(IF(MATCH(B279,#REF!,0)>0,1),0) -> 0
A280: Industrial plants for the production of (a) pulp from timber or other fibrous materials (b) paper and board | B280: Electric power generation, transmission and distribution | C280: Electricity, gas, steam and air conditioning supply | D280: Power and heat | E280: Power and heat | F280: 1 | G280: Fuel Benchmark | H280: =INDEX(Data!G:G,MATCH(G280,Data!A:A,0),1) -> 0.0579 | I280: =INDEX(Data!J:J,MATCH(G280,Data!A:A,0),1) -> 0.0426 | J280: =INDEX(Data!R:R,MATCH(G280,Data!A:A,0),1) -> 1 | K280: =INDEX(Data!S:S,MATCH(G280,Data!A:A,0),1) -> 0 | L280: =IF(B280="",A280,A280&"_"&B280) -> Industrial plants for the production of (a) pulp from timber or other fibrous materials (b) paper and board_Electric power generation, transmission and distribution | M280: =INDEX(Data!AD:AD,MATCH($G280,Data!$A:$A,0),1) -> 0.782 | N280: =INDEX(Data!AE:AE,MATCH($G280,Data!$A:$A,0),1) -> 0.635 | O280: =INDEX(Data!AG:AG,MATCH($G280,Data!$A:$A,0),1) -> 1.1486857 | P280: =INDEX(Data!AH:AH,MATCH($G280,Data!$A:$A,0),1) -> 1.7068865 | Q280: =IFERROR(IF(MATCH(B280,#REF!,0)>0,1),0) -> 0
A281: Industrial plants for the production of (a) pulp from timber or other fibrous materials (b) paper and board | B281: Electricity, gas, steam and air conditioning supply | C281: Electricity, gas, steam and air conditioning supply | D281: Power and heat | E281: Power and heat | F281: 1 | G281: Heat Benchmark | H281: =INDEX(Data!G:G,MATCH(G281,Data!A:A,0),1) -> 0.0768 | I281: =INDEX(Data!J:J,MATCH(G281,Data!A:A,0),1) -> 0.0473 | J281: =INDEX(Data!R:R,MATCH(G281,Data!A:A,0),1) -> 1 | K281: =INDEX(Data!S:S,MATCH(G281,Data!A:A,0),1) -> 0 | L281: =IF(B281="",A281,A281&"_"&B281) -> Industrial plants for the production of (a) pulp from timber or other fibrous materials (b) paper and board_Electricity, gas, steam and air conditioning supply | M281: =INDEX(Data!AD:AD,MATCH($G281,Data!$A:$A,0),1) -> 0.782 | N281: =INDEX(Data!AE:AE,MATCH($G281,Data!$A:$A,0),1) -> 0.635 | O281: =INDEX(Data!AG:AG,MATCH($G281,Data!$A:$A,0),1) -> 1.1486857 | P281: =INDEX(Data!AH:AH,MATCH($G281,Data!$A:$A,0),1) -> 1.7068865 | Q281: =IFERROR(IF(MATCH(B281,#REF!,0)>0,1),0) -> 0
A282: Industrial plants for the production of (a) pulp from timber or other fibrous materials (b) paper and board | B282: Manufacture of pulp | C282: Pulp & Paper | D282: Pulp & paper | E282: Pulp | F282: 9 | G282: Pulp [WA] | H282: =INDEX(Data!G:G,MATCH(G282,Data!A:A,0),1) -> 0.070004406 | I282: =INDEX(Data!J:J,MATCH(G282,Data!A:A,0),1) -> 0.046589293 | J282: =INDEX(Data!R:R,MATCH(G282,Data!A:A,0),1) -> 3.2582614 | K282: =INDEX(Data!S:S,MATCH(G282,Data!A:A,0),1) -> 0 | L282: =IF(B282="",A282,A282&"_"&B282) -> Industrial plants for the production of (a) pulp from timber or other fibrous materials (b) paper and board_Manufacture of pulp | M282: =INDEX(Data!AD:AD,MATCH($G282,Data!$A:$A,0),1) -> 0.798 | N282: =INDEX(Data!AE:AE,MATCH($G282,Data!$A:$A,0),1) -> 0.921 | O282: =INDEX(Data!AG:AG,MATCH($G282,Data!$A:$A,0),1) -> 1.280909 | P282: =INDEX(Data!AH:AH,MATCH($G282,Data!$A:$A,0),1) -> 4.1862578 | Q282: =IFERROR(IF(MATCH(B282,#REF!,0)>0,1),0) -> 0
A283: Industrial plants for the production of (a) pulp from timber or other fibrous materials (b) paper and board | B283: Manufacture of household and sanitary goods and of toilet requisites | C283: Pulp & Paper | D283: Pulp & paper | E283: Paper | F283: 1 | G283: Paper [WA] | H283: =INDEX(Data!G:G,MATCH(G283,Data!A:A,0),1) -> 0.22011858 | I283: =INDEX(Data!J:J,MATCH(G283,Data!A:A,0),1) -> 0.22144474 | J283: =INDEX(Data!R:R,MATCH(G283,Data!A:A,0),1) -> 6.1071929 | K283: =INDEX(Data!S:S,MATCH(G283,Data!A:A,0),1) -> 0 | L283: =IF(B283="",A283,A283&"_"&B283) -> Industrial plants for the production of (a) pulp from timber or other fibrous materials (b) paper and board_Manufacture of household and sanitary goods and of toilet requisites | M283: =INDEX(Data!AD:AD,MATCH($G283,Data!$A:$A,0),1) -> 0.798 | N283: =INDEX(Data!AE:AE,MATCH($G283,Data!$A:$A,0),1) -> 0.921 | O283: =INDEX(Data!AG:AG,MATCH($G283,Data!$A:$A,0),1) -> 1.280909 | P283: =INDEX(Data!AH:AH,MATCH($G283,Data!$A:$A,0),1) -> 4.1862578 | Q283: =IFERROR(IF(MATCH(B283,#REF!,0)>0,1),0) -> 0
A284: Industrial plants for the production of (a) pulp from timber or other fibrous materials (b) paper and board | D284: Pulp & paper | E284: 0 | G284: Pulp & Paper [WA] | H284: =INDEX(Data!G:G,MATCH(G284,Data!A:A,0),1) -> 0.19771476 | I284: =INDEX(Data!J:J,MATCH(G284,Data!A:A,0),1) -> 0.20319124 | J284: =INDEX(Data!R:R,MATCH(G284,Data!A:A,0),1) -> 4.9612622 | K284: =INDEX(Data!S:S,MATCH(G284,Data!A:A,0),1) -> 0 | L284: =IF(B284="",A284,A284&"_"&B284) -> Industrial plants for the production of (a) pulp from timber or other fibrous materials (b) paper and board | M284: =INDEX(Data!AD:AD,MATCH($G284,Data!$A:$A,0),1) -> 0.798 | N284: =INDEX(Data!AE:AE,MATCH($G284,Data!$A:$A,0),1) -> 0.921 | O284: =INDEX(Data!AG:AG,MATCH($G284,Data!$A:$A,0),1) -> 1.280909 | P284: =INDEX(Data!AH:AH,MATCH($G284,Data!$A:$A,0),1) -> 4.1862578 | Q284: =IFERROR(IF(MATCH(B284,#REF!,0)>0,1),0) -> 0
A285: Installations for the manufacture of ceramic products by firing, in particular roofing tiles, bricks, refractory bricks, tiles, stoneware or porcelain | B285: Manufacture of concrete products for construction purposes | C285: Non-metallic mineral products | D285: Non-metallic minerals | E285: Cement | F285: 1 | G285: Cement [WA] | H285: =INDEX(Data!G:G,MATCH(G285,Data!A:A,0),1) -> 0.81745071 | I285: =INDEX(Data!J:J,MATCH(G285,Data!A:A,0),1) -> 0.6991394 | J285: =INDEX(Data!R:R,MATCH(G285,Data!A:A,0),1) -> 4.32 | K285: =INDEX(Data!S:S,MATCH(G285,Data!A:A,0),1) -> 0 | L285: =IF(B285="",A285,A285&"_"&B285) -> Installations for the manufacture of ceramic products by firing, in particular roofing tiles, bricks, refractory bricks, tiles, stoneware or porcelain_Manufacture of concrete products for construction purposes | M285: =INDEX(Data!AD:AD,MATCH($G285,Data!$A:$A,0),1) -> 0.6 | N285: =INDEX(Data!AE:AE,MATCH($G285,Data!$A:$A,0),1) -> 0.598 | O285: =INDEX(Data!AG:AG,MATCH($G285,Data!$A:$A,0),1) -> 1.7474276 | P285: =INDEX(Data!AH:AH,MATCH($G285,Data!$A:$A,0),1) -> 11.543913 | Q285: =IFERROR(IF(MATCH(B285,#REF!,0)>0,1),0) -> 0
A286: Installations for the manufacture of ceramic products by firing, in particular roofing tiles, bricks, refractory bricks, tiles, stoneware or porcelain | B286: Manufacture of bricks, tiles and construction products, in baked clay | C286: Non-metallic mineral products | D286: Non-metallic minerals | E286: Ceramics | F286: 59 | G286: Ceramics [WA] | H286: =INDEX(Data!G:G,MATCH(G286,Data!A:A,0),1) -> 0.12876363 | I286: =INDEX(Data!J:J,MATCH(G286,Data!A:A,0),1) -> 0.095090361 | J286: =INDEX(Data!R:R,MATCH(G286,Data!A:A,0),1) -> 3.0746808 | K286: =INDEX(Data!S:S,MATCH(G286,Data!A:A,0),1) -> 0 | L286: =IF(B286="",A286,A286&"_"&B286) -> Installations for the manufacture of ceramic products by firing, in particular roofing tiles, bricks, refractory bricks, tiles, stoneware or porcelain_Manufacture of bricks, tiles and construction products, in baked clay | M286: =INDEX(Data!AD:AD,MATCH($G286,Data!$A:$A,0),1) -> 0.6 | N286: =INDEX(Data!AE:AE,MATCH($G286,Data!$A:$A,0),1) -> 0.598 | O286: =INDEX(Data!AG:AG,MATCH($G286,Data!$A:$A,0),1) -> 1.1022134 | P286: =INDEX(Data!AH:AH,MATCH($G286,Data!$A:$A,0),1) -> 1.4555421 | Q286: =IFERROR(IF(MATCH(B286,#REF!,0)>0,1),0) -> 0
A287: Installations for the manufacture of ceramic products by firing, in particular roofing tiles, bricks, refractory bricks, tiles, stoneware or porcelain | B287: Manufacture of ceramic household and ornamental articles | C287: Non-metallic mineral products | D287: Non-metallic minerals | E287: Ceramics | F287: 89 | G287: Ceramics [WA] | H287: =INDEX(Data!G:G,MATCH(G287,Data!A:A,0),1) -> 0.12876363 | I287: =INDEX(Data!J:J,MATCH(G287,Data!A:A,0),1) -> 0.095090361 | J287: =INDEX(Data!R:R,MATCH(G287,Data!A:A,0),1) -> 3.0746808 | K287: =INDEX(Data!S:S,MATCH(G287,Data!A:A,0),1) -> 0 | L287: =IF(B287="",A287,A287&"_"&B287) -> Installations for the manufacture of ceramic products by firing, in particular roofing tiles, bricks, refractory bricks, tiles, stoneware or porcelain_Manufacture of ceramic household and ornamental articles | M287: =INDEX(Data!AD:AD,MATCH($G287,Data!$A:$A,0),1) -> 0.6 | N287: =INDEX(Data!AE:AE,MATCH($G287,Data!$A:$A,0),1) -> 0.598 | O287: =INDEX(Data!AG:AG,MATCH($G287,Data!$A:$A,0),1) -> 1.1022134 | P287: =INDEX(Data!AH:AH,MATCH($G287,Data!$A:$A,0),1) -> 1.4555421 | Q287: =IFERROR(IF(MATCH(B287,#REF!,0)>0,1),0) -> 0
A288: Installations for the manufacture of ceramic products by firing, in particular roofing tiles, bricks, refractory bricks, tiles, stoneware or porcelain | B288: Manufacture of ceramic sanitary fixtures | C288: Non-metallic mineral products | D288: Non-metallic minerals | E288: Ceramics | F288: 3 | G288: Ceramics [WA] | H288: =INDEX(Data!G:G,MATCH(G288,Data!A:A,0),1) -> 0.12876363 | I288: =INDEX(Data!J:J,MATCH(G288,Data!A:A,0),1) -> 0.095090361 | J288: =INDEX(Data!R:R,MATCH(G288,Data!A:A,0),1) -> 3.0746808 | K288: =INDEX(Data!S:S,MATCH(G288,Data!A:A,0),1) -> 0 | L288: =IF(B288="",A288,A288&"_"&B288) -> Installations for the manufacture of ceramic products by firing, in particular roofing tiles, bricks, refractory bricks, tiles, stoneware or porcelain_Manufacture of ceramic sanitary fixtures | M288: =INDEX(Data!AD:AD,MATCH($G288,Data!$A:$A,0),1) -> 0.6 | N288: =INDEX(Data!AE:AE,MATCH($G288,Data!$A:$A,0),1) -> 0.598 | O288: =INDEX(Data!AG:AG,MATCH($G288,Data!$A:$A,0),1) -> 1.1022134 | P288: =INDEX(Data!AH:AH,MATCH($G288,Data!$A:$A,0),1) -> 1.4555421 | Q288: =IFERROR(IF(MATCH(B288,#REF!,0)>0,1),0) -> 0
A289: Installations for the manufacture of ceramic products by firing, in particular roofing tiles, bricks, refractory bricks, tiles, stoneware or porcelain | B289: Manufacture of ceramic tiles and flags | C289: Non-metallic mineral products | D289: Non-metallic minerals | E289: Ceramics | F289: 24 | G289: Ceramics [WA] | H289: =INDEX(Data!G:G,MATCH(G289,Data!A:A,0),1) -> 0.12876363 | I289: =INDEX(Data!J:J,MATCH(G289,Data!A:A,0),1) -> 0.095090361 | J289: =INDEX(Data!R:R,MATCH(G289,Data!A:A,0),1) -> 3.0746808 | K289: =INDEX(Data!S:S,MATCH(G289,Data!A:A,0),1) -> 0 | L289: =IF(B289="",A289,A289&"_"&B289) -> Installations for the manufacture of ceramic products by firing, in particular roofing tiles, bricks, refractory bricks, tiles, stoneware or porcelain_Manufacture of ceramic tiles and flags | M289: =INDEX(Data!AD:AD,MATCH($G289,Data!$A:$A,0),1) -> 0.6 | N289: =INDEX(Data!AE:AE,MATCH($G289,Data!$A:$A,0),1) -> 0.598 | O289: =INDEX(Data!AG:AG,MATCH($G289,Data!$A:$A,0),1) -> 1.1022134 | P289: =INDEX(Data!AH:AH,MATCH($G289,Data!$A:$A,0),1) -> 1.4555421 | Q289: =IFERROR(IF(MATCH(B289,#REF!,0)>0,1),0) -> 0
A290: Installations for the manufacture of ceramic products by firing, in particular roofing tiles, bricks, refractory bricks, tiles, stoneware or porcelain | B290: Manufacture of other technical ceramic products | C290: Non-metallic mineral products | D290: Non-metallic minerals | E290: Ceramics | F290: 1 | G290: Ceramics [WA] | H290: =INDEX(Data!G:G,MATCH(G290,Data!A:A,0),1) -> 0.12876363 | I290: =INDEX(Data!J:J,MATCH(G290,Data!A:A,0),1) -> 0.095090361 | J290: =INDEX(Data!R:R,MATCH(G290,Data!A:A,0),1) -> 3.0746808 | K290: =INDEX(Data!S:S,MATCH(G290,Data!A:A,0),1) -> 0 | L290: =IF(B290="",A290,A290&"_"&B290) -> Installations for the manufacture of ceramic products by firing, in particular roofing tiles, bricks, refractory bricks, tiles, stoneware or porcelain_Manufacture of other technical ceramic products | M290: =INDEX(Data!AD:AD,MATCH($G290,Data!$A:$A,0),1) -> 0.6 | N290: =INDEX(Data!AE:AE,MATCH($G290,Data!$A:$A,0),1) -> 0.598 | O290: =INDEX(Data!AG:AG,MATCH($G290,Data!$A:$A,0),1) -> 1.1022134 | P290: =INDEX(Data!AH:AH,MATCH($G290,Data!$A:$A,0),1) -> 1.4555421 | Q290: =IFERROR(IF(MATCH(B290,#REF!,0)>0,1),0) -> 0
A291: Installations for the manufacture of ceramic products by firing, in particular roofing tiles, bricks, refractory bricks, tiles, stoneware or porcelain | B291: Production of abrasive products | C291: Non-metallic mineral products | D291: Non-metallic minerals | E291: Ceramics | F291: 1 | G291: Ceramics [WA] | H291: =INDEX(Data!G:G,MATCH(G291,Data!A:A,0),1) -> 0.12876363 | I291: =INDEX(Data!J:J,MATCH(G291,Data!A:A,0),1) -> 0.095090361 | J291: =INDEX(Data!R:R,MATCH(G291,Data!A:A,0),1) -> 3.0746808 | K291: =INDEX(Data!S:S,MATCH(G291,Data!A:A,0),1) -> 0 | L291: =IF(B291="",A291,A291&"_"&B291) -> Installations for the manufacture of ceramic products by firing, in particular roofing tiles, bricks, refractory bricks, tiles, stoneware or porcelain_Production of abrasive products | M291: =INDEX(Data!AD:AD,MATCH($G291,Data!$A:$A,0),1) -> 0.6 | N291: =INDEX(Data!AE:AE,MATCH($G291,Data!$A:$A,0),1) -> 0.598 | O291: =INDEX(Data!AG:AG,MATCH($G291,Data!$A:$A,0),1) -> 1.1022134 | P291: =INDEX(Data!AH:AH,MATCH($G291,Data!$A:$A,0),1) -> 1.4555421 | Q291: =IFERROR(IF(MATCH(B291,#REF!,0)>0,1),0) -> 0
A292: Installations for the manufacture of ceramic products by firing, in particular roofing tiles, bricks, refractory bricks, tiles, stoneware or porcelain | B292: Operation of gravel and sand pits | C292: Other mining and quarrying | D292: Other | E292: Mining & quarrying | F292: 1 | G292: Fuel Benchmark | H292: =INDEX(Data!G:G,MATCH(G292,Data!A:A,0),1) -> 0.0579 | I292: =INDEX(Data!J:J,MATCH(G292,Data!A:A,0),1) -> 0.0426 | J292: =INDEX(Data!R:R,MATCH(G292,Data!A:A,0),1) -> 1 | K292: =INDEX(Data!S:S,MATCH(G292,Data!A:A,0),1) -> 0 | L292: =IF(B292="",A292,A292&"_"&B292) -> Installations for the manufacture of ceramic products by firing, in particular roofing tiles, bricks, refractory bricks, tiles, stoneware or porcelain_Operation of gravel and sand pits | M292: =INDEX(Data!AD:AD,MATCH($G292,Data!$A:$A,0),1) -> 0.782 | N292: =INDEX(Data!AE:AE,MATCH($G292,Data!$A:$A,0),1) -> 0.635 | O292: =INDEX(Data!AG:AG,MATCH($G292,Data!$A:$A,0),1) -> 1.1486857 | P292: =INDEX(Data!AH:AH,MATCH($G292,Data!$A:$A,0),1) -> 1.7068865 | Q292: =IFERROR(IF(MATCH(B292,#REF!,0)>0,1),0) -> 0
A293: Installations for the manufacture of ceramic products by firing, in particular roofing tiles, bricks, refractory bricks, tiles, stoneware or porcelain | B293: Manufacture of other non-metallic mineral products n.e.c. | C293: Non-metallic mineral products | D293: Non-metallic minerals | E293: Non-metallic products | F293: 2 | G293: Ceramics [WA] | H293: =INDEX(Data!G:G,MATCH(G293,Data!A:A,0),1) -> 0.12876363 | I293: =INDEX(Data!J:J,MATCH(G293,Data!A:A,0),1) -> 0.095090361 | J293: =INDEX(Data!R:R,MATCH(G293,Data!A:A,0),1) -> 3.0746808 | K293: =INDEX(Data!S:S,MATCH(G293,Data!A:A,0),1) -> 0 | L293: =IF(B293="",A293,A293&"_"&B293) -> Installations for the manufacture of ceramic products by firing, in particular roofing tiles, bricks, refractory bricks, tiles, stoneware or porcelain_Manufacture of other non-metallic mineral products n.e.c. | M293: =INDEX(Data!AD:AD,MATCH($G293,Data!$A:$A,0),1) -> 0.6 | N293: =INDEX(Data!AE:AE,MATCH($G293,Data!$A:$A,0),1) -> 0.598 | O293: =INDEX(Data!AG:AG,MATCH($G293,Data!$A:$A,0),1) -> 1.1022134 | P293: =INDEX(Data!AH:AH,MATCH($G293,Data!$A:$A,0),1) -> 1.4555421 | Q293: =IFERROR(IF(MATCH(B293,#REF!,0)>0,1),0) -> 0
A294: Installations for the manufacture of ceramic products by firing, in particular roofing tiles, bricks, refractory bricks, tiles, stoneware or porcelain | B294: Manufacture of other products of wood | C294: Wood and of products of wood and cork | D294: Other | E294: Other combustion | F294: 1 | G294: Fuel Benchmark | H294: =INDEX(Data!G:G,MATCH(G294,Data!A:A,0),1) -> 0.0579 | I294: =INDEX(Data!J:J,MATCH(G294,Data!A:A,0),1) -> 0.0426 | J294: =INDEX(Data!R:R,MATCH(G294,Data!A:A,0),1) -> 1 | K294: =INDEX(Data!S:S,MATCH(G294,Data!A:A,0),1) -> 0 | L294: =IF(B294="",A294,A294&"_"&B294) -> Installations for the manufacture of ceramic products by firing, in particular roofing tiles, bricks, refractory bricks, tiles, stoneware or porcelain_Manufacture of other products of wood | M294: =INDEX(Data!AD:AD,MATCH($G294,Data!$A:$A,0),1) -> 0.782 | N294: =INDEX(Data!AE:AE,MATCH($G294,Data!$A:$A,0),1) -> 0.635 | O294: =INDEX(Data!AG:AG,MATCH($G294,Data!$A:$A,0),1) -> 1.1486857 | P294: =INDEX(Data!AH:AH,MATCH($G294,Data!$A:$A,0),1) -> 1.7068865 | Q294: =IFERROR(IF(MATCH(B294,#REF!,0)>0,1),0) -> 0
A295: Installations for the manufacture of ceramic products by firing, in particular roofing tiles, bricks, refractory bricks, tiles, stoneware or porcelain | B295: Manufacture of refractory products | C295: Non-metallic mineral products | D295: Non-metallic minerals | E295: Refractories | F295: 14 | G295: Refractories [n.a.] | H295: =INDEX(Data!G:G,MATCH(G295,Data!A:A,0),1) -> 1.8 | I295: =INDEX(Data!J:J,MATCH(G295,Data!A:A,0),1) -> 1.8 | J295: =INDEX(Data!R:R,MATCH(G295,Data!A:A,0),1) -> 5.3784 | K295: =INDEX(Data!S:S,MATCH(G295,Data!A:A,0),1) -> 0 | L295: =IF(B295="",A295,A295&"_"&B295) -> Installations for the manufacture of ceramic products by firing, in particular roofing tiles, bricks, refractory bricks, tiles, stoneware or porcelain_Manufacture of refractory products | M295: =INDEX(Data!AD:AD,MATCH($G295,Data!$A:$A,0),1) -> 0.6 | N295: =INDEX(Data!AE:AE,MATCH($G295,Data!$A:$A,0),1) -> 0.598 | O295: =INDEX(Data!AG:AG,MATCH($G295,Data!$A:$A,0),1) -> 1.2551691 | P295: =INDEX(Data!AH:AH,MATCH($G295,Data!$A:$A,0),1) -> 2.4027505 | Q295: =IFERROR(IF(MATCH(B295,#REF!,0)>0,1),0) -> 0
A296: Installations for the manufacture of ceramic products by firing, in particular roofing tiles, bricks, refractory bricks, tiles, stoneware or porcelain | D296: Non-metallic minerals | E296: 0 | G296: Ceramics [WA] | H296: =INDEX(Data!G:G,MATCH(G296,Data!A:A,0),1) -> 0.12876363 | I296: =INDEX(Data!J:J,MATCH(G296,Data!A:A,0),1) -> 0.095090361 | J296: =INDEX(Data!R:R,MATCH(G296,Data!A:A,0),1) -> 3.0746808 | K296: =INDEX(Data!S:S,MATCH(G296,Data!A:A,0),1) -> 0 | L296: =IF(B296="",A296,A296&"_"&B296) -> Installations for the manufacture of ceramic products by firing, in particular roofing tiles, bricks, refractory bricks, tiles, stoneware or porcelain | M296: =INDEX(Data!AD:AD,MATCH($G296,Data!$A:$A,0),1) -> 0.6 | N296: =INDEX(Data!AE:AE,MATCH($G296,Data!$A:$A,0),1) -> 0.598 | O296: =INDEX(Data!AG:AG,MATCH($G296,Data!$A:$A,0),1) -> 1.1022134 | P296: =INDEX(Data!AH:AH,MATCH($G296,Data!$A:$A,0),1) -> 1.4555421 | Q296: =IFERROR(IF(MATCH(B296,#REF!,0)>0,1),0) -> 0
A297: Installations for the manufacture of glass including glass fibre | B297: Manufacture of other technical ceramic products | C297: Non-metallic mineral products | D297: Non-metallic minerals | E297: Ceramics | F297: 1 | G297: Ceramics [WA] | H297: =INDEX(Data!G:G,MATCH(G297,Data!A:A,0),1) -> 0.12876363 | I297: =INDEX(Data!J:J,MATCH(G297,Data!A:A,0),1) -> 0.095090361 | J297: =INDEX(Data!R:R,MATCH(G297,Data!A:A,0),1) -> 3.0746808 | K297: =INDEX(Data!S:S,MATCH(G297,Data!A:A,0),1) -> 0 | L297: =IF(B297="",A297,A297&"_"&B297) -> Installations for the manufacture of glass including glass fibre_Manufacture of other technical ceramic products | M297: =INDEX(Data!AD:AD,MATCH($G297,Data!$A:$A,0),1) -> 0.6 | N297: =INDEX(Data!AE:AE,MATCH($G297,Data!$A:$A,0),1) -> 0.598 | O297: =INDEX(Data!AG:AG,MATCH($G297,Data!$A:$A,0),1) -> 1.1022134 | P297: =INDEX(Data!AH:AH,MATCH($G297,Data!$A:$A,0),1) -> 1.4555421 | Q297: =IFERROR(IF(MATCH(B297,#REF!,0)>0,1),0) -> 0
A298: Installations for the manufacture of glass including glass fibre | B298: Manufacture and processing of other glass, including technical glassware | C298: Non-metallic mineral products | D298: Non-metallic minerals | E298: Glass | F298: 2 | G298: Glass [WA] | H298: =INDEX(Data!G:G,MATCH(G298,Data!A:A,0),1) -> 0.44693421 | I298: =INDEX(Data!J:J,MATCH(G298,Data!A:A,0),1) -> 0.32449754 | J298: =INDEX(Data!R:R,MATCH(G298,Data!A:A,0),1) -> 8.3851771 | K298: =INDEX(Data!S:S,MATCH(G298,Data!A:A,0),1) -> 0 | L298: =IF(B298="",A298,A298&"_"&B298) -> Installations for the manufacture of glass including glass fibre_Manufacture and processing of other glass, including technical glassware | M298: =INDEX(Data!AD:AD,MATCH($G298,Data!$A:$A,0),1) -> 0.6 | N298: =INDEX(Data!AE:AE,MATCH($G298,Data!$A:$A,0),1) -> 0.598 | O298: =INDEX(Data!AG:AG,MATCH($G298,Data!$A:$A,0),1) -> 1.1805916 | P298: =INDEX(Data!AH:AH,MATCH($G298,Data!$A:$A,0),1) -> 1.6217125 | Q298: =IFERROR(IF(MATCH(B298,#REF!,0)>0,1),0) -> 0
A299: Installations for the manufacture of glass including glass fibre | B299: Manufacture of flat glass | C299: Non-metallic mineral products | D299: Non-metallic minerals | E299: Glass | F299: 10 | G299: Glass [WA] | H299: =INDEX(Data!G:G,MATCH(G299,Data!A:A,0),1) -> 0.44693421 | I299: =INDEX(Data!J:J,MATCH(G299,Data!A:A,0),1) -> 0.32449754 | J299: =INDEX(Data!R:R,MATCH(G299,Data!A:A,0),1) -> 8.3851771 | K299: =INDEX(Data!S:S,MATCH(G299,Data!A:A,0),1) -> 0 | L299: =IF(B299="",A299,A299&"_"&B299) -> Installations for the manufacture of glass including glass fibre_Manufacture of flat glass | M299: =INDEX(Data!AD:AD,MATCH($G299,Data!$A:$A,0),1) -> 0.6 | N299: =INDEX(Data!AE:AE,MATCH($G299,Data!$A:$A,0),1) -> 0.598 | O299: =INDEX(Data!AG:AG,MATCH($G299,Data!$A:$A,0),1) -> 1.1805916 | P299: =INDEX(Data!AH:AH,MATCH($G299,Data!$A:$A,0),1) -> 1.6217125 | Q299: =IFERROR(IF(MATCH(B299,#REF!,0)>0,1),0) -> 0
A300: Installations for the manufacture of glass including glass fibre | B300: Manufacture of hollow glass | C300: Non-metallic mineral products | D300: Non-metallic minerals | E300: Glass | F300: 10 | G300: Glass [WA] | H300: =INDEX(Data!G:G,MATCH(G300,Data!A:A,0),1) -> 0.44693421 | I300: =INDEX(Data!J:J,MATCH(G300,Data!A:A,0),1) -> 0.32449754 | J300: =INDEX(Data!R:R,MATCH(G300,Data!A:A,0),1) -> 8.3851771 | K300: =INDEX(Data!S:S,MATCH(G300,Data!A:A,0),1) -> 0 | L300: =IF(B300="",A300,A300&"_"&B300) -> Installations for the manufacture of glass including glass fibre_Manufacture of hollow glass | M300: =INDEX(Data!AD:AD,MATCH($G300,Data!$A:$A,0),1) -> 0.6 | N300: =INDEX(Data!AE:AE,MATCH($G300,Data!$A:$A,0),1) -> 0.598 | O300: =INDEX(Data!AG:AG,MATCH($G300,Data!$A:$A,0),1) -> 1.1805916 | P300: =INDEX(Data!AH:AH,MATCH($G300,Data!$A:$A,0),1) -> 1.6217125 | Q300: =IFERROR(IF(MATCH(B300,#REF!,0)>0,1),0) -> 0
A301: Installations for the manufacture of glass including glass fibre | B301: Manufacture of paints, varnishes and similar coatings, printing ink and mastics | C301: Chemicals | D301: Non-metallic minerals | E301: Glass | F301: 2 | G301: Glass [WA] | H301: =INDEX(Data!G:G,MATCH(G301,Data!A:A,0),1) -> 0.44693421 | I301: =INDEX(Data!J:J,MATCH(G301,Data!A:A,0),1) -> 0.32449754 | J301: =INDEX(Data!R:R,MATCH(G301,Data!A:A,0),1) -> 8.3851771 | K301: =INDEX(Data!S:S,MATCH(G301,Data!A:A,0),1) -> 0 | L301: =IF(B301="",A301,A301&"_"&B301) -> Installations for the manufacture of glass including glass fibre_Manufacture of paints, varnishes and similar coatings, printing ink and mastics | M301: =INDEX(Data!AD:AD,MATCH($G301,Data!$A:$A,0),1) -> 0.6 | N301: =INDEX(Data!AE:AE,MATCH($G301,Data!$A:$A,0),1) -> 0.598 | O301: =INDEX(Data!AG:AG,MATCH($G301,Data!$A:$A,0),1) -> 1.1805916 | P301: =INDEX(Data!AH:AH,MATCH($G301,Data!$A:$A,0),1) -> 1.6217125 | Q301: =IFERROR(IF(MATCH(B301,#REF!,0)>0,1),0) -> 0
A302: Installations for the manufacture of glass including glass fibre | B302: Manufacture of glass fibres | C302: Non-metallic mineral products | D302: Non-metallic minerals | E302: Glass fibre and mineral wool | F302: 4 | G302: Continuous filament glass fibre & mineral wool [WA] | H302: =INDEX(Data!G:G,MATCH(G302,Data!A:A,0),1) -> 0.73925353 | I302: =INDEX(Data!J:J,MATCH(G302,Data!A:A,0),1) -> 0.50052642 | J302: =INDEX(Data!R:R,MATCH(G302,Data!A:A,0),1) -> 4.932 | K302: =INDEX(Data!S:S,MATCH(G302,Data!A:A,0),1) -> 0 | L302: =IF(B302="",A302,A302&"_"&B302) -> Installations for the manufacture of glass including glass fibre_Manufacture of glass fibres | M302: =INDEX(Data!AD:AD,MATCH($G302,Data!$A:$A,0),1) -> 0.6 | N302: =INDEX(Data!AE:AE,MATCH($G302,Data!$A:$A,0),1) -> 0.598 | O302: =INDEX(Data!AG:AG,MATCH($G302,Data!$A:$A,0),1) -> 1.1208357 | P302: =INDEX(Data!AH:AH,MATCH($G302,Data!$A:$A,0),1) -> 1.4950235 | Q302: =IFERROR(IF(MATCH(B302,#REF!,0)>0,1),0) -> 0
A303: Installations for the manufacture of glass including glass fibre | B303: Manufacture of veneer sheets and wood-based panels | C303: Wood and of products of wood and cork | D303: Other | E303: Other combustion | F303: 1 | G303: Fuel Benchmark | H303: =INDEX(Data!G:G,MATCH(G303,Data!A:A,0),1) -> 0.0579 | I303: =INDEX(Data!J:J,MATCH(G303,Data!A:A,0),1) -> 0.0426 | J303: =INDEX(Data!R:R,MATCH(G303,Data!A:A,0),1) -> 1 | K303: =INDEX(Data!S:S,MATCH(G303,Data!A:A,0),1) -> 0 | L303: =IF(B303="",A303,A303&"_"&B303) -> Installations for the manufacture of glass including glass fibre_Manufacture of veneer sheets and wood-based panels | M303: =INDEX(Data!AD:AD,MATCH($G303,Data!$A:$A,0),1) -> 0.782 | N303: =INDEX(Data!AE:AE,MATCH($G303,Data!$A:$A,0),1) -> 0.635 | O303: =INDEX(Data!AG:AG,MATCH($G303,Data!$A:$A,0),1) -> 1.1486857 | P303: =INDEX(Data!AH:AH,MATCH($G303,Data!$A:$A,0),1) -> 1.7068865 | Q303: =IFERROR(IF(MATCH(B303,#REF!,0)>0,1),0) -> 0
A304: Installations for the manufacture of glass including glass fibre | D304: Non-metallic minerals | E304: 0 | G304: Glass [WA] | H304: =INDEX(Data!G:G,MATCH(G304,Data!A:A,0),1) -> 0.44693421 | I304: =INDEX(Data!J:J,MATCH(G304,Data!A:A,0),1) -> 0.32449754 | J304: =INDEX(Data!R:R,MATCH(G304,Data!A:A,0),1) -> 8.3851771 | K304: =INDEX(Data!S:S,MATCH(G304,Data!A:A,0),1) -> 0 | L304: =IF(B304="",A304,A304&"_"&B304) -> Installations for the manufacture of glass including glass fibre | M304: =INDEX(Data!AD:AD,MATCH($G304,Data!$A:$A,0),1) -> 0.6 | N304: =INDEX(Data!AE:AE,MATCH($G304,Data!$A:$A,0),1) -> 0.598 | O304: =INDEX(Data!AG:AG,MATCH($G304,Data!$A:$A,0),1) -> 1.1805916 | P304: =INDEX(Data!AH:AH,MATCH($G304,Data!$A:$A,0),1) -> 1.6217125 | Q304: =IFERROR(IF(MATCH(B304,#REF!,0)>0,1),0) -> 0
A305: Installations for the production of cement clinker in rotary kilns or lime in rotary kilns or in other furnaces | B305: Manufacture of cement | C305: Non-metallic mineral products | D305: Non-metallic minerals | E305: Cement | F305: 14 | G305: Cement [WA] | H305: =INDEX(Data!G:G,MATCH(G305,Data!A:A,0),1) -> 0.81745071 | I305: =INDEX(Data!J:J,MATCH(G305,Data!A:A,0),1) -> 0.6991394 | J305: =INDEX(Data!R:R,MATCH(G305,Data!A:A,0),1) -> 4.32 | K305: =INDEX(Data!S:S,MATCH(G305,Data!A:A,0),1) -> 0 | L305: =IF(B305="",A305,A305&"_"&B305) -> Installations for the production of cement clinker in rotary kilns or lime in rotary kilns or in other furnaces_Manufacture of cement | M305: =INDEX(Data!AD:AD,MATCH($G305,Data!$A:$A,0),1) -> 0.6 | N305: =INDEX(Data!AE:AE,MATCH($G305,Data!$A:$A,0),1) -> 0.598 | O305: =INDEX(Data!AG:AG,MATCH($G305,Data!$A:$A,0),1) -> 1.7474276 | P305: =INDEX(Data!AH:AH,MATCH($G305,Data!$A:$A,0),1) -> 11.543913 | Q305: =IFERROR(IF(MATCH(B305,#REF!,0)>0,1),0) -> 0
A306: Installations for the production of cement clinker in rotary kilns or lime in rotary kilns or in other furnaces | B306: Manufacture of lime and plaster | C306: Non-metallic mineral products | D306: Non-metallic minerals | E306: Lime, dolomite and plaster | F306: 12 | G306: Lime, dolime, sintered dolime [WA] | H306: =INDEX(Data!G:G,MATCH(G306,Data!A:A,0),1) -> 1.0858855 | I306: =INDEX(Data!J:J,MATCH(G306,Data!A:A,0),1) -> 0.76053044 | J306: =INDEX(Data!R:R,MATCH(G306,Data!A:A,0),1) -> 3.708 | K306: =INDEX(Data!S:S,MATCH(G306,Data!A:A,0),1) -> 0 | L306: =IF(B306="",A306,A306&"_"&B306) -> Installations for the production of cement clinker in rotary kilns or lime in rotary kilns or in other furnaces_Manufacture of lime and plaster | M306: =INDEX(Data!AD:AD,MATCH($G306,Data!$A:$A,0),1) -> 0.6 | N306: =INDEX(Data!AE:AE,MATCH($G306,Data!$A:$A,0),1) -> 0.598 | O306: =INDEX(Data!AG:AG,MATCH($G306,Data!$A:$A,0),1) -> 1.9487171 | P306: =INDEX(Data!AH:AH,MATCH($G306,Data!$A:$A,0),1) -> 118.49939 | Q306: =IFERROR(IF(MATCH(B306,#REF!,0)>0,1),0) -> 0
A307: Installations for the production of cement clinker in rotary kilns or lime in rotary kilns or in other furnaces | B307: Manufacture of sugar | C307: Food products | D307: Other | E307: Other combustion | F307: 2 | G307: Fuel Benchmark | H307: =INDEX(Data!G:G,MATCH(G307,Data!A:A,0),1) -> 0.0579 | I307: =INDEX(Data!J:J,MATCH(G307,Data!A:A,0),1) -> 0.0426 | J307: =INDEX(Data!R:R,MATCH(G307,Data!A:A,0),1) -> 1 | K307: =INDEX(Data!S:S,MATCH(G307,Data!A:A,0),1) -> 0 | L307: =IF(B307="",A307,A307&"_"&B307) -> Installations for the production of cement clinker in rotary kilns or lime in rotary kilns or in other furnaces_Manufacture of sugar | M307: =INDEX(Data!AD:AD,MATCH($G307,Data!$A:$A,0),1) -> 0.782 | N307: =INDEX(Data!AE:AE,MATCH($G307,Data!$A:$A,0),1) -> 0.635 | O307: =INDEX(Data!AG:AG,MATCH($G307,Data!$A:$A,0),1) -> 1.1486857 | P307: =INDEX(Data!AH:AH,MATCH($G307,Data!$A:$A,0),1) -> 1.7068865 | Q307: =IFERROR(IF(MATCH(B307,#REF!,0)>0,1),0) -> 0
A308: Installations for the production of cement clinker in rotary kilns or lime in rotary kilns or in other furnaces | D308: Non-metallic minerals | E308: 0 | G308: Cement [WA] | H308: =INDEX(Data!G:G,MATCH(G308,Data!A:A,0),1) -> 0.81745071 | I308: =INDEX(Data!J:J,MATCH(G308,Data!A:A,0),1) -> 0.6991394 | J308: =INDEX(Data!R:R,MATCH(G308,Data!A:A,0),1) -> 4.32 | K308: =INDEX(Data!S:S,MATCH(G308,Data!A:A,0),1) -> 0 | L308: =IF(B308="",A308,A308&"_"&B308) -> Installations for the production of cement clinker in rotary kilns or lime in rotary kilns or in other furnaces | M308: =INDEX(Data!AD:AD,MATCH($G308,Data!$A:$A,0),1) -> 0.6 | N308: =INDEX(Data!AE:AE,MATCH($G308,Data!$A:$A,0),1) -> 0.598 | O308: =INDEX(Data!AG:AG,MATCH($G308,Data!$A:$A,0),1) -> 1.7474276 | P308: =INDEX(Data!AH:AH,MATCH($G308,Data!$A:$A,0),1) -> 11.543913 | Q308: =IFERROR(IF(MATCH(B308,#REF!,0)>0,1),0) -> 0
A309: Installations for the production of pig iron or steel (primary or secondary fusion) including continuous casting | B309: Manufacture of basic iron and steel and of ferro-alloys | C309: Basic metals | D309: Iron & steel | E309: Iron & steel | F309: 13 | G309: Iron & Steel - Integrated [WA] | H309: =INDEX(Data!G:G,MATCH(G309,Data!A:A,0),1) -> 1.495 | I309: =INDEX(Data!J:J,MATCH(G309,Data!A:A,0),1) -> 1.288 | J309: =INDEX(Data!R:R,MATCH(G309,Data!A:A,0),1) -> 14.976 | K309: =INDEX(Data!S:S,MATCH(G309,Data!A:A,0),1) -> 6.804 | L309: =IF(B309="",A309,A309&"_"&B309) -> Installations for the production of pig iron or steel (primary or secondary fusion) including continuous casting_Manufacture of basic iron and steel and of ferro-alloys | M309: =INDEX(Data!AD:AD,MATCH($G309,Data!$A:$A,0),1) -> 0.481 | N309: =INDEX(Data!AE:AE,MATCH($G309,Data!$A:$A,0),1) -> 0.412 | O309: =INDEX(Data!AG:AG,MATCH($G309,Data!$A:$A,0),1) -> 1.2895889 | P309: =INDEX(Data!AH:AH,MATCH($G309,Data!$A:$A,0),1) -> 0.59422748 | Q309: =IFERROR(IF(MATCH(B309,#REF!,0)>0,1),0) -> 0
A310: Installations for the production of pig iron or steel (primary or secondary fusion) including continuous casting | B310: Manufacture of other parts and accessories for motor vehicles | C310: Motor vehicles | D310: Other | E310: Other combustion | F310: 1 | G310: Fuel Benchmark | H310: =INDEX(Data!G:G,MATCH(G310,Data!A:A,0),1) -> 0.0579 | I310: =INDEX(Data!J:J,MATCH(G310,Data!A:A,0),1) -> 0.0426 | J310: =INDEX(Data!R:R,MATCH(G310,Data!A:A,0),1) -> 1 | K310: =INDEX(Data!S:S,MATCH(G310,Data!A:A,0),1) -> 0 | L310: =IF(B310="",A310,A310&"_"&B310) -> Installations for the production of pig iron or steel (primary or secondary fusion) including continuous casting_Manufacture of other parts and accessories for motor vehicles | M310: =INDEX(Data!AD:AD,MATCH($G310,Data!$A:$A,0),1) -> 0.782 | N310: =INDEX(Data!AE:AE,MATCH($G310,Data!$A:$A,0),1) -> 0.635 | O310: =INDEX(Data!AG:AG,MATCH($G310,Data!$A:$A,0),1) -> 1.1486857 | P310: =INDEX(Data!AH:AH,MATCH($G310,Data!$A:$A,0),1) -> 1.7068865 | Q310: =IFERROR(IF(MATCH(B310,#REF!,0)>0,1),0) -> 0
A311: Installations for the production of pig iron or steel (primary or secondary fusion) including continuous casting | D311: Iron & steel | E311: 0 | G311: Iron & Steel - Integrated [WA] | H311: =INDEX(Data!G:G,MATCH(G311,Data!A:A,0),1) -> 1.495 | I311: =INDEX(Data!J:J,MATCH(G311,Data!A:A,0),1) -> 1.288 | J311: =INDEX(Data!R:R,MATCH(G311,Data!A:A,0),1) -> 14.976 | K311: =INDEX(Data!S:S,MATCH(G311,Data!A:A,0),1) -> 6.804 | L311: =IF(B311="",A311,A311&"_"&B311) -> Installations for the production of pig iron or steel (primary or secondary fusion) including continuous casting | M311: =INDEX(Data!AD:AD,MATCH($G311,Data!$A:$A,0),1) -> 0.481 | N311: =INDEX(Data!AE:AE,MATCH($G311,Data!$A:$A,0),1) -> 0.412 | O311: =INDEX(Data!AG:AG,MATCH($G311,Data!$A:$A,0),1) -> 1.2895889 | P311: =INDEX(Data!AH:AH,MATCH($G311,Data!$A:$A,0),1) -> 0.59422748 | Q311: =IFERROR(IF(MATCH(B311,#REF!,0)>0,1),0) -> 0
A312: Manufacture of ceramics | B312: Aluminium production | C312: Basic metals | D312: Non-ferrous metals | E312: Aluminium | F312: 1 | G312: [Primary] Aluminium | H312: =INDEX(Data!G:G,MATCH(G312,Data!A:A,0),1) -> 1.641 | I312: =INDEX(Data!J:J,MATCH(G312,Data!A:A,0),1) -> 1.464 | J312: =INDEX(Data!R:R,MATCH(G312,Data!A:A,0),1) -> 12.024 | K312: =INDEX(Data!S:S,MATCH(G312,Data!A:A,0),1) -> 0 | L312: =IF(B312="",A312,A312&"_"&B312) -> Manufacture of ceramics_Aluminium production | M312: =INDEX(Data!AD:AD,MATCH($G312,Data!$A:$A,0),1) -> 0.804 | N312: =INDEX(Data!AE:AE,MATCH($G312,Data!$A:$A,0),1) -> 0.858 | O312: =INDEX(Data!AG:AG,MATCH($G312,Data!$A:$A,0),1) -> 1.3517721 | P312: =INDEX(Data!AH:AH,MATCH($G312,Data!$A:$A,0),1) -> 3.1982578 | Q312: =IFERROR(IF(MATCH(B312,#REF!,0)>0,1),0) -> 0
A313: Manufacture of ceramics | B313: Manufacture of bricks, tiles and construction products, in baked clay | C313: Non-metallic mineral products | D313: Non-metallic minerals | E313: Ceramics | F313: 473 | G313: Ceramics [WA] | H313: =INDEX(Data!G:G,MATCH(G313,Data!A:A,0),1) -> 0.12876363 | I313: =INDEX(Data!J:J,MATCH(G313,Data!A:A,0),1) -> 0.095090361 | J313: =INDEX(Data!R:R,MATCH(G313,Data!A:A,0),1) -> 3.0746808 | K313: =INDEX(Data!S:S,MATCH(G313,Data!A:A,0),1) -> 0 | L313: =IF(B313="",A313,A313&"_"&B313) -> Manufacture of ceramics_Manufacture of bricks, tiles and construction products, in baked clay | M313: =INDEX(Data!AD:AD,MATCH($G313,Data!$A:$A,0),1) -> 0.6 | N313: =INDEX(Data!AE:AE,MATCH($G313,Data!$A:$A,0),1) -> 0.598 | O313: =INDEX(Data!AG:AG,MATCH($G313,Data!$A:$A,0),1) -> 1.1022134 | P313: =INDEX(Data!AH:AH,MATCH($G313,Data!$A:$A,0),1) -> 1.4555421 | Q313: =IFERROR(IF(MATCH(B313,#REF!,0)>0,1),0) -> 0
A314: Manufacture of ceramics | B314: Manufacture of ceramic household and ornamental articles | C314: Non-metallic mineral products | D314: Non-metallic minerals | E314: Ceramics | F314: 5 | G314: Ceramics [WA] | H314: =INDEX(Data!G:G,MATCH(G314,Data!A:A,0),1) -> 0.12876363 | I314: =INDEX(Data!J:J,MATCH(G314,Data!A:A,0),1) -> 0.095090361 | J314: =INDEX(Data!R:R,MATCH(G314,Data!A:A,0),1) -> 3.0746808 | K314: =INDEX(Data!S:S,MATCH(G314,Data!A:A,0),1) -> 0 | L314: =IF(B314="",A314,A314&"_"&B314) -> Manufacture of ceramics_Manufacture of ceramic household and ornamental articles | M314: =INDEX(Data!AD:AD,MATCH($G314,Data!$A:$A,0),1) -> 0.6 | N314: =INDEX(Data!AE:AE,MATCH($G314,Data!$A:$A,0),1) -> 0.598 | O314: =INDEX(Data!AG:AG,MATCH($G314,Data!$A:$A,0),1) -> 1.1022134 | P314: =INDEX(Data!AH:AH,MATCH($G314,Data!$A:$A,0),1) -> 1.4555421 | Q314: =IFERROR(IF(MATCH(B314,#REF!,0)>0,1),0) -> 0
A315: Manufacture of ceramics | B315: Manufacture of ceramic sanitary fixtures | C315: Non-metallic mineral products | D315: Non-metallic minerals | E315: Ceramics | F315: 9 | G315: Ceramics [WA] | H315: =INDEX(Data!G:G,MATCH(G315,Data!A:A,0),1) -> 0.12876363 | I315: =INDEX(Data!J:J,MATCH(G315,Data!A:A,0),1) -> 0.095090361 | J315: =INDEX(Data!R:R,MATCH(G315,Data!A:A,0),1) -> 3.0746808 | K315: =INDEX(Data!S:S,MATCH(G315,Data!A:A,0),1) -> 0 | L315: =IF(B315="",A315,A315&"_"&B315) -> Manufacture of ceramics_Manufacture of ceramic sanitary fixtures | M315: =INDEX(Data!AD:AD,MATCH($G315,Data!$A:$A,0),1) -> 0.6 | N315: =INDEX(Data!AE:AE,MATCH($G315,Data!$A:$A,0),1) -> 0.598 | O315: =INDEX(Data!AG:AG,MATCH($G315,Data!$A:$A,0),1) -> 1.1022134 | P315: =INDEX(Data!AH:AH,MATCH($G315,Data!$A:$A,0),1) -> 1.4555421 | Q315: =IFERROR(IF(MATCH(B315,#REF!,0)>0,1),0) -> 0
A316: Manufacture of ceramics | B316: Manufacture of ceramic tiles and flags | C316: Non-metallic mineral products | D316: Non-metallic minerals | E316: Ceramics | F316: 235 | G316: Ceramics [WA] | H316: =INDEX(Data!G:G,MATCH(G316,Data!A:A,0),1) -> 0.12876363 | I316: =INDEX(Data!J:J,MATCH(G316,Data!A:A,0),1) -> 0.095090361 | J316: =INDEX(Data!R:R,MATCH(G316,Data!A:A,0),1) -> 3.0746808 | K316: =INDEX(Data!S:S,MATCH(G316,Data!A:A,0),1) -> 0 | L316: =IF(B316="",A316,A316&"_"&B316) -> Manufacture of ceramics_Manufacture of ceramic tiles and flags | M316: =INDEX(Data!AD:AD,MATCH($G316,Data!$A:$A,0),1) -> 0.6 | N316: =INDEX(Data!AE:AE,MATCH($G316,Data!$A:$A,0),1) -> 0.598 | O316: =INDEX(Data!AG:AG,MATCH($G316,Data!$A:$A,0),1) -> 1.1022134 | P316: =INDEX(Data!AH:AH,MATCH($G316,Data!$A:$A,0),1) -> 1.4555421 | Q316: =IFERROR(IF(MATCH(B316,#REF!,0)>0,1),0) -> 0
A317: Manufacture of ceramics | B317: Manufacture of mortars | C317: Non-metallic mineral products | D317: Non-metallic minerals | E317: Ceramics | F317: 2 | G317: Ceramics [WA] | H317: =INDEX(Data!G:G,MATCH(G317,Data!A:A,0),1) -> 0.12876363 | I317: =INDEX(Data!J:J,MATCH(G317,Data!A:A,0),1) -> 0.095090361 | J317: =INDEX(Data!R:R,MATCH(G317,Data!A:A,0),1) -> 3.0746808 | K317: =INDEX(Data!S:S,MATCH(G317,Data!A:A,0),1) -> 0 | L317: =IF(B317="",A317,A317&"_"&B317) -> Manufacture of ceramics_Manufacture of mortars | M317: =INDEX(Data!AD:AD,MATCH($G317,Data!$A:$A,0),1) -> 0.6 | N317: =INDEX(Data!AE:AE,MATCH($G317,Data!$A:$A,0),1) -> 0.598 | O317: =INDEX(Data!AG:AG,MATCH($G317,Data!$A:$A,0),1) -> 1.1022134 | P317: =INDEX(Data!AH:AH,MATCH($G317,Data!$A:$A,0),1) -> 1.4555421 | Q317: =IFERROR(IF(MATCH(B317,#REF!,0)>0,1),0) -> 0
A318: Manufacture of ceramics | B318: Manufacture of other porcelain and ceramic products | C318: Non-metallic mineral products | D318: Non-metallic minerals | E318: Ceramics | F318: 1 | G318: Ceramics [WA] | H318: =INDEX(Data!G:G,MATCH(G318,Data!A:A,0),1) -> 0.12876363 | I318: =INDEX(Data!J:J,MATCH(G318,Data!A:A,0),1) -> 0.095090361 | J318: =INDEX(Data!R:R,MATCH(G318,Data!A:A,0),1) -> 3.0746808 | K318: =INDEX(Data!S:S,MATCH(G318,Data!A:A,0),1) -> 0 | L318: =IF(B318="",A318,A318&"_"&B318) -> Manufacture of ceramics_Manufacture of other porcelain and ceramic products | M318: =INDEX(Data!AD:AD,MATCH($G318,Data!$A:$A,0),1) -> 0.6 | N318: =INDEX(Data!AE:AE,MATCH($G318,Data!$A:$A,0),1) -> 0.598 | O318: =INDEX(Data!AG:AG,MATCH($G318,Data!$A:$A,0),1) -> 1.1022134 | P318: =INDEX(Data!AH:AH,MATCH($G318,Data!$A:$A,0),1) -> 1.4555421 | Q318: =IFERROR(IF(MATCH(B318,#REF!,0)>0,1),0) -> 0
A319: Manufacture of ceramics | B319: Manufacture of other technical ceramic products | C319: Non-metallic mineral products | D319: Non-metallic minerals | E319: Ceramics | F319: 3 | G319: Ceramics [WA] | H319: =INDEX(Data!G:G,MATCH(G319,Data!A:A,0),1) -> 0.12876363 | I319: =INDEX(Data!J:J,MATCH(G319,Data!A:A,0),1) -> 0.095090361 | J319: =INDEX(Data!R:R,MATCH(G319,Data!A:A,0),1) -> 3.0746808 | K319: =INDEX(Data!S:S,MATCH(G319,Data!A:A,0),1) -> 0 | L319: =IF(B319="",A319,A319&"_"&B319) -> Manufacture of ceramics_Manufacture of other technical ceramic products | M319: =INDEX(Data!AD:AD,MATCH($G319,Data!$A:$A,0),1) -> 0.6 | N319: =INDEX(Data!AE:AE,MATCH($G319,Data!$A:$A,0),1) -> 0.598 | O319: =INDEX(Data!AG:AG,MATCH($G319,Data!$A:$A,0),1) -> 1.1022134 | P319: =INDEX(Data!AH:AH,MATCH($G319,Data!$A:$A,0),1) -> 1.4555421 | Q319: =IFERROR(IF(MATCH(B319,#REF!,0)>0,1),0) -> 0
A320: Manufacture of ceramics | B320: Manufacture of other inorganic basic chemicals | C320: Chemicals | D320: Chemicals | E320: Chemicals | F320: 1 | G320: Chemicals [Inorganic chemicals subset, WA] | H320: =INDEX(Data!G:G,MATCH(G320,Data!A:A,0),1) -> 1.5967631 | I320: =INDEX(Data!J:J,MATCH(G320,Data!A:A,0),1) -> 1.2656396 | J320: =INDEX(Data!R:R,MATCH(G320,Data!A:A,0),1) -> 3.291173 | K320: =INDEX(Data!S:S,MATCH(G320,Data!A:A,0),1) -> 10.213572 | L320: =IF(B320="",A320,A320&"_"&B320) -> Manufacture of ceramics_Manufacture of other inorganic basic chemicals | M320: =INDEX(Data!AD:AD,MATCH($G320,Data!$A:$A,0),1) -> 0.812 | N320: =INDEX(Data!AE:AE,MATCH($G320,Data!$A:$A,0),1) -> 0.739 | O320: =INDEX(Data!AG:AG,MATCH($G320,Data!$A:$A,0),1) -> 1.3556813 | P320: =INDEX(Data!AH:AH,MATCH($G320,Data!$A:$A,0),1) -> 3.2322103 | Q320: =IFERROR(IF(MATCH(B320,#REF!,0)>0,1),0) -> 0
A321: Manufacture of ceramics | B321: Manufacture and processing of other glass, including technical glassware | C321: Non-metallic mineral products | D321: Non-metallic minerals | E321: Glass | F321: 1 | G321: Glass [WA] | H321: =INDEX(Data!G:G,MATCH(G321,Data!A:A,0),1) -> 0.44693421 | I321: =INDEX(Data!J:J,MATCH(G321,Data!A:A,0),1) -> 0.32449754 | J321: =INDEX(Data!R:R,MATCH(G321,Data!A:A,0),1) -> 8.3851771 | K321: =INDEX(Data!S:S,MATCH(G321,Data!A:A,0),1) -> 0 | L321: =IF(B321="",A321,A321&"_"&B321) -> Manufacture of ceramics_Manufacture and processing of other glass, including technical glassware | M321: =INDEX(Data!AD:AD,MATCH($G321,Data!$A:$A,0),1) -> 0.6 | N321: =INDEX(Data!AE:AE,MATCH($G321,Data!$A:$A,0),1) -> 0.598 | O321: =INDEX(Data!AG:AG,MATCH($G321,Data!$A:$A,0),1) -> 1.1805916 | P321: =INDEX(Data!AH:AH,MATCH($G321,Data!$A:$A,0),1) -> 1.6217125 | Q321: =IFERROR(IF(MATCH(B321,#REF!,0)>0,1),0) -> 0
A322: Manufacture of ceramics | B322: Other mining and quarrying n.e.c. | C322: Other mining and quarrying | D322: Other | E322: Mining & quarrying | F322: 2 | G322: Fuel Benchmark | H322: =INDEX(Data!G:G,MATCH(G322,Data!A:A,0),1) -> 0.0579 | I322: =INDEX(Data!J:J,MATCH(G322,Data!A:A,0),1) -> 0.0426 | J322: =INDEX(Data!R:R,MATCH(G322,Data!A:A,0),1) -> 1 | K322: =INDEX(Data!S:S,MATCH(G322,Data!A:A,0),1) -> 0 | L322: =IF(B322="",A322,A322&"_"&B322) -> Manufacture of ceramics_Other mining and quarrying n.e.c. | M322: =INDEX(Data!AD:AD,MATCH($G322,Data!$A:$A,0),1) -> 0.782 | N322: =INDEX(Data!AE:AE,MATCH($G322,Data!$A:$A,0),1) -> 0.635 | O322: =INDEX(Data!AG:AG,MATCH($G322,Data!$A:$A,0),1) -> 1.1486857 | P322: =INDEX(Data!AH:AH,MATCH($G322,Data!$A:$A,0),1) -> 1.7068865 | Q322: =IFERROR(IF(MATCH(B322,#REF!,0)>0,1),0) -> 0
A323: Manufacture of ceramics | B323: Manufacture of other non-metallic mineral products n.e.c. | C323: Non-metallic mineral products | D323: Non-metallic minerals | E323: Non-metallic products | F323: 9 | G323: Ceramics [WA] | H323: =INDEX(Data!G:G,MATCH(G323,Data!A:A,0),1) -> 0.12876363 | I323: =INDEX(Data!J:J,MATCH(G323,Data!A:A,0),1) -> 0.095090361 | J323: =INDEX(Data!R:R,MATCH(G323,Data!A:A,0),1) -> 3.0746808 | K323: =INDEX(Data!S:S,MATCH(G323,Data!A:A,0),1) -> 0 | L323: =IF(B323="",A323,A323&"_"&B323) -> Manufacture of ceramics_Manufacture of other non-metallic mineral products n.e.c. | M323: =INDEX(Data!AD:AD,MATCH($G323,Data!$A:$A,0),1) -> 0.6 | N323: =INDEX(Data!AE:AE,MATCH($G323,Data!$A:$A,0),1) -> 0.598 | O323: =INDEX(Data!AG:AG,MATCH($G323,Data!$A:$A,0),1) -> 1.1022134 | P323: =INDEX(Data!AH:AH,MATCH($G323,Data!$A:$A,0),1) -> 1.4555421 | Q323: =IFERROR(IF(MATCH(B323,#REF!,0)>0,1),0) -> 0
... A327: Manufacture of ceramics | B327: Manufacture of refractory products | C327: Non-metallic mineral products | D327: Non-metallic minerals | E327: Refractories | F327: 32 | G327: Refractories [n.a.] | H327: =INDEX(Data!G:G,MATCH(G327,Data!A:A,0),1) -> 1.8 | I327: =INDEX(Data!J:J,MATCH(G327,Data!A:A,0),1) -> 1.8 | J327: =INDEX(Data!R:R,MATCH(G327,Data!A:A,0),1) -> 5.3784 | K327: =INDEX(Data!S:S,MATCH(G327,Data!A:A,0),1) -> 0 | L327: =IF(B327="",A327,A327&"_"&B327) -> Manufacture of ceramics_Manufacture of refractory products | M327: =INDEX(Data!AD:AD,MATCH($G327,Data!$A:$A,0),1) -> 0.6 | N327: =INDEX(Data!AE:AE,MATCH($G327,Data!$A:$A,0),1) -> 0.598 | O327: =INDEX(Data!AG:AG,MATCH($G327,Data!$A:$A,0),1) -> 1.2551691 | P327: =INDEX(Data!AH:AH,MATCH($G327,Data!$A:$A,0),1) -> 2.4027505 | Q327: =IFERROR(IF(MATCH(B327,#REF!,0)>0,1),0) -> 0
A328: Manufacture of ceramics | D328: Non-metallic minerals | E328: 0 | G328: Ceramics [WA] | H328: =INDEX(Data!G:G,MATCH(G328,Data!A:A,0),1) -> 0.12876363 | I328: =INDEX(Data!J:J,MATCH(G328,Data!A:A,0),1) -> 0.095090361 | J328: =INDEX(Data!R:R,MATCH(G328,Data!A:A,0),1) -> 3.0746808 | K328: =INDEX(Data!S:S,MATCH(G328,Data!A:A,0),1) -> 0 | L328: =IF(B328="",A328,A328&"_"&B328) -> Manufacture of ceramics | M328: =INDEX(Data!AD:AD,MATCH($G328,Data!$A:$A,0),1) -> 0.6 | N328: =INDEX(Data!AE:AE,MATCH($G328,Data!$A:$A,0),1) -> 0.598 | O328: =INDEX(Data!AG:AG,MATCH($G328,Data!$A:$A,0),1) -> 1.1022134 | P328: =INDEX(Data!AH:AH,MATCH($G328,Data!$A:$A,0),1) -> 1.4555421 | Q328: =IFERROR(IF(MATCH(B328,#REF!,0)>0,1),0) -> 0
A329: Manufacture of glass | B329: Manufacture of concrete products for construction purposes | C329: Non-metallic mineral products | D329: Non-metallic minerals | E329: Cement | F329: 1 | G329: Cement [WA] | H329: =INDEX(Data!G:G,MATCH(G329,Data!A:A,0),1) -> 0.81745071 | I329: =INDEX(Data!J:J,MATCH(G329,Data!A:A,0),1) -> 0.6991394 | J329: =INDEX(Data!R:R,MATCH(G329,Data!A:A,0),1) -> 4.32 | K329: =INDEX(Data!S:S,MATCH(G329,Data!A:A,0),1) -> 0 | L329: =IF(B329="",A329,A329&"_"&B329) -> Manufacture of glass_Manufacture of concrete products for construction purposes | M329: =INDEX(Data!AD:AD,MATCH($G329,Data!$A:$A,0),1) -> 0.6 | N329: =INDEX(Data!AE:AE,MATCH($G329,Data!$A:$A,0),1) -> 0.598 | O329: =INDEX(Data!AG:AG,MATCH($G329,Data!$A:$A,0),1) -> 1.7474276 | P329: =INDEX(Data!AH:AH,MATCH($G329,Data!$A:$A,0),1) -> 11.543913 | Q329: =IFERROR(IF(MATCH(B329,#REF!,0)>0,1),0) -> 0
A330: Manufacture of glass | B330: Manufacture of other inorganic basic chemicals | C330: Chemicals | D330: Chemicals | E330: Chemicals | F330: 3 | G330: Chemicals [Inorganic chemicals subset, WA] | H330: =INDEX(Data!G:G,MATCH(G330,Data!A:A,0),1) -> 1.5967631 | I330: =INDEX(Data!J:J,MATCH(G330,Data!A:A,0),1) -> 1.2656396 | J330: =INDEX(Data!R:R,MATCH(G330,Data!A:A,0),1) -> 3.291173 | K330: =INDEX(Data!S:S,MATCH(G330,Data!A:A,0),1) -> 10.213572 | L330: =IF(B330="",A330,A330&"_"&B330) -> Manufacture of glass_Manufacture of other inorganic basic chemicals | M330: =INDEX(Data!AD:AD,MATCH($G330,Data!$A:$A,0),1) -> 0.812 | N330: =INDEX(Data!AE:AE,MATCH($G330,Data!$A:$A,0),1) -> 0.739 | O330: =INDEX(Data!AG:AG,MATCH($G330,Data!$A:$A,0),1) -> 1.3556813 | P330: =INDEX(Data!AH:AH,MATCH($G330,Data!$A:$A,0),1) -> 3.2322103 | Q330: =IFERROR(IF(MATCH(B330,#REF!,0)>0,1),0) -> 0
A331: Manufacture of glass | B331: Manufacture and processing of other glass, including technical glassware | C331: Non-metallic mineral products | D331: Non-metallic minerals | E331: Glass | F331: 28 | G331: Glass [WA] | H331: =INDEX(Data!G:G,MATCH(G331,Data!A:A,0),1) -> 0.44693421 | I331: =INDEX(Data!J:J,MATCH(G331,Data!A:A,0),1) -> 0.32449754 | J331: =INDEX(Data!R:R,MATCH(G331,Data!A:A,0),1) -> 8.3851771 | K331: =INDEX(Data!S:S,MATCH(G331,Data!A:A,0),1) -> 0 | L331: =IF(B331="",A331,A331&"_"&B331) -> Manufacture of glass_Manufacture and processing of other glass, including technical glassware | M331: =INDEX(Data!AD:AD,MATCH($G331,Data!$A:$A,0),1) -> 0.6 | N331: =INDEX(Data!AE:AE,MATCH($G331,Data!$A:$A,0),1) -> 0.598 | O331: =INDEX(Data!AG:AG,MATCH($G331,Data!$A:$A,0),1) -> 1.1805916 | P331: =INDEX(Data!AH:AH,MATCH($G331,Data!$A:$A,0),1) -> 1.6217125 | Q331: =IFERROR(IF(MATCH(B331,#REF!,0)>0,1),0) -> 0
A332: Manufacture of glass | B332: Manufacture of flat glass | C332: Non-metallic mineral products | D332: Non-metallic minerals | E332: Glass | F332: 42 | G332: Glass [WA] | H332: =INDEX(Data!G:G,MATCH(G332,Data!A:A,0),1) -> 0.44693421 | I332: =INDEX(Data!J:J,MATCH(G332,Data!A:A,0),1) -> 0.32449754 | J332: =INDEX(Data!R:R,MATCH(G332,Data!A:A,0),1) -> 8.3851771 | K332: =INDEX(Data!S:S,MATCH(G332,Data!A:A,0),1) -> 0 | L332: =IF(B332="",A332,A332&"_"&B332) -> Manufacture of glass_Manufacture of flat glass | M332: =INDEX(Data!AD:AD,MATCH($G332,Data!$A:$A,0),1) -> 0.6 | N332: =INDEX(Data!AE:AE,MATCH($G332,Data!$A:$A,0),1) -> 0.598 | O332: =INDEX(Data!AG:AG,MATCH($G332,Data!$A:$A,0),1) -> 1.1805916 | P332: =INDEX(Data!AH:AH,MATCH($G332,Data!$A:$A,0),1) -> 1.6217125 | Q332: =IFERROR(IF(MATCH(B332,#REF!,0)>0,1),0) -> 0
A333: Manufacture of glass | B333: Manufacture of hollow glass | C333: Non-metallic mineral products | D333: Non-metallic minerals | E333: Glass | F333: 170 | G333: Glass [WA] | H333: =INDEX(Data!G:G,MATCH(G333,Data!A:A,0),1) -> 0.44693421 | I333: =INDEX(Data!J:J,MATCH(G333,Data!A:A,0),1) -> 0.32449754 | J333: =INDEX(Data!R:R,MATCH(G333,Data!A:A,0),1) -> 8.3851771 | K333: =INDEX(Data!S:S,MATCH(G333,Data!A:A,0),1) -> 0 | L333: =IF(B333="",A333,A333&"_"&B333) -> Manufacture of glass_Manufacture of hollow glass | M333: =INDEX(Data!AD:AD,MATCH($G333,Data!$A:$A,0),1) -> 0.6 | N333: =INDEX(Data!AE:AE,MATCH($G333,Data!$A:$A,0),1) -> 0.598 | O333: =INDEX(Data!AG:AG,MATCH($G333,Data!$A:$A,0),1) -> 1.1805916 | P333: =INDEX(Data!AH:AH,MATCH($G333,Data!$A:$A,0),1) -> 1.6217125 | Q333: =IFERROR(IF(MATCH(B333,#REF!,0)>0,1),0) -> 0
A334: Manufacture of glass | B334: Manufacture of paints, varnishes and similar coatings, printing ink and mastics | C334: Chemicals | D334: Non-metallic minerals | E334: Glass | F334: 17 | G334: Glass [WA] | H334: =INDEX(Data!G:G,MATCH(G334,Data!A:A,0),1) -> 0.44693421 | I334: =INDEX(Data!J:J,MATCH(G334,Data!A:A,0),1) -> 0.32449754 | J334: =INDEX(Data!R:R,MATCH(G334,Data!A:A,0),1) -> 8.3851771 | K334: =INDEX(Data!S:S,MATCH(G334,Data!A:A,0),1) -> 0 | L334: =IF(B334="",A334,A334&"_"&B334) -> Manufacture of glass_Manufacture of paints, varnishes and similar coatings, printing ink and mastics | M334: =INDEX(Data!AD:AD,MATCH($G334,Data!$A:$A,0),1) -> 0.6 | N334: =INDEX(Data!AE:AE,MATCH($G334,Data!$A:$A,0),1) -> 0.598 | O334: =INDEX(Data!AG:AG,MATCH($G334,Data!$A:$A,0),1) -> 1.1805916 | P334: =INDEX(Data!AH:AH,MATCH($G334,Data!$A:$A,0),1) -> 1.6217125 | Q334: =IFERROR(IF(MATCH(B334,#REF!,0)>0,1),0) -> 0
A335: Manufacture of glass | B335: Manufacture of glass fibres | C335: Non-metallic mineral products | D335: Non-metallic minerals | E335: Glass fibre and mineral wool | F335: 26 | G335: Continuous filament glass fibre & mineral wool [WA] | H335: =INDEX(Data!G:G,MATCH(G335,Data!A:A,0),1) -> 0.73925353 | I335: =INDEX(Data!J:J,MATCH(G335,Data!A:A,0),1) -> 0.50052642 | J335: =INDEX(Data!R:R,MATCH(G335,Data!A:A,0),1) -> 4.932 | K335: =INDEX(Data!S:S,MATCH(G335,Data!A:A,0),1) -> 0 | L335: =IF(B335="",A335,A335&"_"&B335) -> Manufacture of glass_Manufacture of glass fibres | M335: =INDEX(Data!AD:AD,MATCH($G335,Data!$A:$A,0),1) -> 0.6 | N335: =INDEX(Data!AE:AE,MATCH($G335,Data!$A:$A,0),1) -> 0.598 | O335: =INDEX(Data!AG:AG,MATCH($G335,Data!$A:$A,0),1) -> 1.1208357 | P335: =INDEX(Data!AH:AH,MATCH($G335,Data!$A:$A,0),1) -> 1.4950235 | Q335: =IFERROR(IF(MATCH(B335,#REF!,0)>0,1),0) -> 0
A336: Manufacture of glass | B336: Manufacture of other non-metallic mineral products n.e.c. | C336: Non-metallic mineral products | D336: Non-metallic minerals | E336: Non-metallic products | F336: 2 | G336: Glass [WA] | H336: =INDEX(Data!G:G,MATCH(G336,Data!A:A,0),1) -> 0.44693421 | I336: =INDEX(Data!J:J,MATCH(G336,Data!A:A,0),1) -> 0.32449754 | J336: =INDEX(Data!R:R,MATCH(G336,Data!A:A,0),1) -> 8.3851771 | K336: =INDEX(Data!S:S,MATCH(G336,Data!A:A,0),1) -> 0 | L336: =IF(B336="",A336,A336&"_"&B336) -> Manufacture of glass_Manufacture of other non-metallic mineral products n.e.c. | M336: =INDEX(Data!AD:AD,MATCH($G336,Data!$A:$A,0),1) -> 0.6 | N336: =INDEX(Data!AE:AE,MATCH($G336,Data!$A:$A,0),1) -> 0.598 | O336: =INDEX(Data!AG:AG,MATCH($G336,Data!$A:$A,0),1) -> 1.1805916 | P336: =INDEX(Data!AH:AH,MATCH($G336,Data!$A:$A,0),1) -> 1.6217125 | Q336: =IFERROR(IF(MATCH(B336,#REF!,0)>0,1),0) -> 0
A337: Manufacture of glass | B337: Manufacture of electric lighting equipment | C337: Electrical equipment | D337: Other | E337: Other combustion | F337: 1 | G337: Fuel Benchmark | H337: =INDEX(Data!G:G,MATCH(G337,Data!A:A,0),1) -> 0.0579 | I337: =INDEX(Data!J:J,MATCH(G337,Data!A:A,0),1) -> 0.0426 | J337: =INDEX(Data!R:R,MATCH(G337,Data!A:A,0),1) -> 1 | K337: =INDEX(Data!S:S,MATCH(G337,Data!A:A,0),1) -> 0 | L337: =IF(B337="",A337,A337&"_"&B337) -> Manufacture of glass_Manufacture of electric lighting equipment | M337: =INDEX(Data!AD:AD,MATCH($G337,Data!$A:$A,0),1) -> 0.782 | N337: =INDEX(Data!AE:AE,MATCH($G337,Data!$A:$A,0),1) -> 0.635 | O337: =INDEX(Data!AG:AG,MATCH($G337,Data!$A:$A,0),1) -> 1.1486857 | P337: =INDEX(Data!AH:AH,MATCH($G337,Data!$A:$A,0),1) -> 1.7068865 | Q337: =IFERROR(IF(MATCH(B337,#REF!,0)>0,1),0) -> 0
A338: Manufacture of glass | B338: Production of electricity | C338: Electricity, gas, steam and air conditioning supply | D338: Power and heat | E338: Power and heat | F338: 1 | G338: Fuel Benchmark | H338: =INDEX(Data!G:G,MATCH(G338,Data!A:A,0),1) -> 0.0579 | I338: =INDEX(Data!J:J,MATCH(G338,Data!A:A,0),1) -> 0.0426 | J338: =INDEX(Data!R:R,MATCH(G338,Data!A:A,0),1) -> 1 | K338: =INDEX(Data!S:S,MATCH(G338,Data!A:A,0),1) -> 0 | L338: =IF(B338="",A338,A338&"_"&B338) -> Manufacture of glass_Production of electricity | M338: =INDEX(Data!AD:AD,MATCH($G338,Data!$A:$A,0),1) -> 0.782 | N338: =INDEX(Data!AE:AE,MATCH($G338,Data!$A:$A,0),1) -> 0.635 | O338: =INDEX(Data!AG:AG,MATCH($G338,Data!$A:$A,0),1) -> 1.1486857 | P338: =INDEX(Data!AH:AH,MATCH($G338,Data!$A:$A,0),1) -> 1.7068865 | Q338: =IFERROR(IF(MATCH(B338,#REF!,0)>0,1),0) -> 0
A339: Manufacture of glass | D339: Non-metallic minerals | E339: 0 | G339: Glass [WA] | H339: =INDEX(Data!G:G,MATCH(G339,Data!A:A,0),1) -> 0.44693421 | I339: =INDEX(Data!J:J,MATCH(G339,Data!A:A,0),1) -> 0.32449754 | J339: =INDEX(Data!R:R,MATCH(G339,Data!A:A,0),1) -> 8.3851771 | K339: =INDEX(Data!S:S,MATCH(G339,Data!A:A,0),1) -> 0 | L339: =IF(B339="",A339,A339&"_"&B339) -> Manufacture of glass | M339: =INDEX(Data!AD:AD,MATCH($G339,Data!$A:$A,0),1) -> 0.6 | N339: =INDEX(Data!AE:AE,MATCH($G339,Data!$A:$A,0),1) -> 0.598 | O339: =INDEX(Data!AG:AG,MATCH($G339,Data!$A:$A,0),1) -> 1.1805916 | P339: =INDEX(Data!AH:AH,MATCH($G339,Data!$A:$A,0),1) -> 1.6217125 | Q339: =IFERROR(IF(MATCH(B339,#REF!,0)>0,1),0) -> 0
A340: Manufacture of mineral wool | B340: Manufacture of glass fibres | C340: Non-metallic mineral products | D340: Non-metallic minerals | E340: Glass fibre and mineral wool | F340: 12 | G340: Continuous filament glass fibre & mineral wool [WA] | H340: =INDEX(Data!G:G,MATCH(G340,Data!A:A,0),1) -> 0.73925353 | I340: =INDEX(Data!J:J,MATCH(G340,Data!A:A,0),1) -> 0.50052642 | J340: =INDEX(Data!R:R,MATCH(G340,Data!A:A,0),1) -> 4.932 | K340: =INDEX(Data!S:S,MATCH(G340,Data!A:A,0),1) -> 0 | L340: =IF(B340="",A340,A340&"_"&B340) -> Manufacture of mineral wool_Manufacture of glass fibres | M340: =INDEX(Data!AD:AD,MATCH($G340,Data!$A:$A,0),1) -> 0.6 | N340: =INDEX(Data!AE:AE,MATCH($G340,Data!$A:$A,0),1) -> 0.598 | O340: =INDEX(Data!AG:AG,MATCH($G340,Data!$A:$A,0),1) -> 1.1208357 | P340: =INDEX(Data!AH:AH,MATCH($G340,Data!$A:$A,0),1) -> 1.4950235 | Q340: =IFERROR(IF(MATCH(B340,#REF!,0)>0,1),0) -> 0
A341: Manufacture of mineral wool | B341: Manufacture of other non-metallic mineral products n.e.c. | C341: Non-metallic mineral products | D341: Non-metallic minerals | E341: Non-metallic products | F341: 26 | G341: Continuous filament glass fibre & mineral wool [WA] | H341: =INDEX(Data!G:G,MATCH(G341,Data!A:A,0),1) -> 0.73925353 | I341: =INDEX(Data!J:J,MATCH(G341,Data!A:A,0),1) -> 0.50052642 | J341: =INDEX(Data!R:R,MATCH(G341,Data!A:A,0),1) -> 4.932 | K341: =INDEX(Data!S:S,MATCH(G341,Data!A:A,0),1) -> 0 | L341: =IF(B341="",A341,A341&"_"&B341) -> Manufacture of mineral wool_Manufacture of other non-metallic mineral products n.e.c. | M341: =INDEX(Data!AD:AD,MATCH($G341,Data!$A:$A,0),1) -> 0.6 | N341: =INDEX(Data!AE:AE,MATCH($G341,Data!$A:$A,0),1) -> 0.598 | O341: =INDEX(Data!AG:AG,MATCH($G341,Data!$A:$A,0),1) -> 1.1208357 | P341: =INDEX(Data!AH:AH,MATCH($G341,Data!$A:$A,0),1) -> 1.4950235 | Q341: =IFERROR(IF(MATCH(B341,#REF!,0)>0,1),0) -> 0
A342: Manufacture of mineral wool | D342: Non-metallic minerals | E342: 0 | G342: Continuous filament glass fibre & mineral wool [WA] | H342: =INDEX(Data!G:G,MATCH(G342,Data!A:A,0),1) -> 0.73925353 | I342: =INDEX(Data!J:J,MATCH(G342,Data!A:A,0),1) -> 0.50052642 | J342: =INDEX(Data!R:R,MATCH(G342,Data!A:A,0),1) -> 4.932 | K342: =INDEX(Data!S:S,MATCH(G342,Data!A:A,0),1) -> 0 | L342: =IF(B342="",A342,A342&"_"&B342) -> Manufacture of mineral wool | M342: =INDEX(Data!AD:AD,MATCH($G342,Data!$A:$A,0),1) -> 0.6 | N342: =INDEX(Data!AE:AE,MATCH($G342,Data!$A:$A,0),1) -> 0.598 | O342: =INDEX(Data!AG:AG,MATCH($G342,Data!$A:$A,0),1) -> 1.1208357 | P342: =INDEX(Data!AH:AH,MATCH($G342,Data!$A:$A,0),1) -> 1.4950235 | Q342: =IFERROR(IF(MATCH(B342,#REF!,0)>0,1),0) -> 0
A343: Metal ore (including sulphide ore) roasting or sintering installations | B343: Manufacture of basic iron and steel and of ferro-alloys | C343: Basic metals | D343: Iron & steel | E343: Iron & steel | F343: 1 | G343: Iron & Steel - Integrated [WA] | H343: =INDEX(Data!G:G,MATCH(G343,Data!A:A,0),1) -> 1.495 | I343: =INDEX(Data!J:J,MATCH(G343,Data!A:A,0),1) -> 1.288 | J343: =INDEX(Data!R:R,MATCH(G343,Data!A:A,0),1) -> 14.976 | K343: =INDEX(Data!S:S,MATCH(G343,Data!A:A,0),1) -> 6.804 | L343: =IF(B343="",A343,A343&"_"&B343) -> Metal ore (including sulphide ore) roasting or sintering installations_Manufacture of basic iron and steel and of ferro-alloys | M343: =INDEX(Data!AD:AD,MATCH($G343,Data!$A:$A,0),1) -> 0.481 | N343: =INDEX(Data!AE:AE,MATCH($G343,Data!$A:$A,0),1) -> 0.412 | O343: =INDEX(Data!AG:AG,MATCH($G343,Data!$A:$A,0),1) -> 1.2895889 | P343: =INDEX(Data!AH:AH,MATCH($G343,Data!$A:$A,0),1) -> 0.59422748 | Q343: =IFERROR(IF(MATCH(B343,#REF!,0)>0,1),0) -> 0
A344: Metal ore (including sulphide ore) roasting or sintering installations | D344: Iron & steel | E344: 0 | G344: Sintered ore | H344: =INDEX(Data!G:G,MATCH(G344,Data!A:A,0),1) -> 0.248 | I344: =INDEX(Data!J:J,MATCH(G344,Data!A:A,0),1) -> 0.157 | J344: =INDEX(Data!R:R,MATCH(G344,Data!A:A,0),1) -> 2.232 | K344: =INDEX(Data!S:S,MATCH(G344,Data!A:A,0),1) -> 0 | L344: =IF(B344="",A344,A344&"_"&B344) -> Metal ore (including sulphide ore) roasting or sintering installations | M344: =INDEX(Data!AD:AD,MATCH($G344,Data!$A:$A,0),1) -> 0.481 | N344: =INDEX(Data!AE:AE,MATCH($G344,Data!$A:$A,0),1) -> 0.412 | O344: =INDEX(Data!AG:AG,MATCH($G344,Data!$A:$A,0),1) -> 1.2895889 | P344: =INDEX(Data!AH:AH,MATCH($G344,Data!$A:$A,0),1) -> 0.59422748 | Q344: =IFERROR(IF(MATCH(B344,#REF!,0)>0,1),0) -> 0
A345: Metal ore roasting or sintering | B345: Manufacture of dyes and pigments | C345: Chemicals | D345: Chemicals | E345: Chemicals | F345: 1 | G345: Chemicals [WA] | H345: =INDEX(Data!G:G,MATCH(G345,Data!A:A,0),1) -> 1.1838611 | I345: =INDEX(Data!J:J,MATCH(G345,Data!A:A,0),1) -> 1.0013516 | J345: =INDEX(Data!R:R,MATCH(G345,Data!A:A,0),1) -> 2.6802341 | K345: =INDEX(Data!S:S,MATCH(G345,Data!A:A,0),1) -> 27.108503 | L345: =IF(B345="",A345,A345&"_"&B345) -> Metal ore roasting or sintering_Manufacture of dyes and pigments | M345: =INDEX(Data!AD:AD,MATCH($G345,Data!$A:$A,0),1) -> 0.812 | N345: =INDEX(Data!AE:AE,MATCH($G345,Data!$A:$A,0),1) -> 0.739 | O345: =INDEX(Data!AG:AG,MATCH($G345,Data!$A:$A,0),1) -> 1.326565 | P345: =INDEX(Data!AH:AH,MATCH($G345,Data!$A:$A,0),1) -> 6.8406135 | Q345: =IFERROR(IF(MATCH(B345,#REF!,0)>0,1),0) -> 0
A346: Metal ore roasting or sintering | B346: Manufacture of other inorganic basic chemicals | C346: Chemicals | D346: Chemicals | E346: Chemicals | F346: 1 | G346: Chemicals [Inorganic chemicals subset, WA] | H346: =INDEX(Data!G:G,MATCH(G346,Data!A:A,0),1) -> 1.5967631 | I346: =INDEX(Data!J:J,MATCH(G346,Data!A:A,0),1) -> 1.2656396 | J346: =INDEX(Data!R:R,MATCH(G346,Data!A:A,0),1) -> 3.291173 | K346: =INDEX(Data!S:S,MATCH(G346,Data!A:A,0),1) -> 10.213572 | L346: =IF(B346="",A346,A346&"_"&B346) -> Metal ore roasting or sintering_Manufacture of other inorganic basic chemicals | M346: =INDEX(Data!AD:AD,MATCH($G346,Data!$A:$A,0),1) -> 0.812 | N346: =INDEX(Data!AE:AE,MATCH($G346,Data!$A:$A,0),1) -> 0.739 | O346: =INDEX(Data!AG:AG,MATCH($G346,Data!$A:$A,0),1) -> 1.3556813 | P346: =INDEX(Data!AH:AH,MATCH($G346,Data!$A:$A,0),1) -> 3.2322103 | Q346: =IFERROR(IF(MATCH(B346,#REF!,0)>0,1),0) -> 0
A347: Metal ore roasting or sintering | B347: Lead, zinc and tin production | C347: Basic metals | D347: Non-ferrous metals | E347: Lead, zinc and tin | F347: 1 | G347: Lead, zinc and tin [n.a.] | H347: =INDEX(Data!G:G,MATCH(G347,Data!A:A,0),1) -> 1.92 | I347: =INDEX(Data!J:J,MATCH(G347,Data!A:A,0),1) -> 1.92 | J347: =INDEX(Data!R:R,MATCH(G347,Data!A:A,0),1) -> 2.268 | K347: =INDEX(Data!S:S,MATCH(G347,Data!A:A,0),1) -> 0 | L347: =IF(B347="",A347,A347&"_"&B347) -> Metal ore roasting or sintering_Lead, zinc and tin production | M347: =INDEX(Data!AD:AD,MATCH($G347,Data!$A:$A,0),1) -> 0.804 | N347: =INDEX(Data!AE:AE,MATCH($G347,Data!$A:$A,0),1) -> 0.858 | O347: =INDEX(Data!AG:AG,MATCH($G347,Data!$A:$A,0),1) -> 1 | P347: =INDEX(Data!AH:AH,MATCH($G347,Data!$A:$A,0),1) -> 1 | Q347: =IFERROR(IF(MATCH(B347,#REF!,0)>0,1),0) -> 0
A348: Metal ore roasting or sintering | B348: Mining of iron ores | C348: Mining of metal ores | D348: Other | E348: Mining & quarrying | F348: 6 | G348: Fuel Benchmark | H348: =INDEX(Data!G:G,MATCH(G348,Data!A:A,0),1) -> 0.0579 | I348: =INDEX(Data!J:J,MATCH(G348,Data!A:A,0),1) -> 0.0426 | J348: =INDEX(Data!R:R,MATCH(G348,Data!A:A,0),1) -> 1 | K348: =INDEX(Data!S:S,MATCH(G348,Data!A:A,0),1) -> 0 | L348: =IF(B348="",A348,A348&"_"&B348) -> Metal ore roasting or sintering_Mining of iron ores | M348: =INDEX(Data!AD:AD,MATCH($G348,Data!$A:$A,0),1) -> 0.782 | N348: =INDEX(Data!AE:AE,MATCH($G348,Data!$A:$A,0),1) -> 0.635 | O348: =INDEX(Data!AG:AG,MATCH($G348,Data!$A:$A,0),1) -> 1.1486857 | P348: =INDEX(Data!AH:AH,MATCH($G348,Data!$A:$A,0),1) -> 1.7068865 | Q348: =IFERROR(IF(MATCH(B348,#REF!,0)>0,1),0) -> 0
A349: Metal ore roasting or sintering | D349: Iron & steel | E349: 0 | G349: Sintered ore | H349: =INDEX(Data!G:G,MATCH(G349,Data!A:A,0),1) -> 0.248 | I349: =INDEX(Data!J:J,MATCH(G349,Data!A:A,0),1) -> 0.157 | J349: =INDEX(Data!R:R,MATCH(G349,Data!A:A,0),1) -> 2.232 | K349: =INDEX(Data!S:S,MATCH(G349,Data!A:A,0),1) -> 0 | L349: =IF(B349="",A349,A349&"_"&B349) -> Metal ore roasting or sintering | M349: =INDEX(Data!AD:AD,MATCH($G349,Data!$A:$A,0),1) -> 0.481 | N349: =INDEX(Data!AE:AE,MATCH($G349,Data!$A:$A,0),1) -> 0.412 | O349: =INDEX(Data!AG:AG,MATCH($G349,Data!$A:$A,0),1) -> 1.2895889 | P349: =INDEX(Data!AH:AH,MATCH($G349,Data!$A:$A,0),1) -> 0.59422748 | Q349: =IFERROR(IF(MATCH(B349,#REF!,0)>0,1),0) -> 0
A350: Mineral oil refineries | B350: Electric power generation, transmission and distribution | C350: Electricity, gas, steam and air conditioning supply | D350: Power and heat | E350: Power and heat | F350: 3 | G350: Fuel Benchmark | H350: =INDEX(Data!G:G,MATCH(G350,Data!A:A,0),1) -> 0.0579 | I350: =INDEX(Data!J:J,MATCH(G350,Data!A:A,0),1) -> 0.0426 | J350: =INDEX(Data!R:R,MATCH(G350,Data!A:A,0),1) -> 1 | K350: =INDEX(Data!S:S,MATCH(G350,Data!A:A,0),1) -> 0 | L350: =IF(B350="",A350,A350&"_"&B350) -> Mineral oil refineries_Electric power generation, transmission and distribution | M350: =INDEX(Data!AD:AD,MATCH($G350,Data!$A:$A,0),1) -> 0.782 | N350: =INDEX(Data!AE:AE,MATCH($G350,Data!$A:$A,0),1) -> 0.635 | O350: =INDEX(Data!AG:AG,MATCH($G350,Data!$A:$A,0),1) -> 1.1486857 | P350: =INDEX(Data!AH:AH,MATCH($G350,Data!$A:$A,0),1) -> 1.7068865 | Q350: =IFERROR(IF(MATCH(B350,#REF!,0)>0,1),0) -> 0
A351: Mineral oil refineries | B351: Manufacture of refined petroleum products | C351: Coke and refined pretroleu, | D351: Refining | E351: Refining | F351: 16 | G351: Refinery products | H351: =INDEX(Data!G:G,MATCH(G351,Data!A:A,0),1) -> 0.55 | I351: =INDEX(Data!J:J,MATCH(G351,Data!A:A,0),1) -> 0.40714286 | J351: =INDEX(Data!R:R,MATCH(G351,Data!A:A,0),1) -> 0 | K351: =INDEX(Data!S:S,MATCH(G351,Data!A:A,0),1) -> 0.432 | L351: =IF(B351="",A351,A351&"_"&B351) -> Mineral oil refineries_Manufacture of refined petroleum products | M351: =INDEX(Data!AD:AD,MATCH($G351,Data!$A:$A,0),1) -> 0.726 | N351: =INDEX(Data!AE:AE,MATCH($G351,Data!$A:$A,0),1) -> 0.305 | O351: =INDEX(Data!AG:AG,MATCH($G351,Data!$A:$A,0),1) -> 0.6341283 | P351: =INDEX(Data!AH:AH,MATCH($G351,Data!$A:$A,0),1) -> 0.082400936 | Q351: =IFERROR(IF(MATCH(B351,#REF!,0)>0,1),0) -> 0
A352: Mineral oil refineries | D352: Refining | E352: 0 | G352: Refinery products | H352: =INDEX(Data!G:G,MATCH(G352,Data!A:A,0),1) -> 0.55 | I352: =INDEX(Data!J:J,MATCH(G352,Data!A:A,0),1) -> 0.40714286 | J352: =INDEX(Data!R:R,MATCH(G352,Data!A:A,0),1) -> 0 | K352: =INDEX(Data!S:S,MATCH(G352,Data!A:A,0),1) -> 0.432 | L352: =IF(B352="",A352,A352&"_"&B352) -> Mineral oil refineries | M352: =INDEX(Data!AD:AD,MATCH($G352,Data!$A:$A,0),1) -> 0.726 | N352: =INDEX(Data!AE:AE,MATCH($G352,Data!$A:$A,0),1) -> 0.305 | O352: =INDEX(Data!AG:AG,MATCH($G352,Data!$A:$A,0),1) -> 0.6341283 | P352: =INDEX(Data!AH:AH,MATCH($G352,Data!$A:$A,0),1) -> 0.082400936 | Q352: =IFERROR(IF(MATCH(B352,#REF!,0)>0,1),0) -> 0
...

Sheet Sheet1
K31: =375+150+200+50 -> 775

Sheet Data
B1: Tags | G1: Emissions factors (tCO2e/t production) | M1: Status | N1: Process temperature | O1: Note | P1: Production | Q1: Source | R1: SEC (Fuel) | S1: SEC (Feedstock) | AC1: Note | AD1: Market growth EU SAM GEM3 22 | AF1: Note | AG1: Market growth (Alt)
B2: A | C2: B | D2: C | E2: D | G2: Weighted | J2: Allocation | M2: Status | N2: Peak process temperature | O2: Note | P2: T | R2: GJ/T | S2: GJ/T | T2: IEA Fuel | U2: IEA Feedstock | V2: Fraunhofer | W2: SEC Fuel (Neuwirth) | X2: SEC Feedstock (Neuwirth) | Z2: SEC Fuel (Kiemel) | AA2: SEC Feedstock (Kiemel) | AD2: %, 2023-2030 | AE2: %, 2030-2050 | AG2: %, 2023-2030 | AH2: %, 2030-2050
G3: T/CO2e | H3: T | J3: T/CO2e | K3: T | W3: GJ/T | X3: GJ/T
A4: Non-ferrous metals
A5: [Primary] Aluminium | G5: 1.641 | J5: 1.464 | M5: Confirmed | N5: >500 (primary), 200-500 (processing) | P5: =IFERROR(K5/J5,0) -> 0 | Q5: Kiemel et al (2024) | R5: =(1.28+0.4+0.3)*3.6+(0.69+0.67)*3.6 -> 12.024 | S5: 0 | V5: 25 | W5: 34 | AC5: Non-ferrous metals | AD5: 0.804 | AE5: 0.858 | AF5: Non-ferrous metals | AG5: 1.3517721 | AH5: 3.1982578
A6: Copper [n.a.] | G6: 1.4 | J6: 1.4 | M6: Confirmed | N6: >500 (primary), 200-500 (processing) | P6: =IFERROR(K6/J6,0) -> 0 | Q6: Kiemel et al (2024) | R6: =1.67*3.6+0.56*3.6 -> 8.028 | S6: 0 | W6: 11.6 | AC6: Non-ferrous metals | AD6: 0.804 | AE6: 0.858 | AF6: Non-ferrous metals | AG6: 1 | AH6: 1
A7: Lead, zinc and tin [n.a.] | G7: 1.92 | J7: 1.92 | M7: Confirmed | N7: >500 (primary), 200-500 (processing) | O7: Approx. Zinc and general metal processing | P7: =IFERROR(K7/J7,0) -> 0 | Q7: Kiemel et al (2024) | R7: =(0.14+0.14)*3.6+0.35*3.6 -> 2.268 | S7: 0 | W7: 11.6 | AC7: Non-ferrous metals | AD7: 0.804 | AE7: 0.858 | AF7: Non-ferrous metals | AG7: 1 | AH7: 1
A8: Non-ferrous metals [WA] | G8: =AVERAGE(G5:G7) -> 1.6536667 | J8: =AVERAGE(J5:J7) -> 1.5946667 | M8: Confirmed | N8: >500 (primary), 200-500 (processing) | O8: Approx. Zinc and general metal processing | P8: =IFERROR(K8/J8,0) -> 0 | Q8: Kiemel et al (2024) | R8: =(0.14+0.14)*3.6+0.35*3.6 -> 2.268 | S8: 0 | W8: 11.6 | AC8: Non-ferrous metals | AD8: 0.804 | AE8: 0.858 | AF8: Non-ferrous metals | AG8: 1 | AH8: 1
A9: Chemicals
A10: Ammonia | B10: Chemicals | C10: Inorganic | D10: Fertilizer | G10: 1.947 | H10: 30588525 | J10: 1.57 | K10: 23958607 | M10: Confirmed | N10: - | O10: Haber-Bosch process | P10: =IFERROR(K10/J10,0) -> 15260259 | Q10: Kiemel et al (2024) | R10: 0 | S10: =5.92*3.6 -> 21.312 | T10: =10.9-4.3 -> 6.6 | U10: 20.7 | X10: 21.312 | AA10: =5.92*3.6 -> 21.312 | AC10: Chemical products | AD10: 0.812 | AE10: 0.739 | AF10: Chemical products | AG10: 1.5336733 | AH10: 1.9468976
A11: Nitric acid | B11: Chemicals | C11: Inorganic | D11: Fertilizer | E11: Pharmaceuticals | G11: 0.205 | H11: 4614965 | J11: 0.23 | K11: 4614965 | M11: Confirmed | N11: - | O11: Ammonia oxidation (0.285t ammonia per to nitric acid) | P11: =IFERROR(K11/J11,0) -> 20065065 | Q11: Kiemel et al (2024) | R11: 0 | S11: =5.92*3.6*280/1000 -> 5.96736 | W11: 1.9040625 | Z11: =AVERAGE(0.12,0.51,0.27)*3.6 -> 1.08 | AA11: =3.14 -> 3.14 | AC11: Chemical products | AD11: 0.812 | AE11: 0.739 | AF11: Chemical products | AG11: 1.2983192 | AH11: 4.8395672
A12: Soda ash | B12: Chemicals | C12: Inorganic | G12: 0.945 | H12: 7218816 | J12: 0.753 | K12: 5497992 | M12: Confirmed | N12: 100-200 | O12: Solvay process / H2-burner in furnace | P12: =IFERROR(K12/J12,0) -> 7301450.2 | Q12: Kiemel et al (2024) | R12: =(0.94+0.94+1.26)*3.6 -> 11.304 | S12: 0 | U12: 11.1 | W12: 1.9040625 | Z12: =AVERAGE(0.94,1.26,0.94)*3.6 -> 3.768 | AC12: Chemical products | AD12: 0.812 | AE12: 0.739 | AF12: Chemical products | AG12: 1.1486857 | AH12: 1.2946752
A13: Carbon Black | B13: Chemicals | C13: Inorganic | G13: 1.824 | H13: 1824820 | J13: 1.485 | K13: 1394408 | M13: Confirmed | N13: > 500 | O13: H2 burner in furnace | P13: =IFERROR(K13/J13,0) -> 938995.29 | Q13: Kiemel et al (2024) | R13: =18*3.6 -> 64.8 | S13: 0 | T13: 32.8 | W13: 1.9040625 | Z13: =18*3.6 -> 64.8 | AC13: Chemical products | AD13: 0.812 | AE13: 0.739 | AF13: Chemical products | AG13: 1.2983192 | AH13: 4.8395672
A14: Steam cracking | B14: Chemicals | C14: Organic | G14: 0.849 | H14: 31393609 | J14: 0.681 | K14: 22816634 | M14: Confirmed | N14: - | O14: Methanol-to-Olefins (Etyhlene) | P14: =IFERROR(K14/J14,0) -> 33504602 | Q14: Kiemel et al (2024) | R14: 0 | S14: =17.67*3.6 -> 63.612 | T14: 11.5 | U14: =AVERAGE(0,0,45) -> 15 | X14: =(6.31+17.67)*3.6 -> 86.328 | AA14: =17.67*3.6 -> 63.612 | AC14: Chemical products | AD14: 0.812 | AE14: 0.739 | AF14: Chemical products | AG14: 1.3071001 | AH14: 12.835745
A15: Adipic Acid | B15: Chemicals | C15: Organic | D15: Plastics | E15: Pharmaceuticals | G15: 1.14 | H15: 857225 | J15: 2.12 | K15: 1468379 | M15: Confirmed | N15: <100 | O15: Primarily Steam, 20% efficiency upside | P15: =IFERROR(K15/J15,0) -> 692631.6 | Q15: IEA | R15: =T15 -> 21.6 | S15: =U15 -> 0 | T15: =21.6 -> 21.6 | W15: 1.9040625 | Z15: =AVERAGE(0.12,0.51,0.27)*3.6 -> 1.08 | AA15: =3.14 -> 3.14 | AC15: Chemical products | AD15: 0.812 | AE15: 0.739 | AF15: Chemical products | AG15: 1.2983192 | AH15: 4.8395672
A16: Aromatics | B16: Chemicals | C16: Organic | G16: =0.0072*1/0.056 -> 0.12857143 | H16: 1896871 | J16: =0.0228*1/0.056 -> 0.40714286 | K16: 1139604 | M16: Confirmed | N16: > 500 | O16: Average of Benzene, Toluene, Xylone aromatics extraction, 20% efficiency upside | P16: =IFERROR(K16/J16,0) -> 2799027.4 | Q16: IEA | R16: =T16 -> 2.2 | S16: =U16 -> 37.333333 | T16: 2.2 | U16: =AVERAGE(45,22,45) -> 37.333333 | W16: 1.9040625 | Z16: =AVERAGE(0.12,0.51,0.27)*3.6 -> 1.08 | AA16: =3.14 -> 3.14 | AC16: Chemical products | AD16: 0.812 | AE16: 0.739 | AF16: Chemical products | AG16: 1.2983192 | AH16: 4.8395672
A17: Styrene | B17: Chemicals | C17: Organic | D17: Plastics | G17: 0.558 | H17: 2676322 | J17: 0.401 | K17: 1655811 | M17: Confirmed | N17: > 500 | O17: Steam, 20% efficiency upside | P17: =IFERROR(K17/J17,0) -> 4129204.5 | Q17: IEA | R17: =T17 -> 8.6 | S17: =U17 -> 0 | T17: 8.6 | X17: =(6.31+17.67)*3.6 -> 86.328 | Z17: =AVERAGE(0.12,0.51,0.27)*3.6 -> 1.08 | AA17: =3.14 -> 3.14 | AC17: Chemical products | AD17: 0.812 | AE17: 0.739 | AF17: Chemical products | AG17: 1.2983192 | AH17: 4.8395672
A18: Phenol/Acetone | B18: Chemicals | C18: Organic | D18: Plastics | G18: 0.319 | H18: 1200943 | J18: 0.23 | K18: 812138 | M18: Confirmed | N18: 100-200 | O18: Steam, 20% efficiency upside | P18: =IFERROR(K18/J18,0) -> 3531034.8 | Q18: IEA | R18: =T18 -> 10.5 | S18: =U18 -> 0 | T18: =AVERAGE(10.1,10.9) -> 10.5 | X18: =(6.31+17.67)*3.6 -> 86.328 | Z18: =AVERAGE(0.12,0.51,0.27)*3.6 -> 1.08 | AA18: =3.14 -> 3.14 | AC18: Chemical products | AD18: 0.812 | AE18: 0.739 | AF18: Chemical products | AG18: 1.2983192 | AH18: 4.8395672
A19: Ethylene oxide/ethylene glycol | B19: Chemicals | C19: Organic | D19: Plastics | E19: Pharmaceuticals | G19: 0.51 | H19: 1484310 | J19: 0.389 | K19: 839637 | M19: Confirmed | N19: 200-500 | O19: Steam, 20% efficiency upside | P19: =IFERROR(K19/J19,0) -> 2158449.9 | Q19: IEA | R19: =T19 -> 3.65 | S19: =U19 -> 0 | T19: =AVERAGE(2.5,4.8) -> 3.65 | W19: 1.9040625 | Z19: =AVERAGE(0.12,0.51,0.27)*3.6 -> 1.08 | AA19: =3.14 -> 3.14 | AC19: Chemical products | AD19: 0.812 | AE19: 0.739 | AF19: Chemical products | AG19: 1.2983192 | AH19: 4.8395672
A20: Vinyl chloride monomer | B20: Chemicals | C20: Organic | D20: Plastics | G20: 0.277 | H20: 1639059 | J20: 0.155 | K20: 758335 | M20: Confirmed | N20: > 500 | O20: Primarily Fuel, 20% efficiency upside | P20: =IFERROR(K20/J20,0) -> 4892483.9 | Q20: IEA | R20: =T20 -> 2.7 | S20: =U20 -> 0 | T20: 2.7 | W20: 1.9040625 | Z20: =AVERAGE(0.12,0.51,0.27)*3.6 -> 1.08 | AA20: =3.14 -> 3.14 | AC20: Chemical products | AD20: 0.812 | AE20: 0.739 | AF20: Chemical products | AG20: 1.2983192 | AH20: 4.8395672
A21: S-PVC | B21: Chemicals | C21: Organic | D21: Plastics | G21: 0.12 | H21: 400288 | J21: 0.066 | K21: 216193 | M21: Confirmed | N21: <100 | O21: Steam, 20% efficiency upside | P21: =IFERROR(K21/J21,0) -> 3275651.5 | Q21: IEA | R21: =T21 -> 1.9 | S21: =U21 -> 0 | T21: 1.9 | W21: 1.9040625 | Z21: =AVERAGE(0.12,0.51,0.27)*3.6 -> 1.08 | AA21: =3.14 -> 3.14 | AC21: Chemical products | AD21: 0.812 | AE21: 0.739 | AF21: Chemical products | AG21: 1.2983192 | AH21: 4.8395672
A22: E-PVC | B22: Chemicals | C22: Organic | D22: Plastics | G22: 0.23 | H22: 96197 | J22: 0.181 | K22: 61707 | M22: Confirmed | N22: <100 | O22: Steam, 20% efficiency upside | P22: =IFERROR(K22/J22,0) -> 340922.65 | Q22: IEA | R22: =T22 -> 1.9 | S22: =U22 -> 0 | T22: 1.9 | W22: 1.9040625 | Z22: =AVERAGE(0.12,0.51,0.27)*3.6 -> 1.08 | AA22: =3.14 -> 3.14 | AC22: Chemical products | AD22: 0.812 | AE22: 0.739 | AF22: Chemical products | AG22: 1.2983192 | AH22: 4.8395672
A23: Hydrogen and SynGas
A24: Hydrogen | B24: Hydrogen and Syngas | G24: 8.88 | H24: 7051720 | J24: 6.84 | K24: 5074480 | M24: Confirmed | N24: - | O24: Hydrogen LHV | P24: =IFERROR(K24/J24,0) -> 741883.04 | Q24: NREL | S24: =1/8.33*1000 -> 120.04802 | X24: 3.6 | AA24: 3.6 | AC24: Chemical products | AD24: 0.812 | AE24: 0.739 | AF24: Chemical products | AG24: 1.2983192 | AH24: 4.8395672
A25: Snythetic Gas | B25: Hydrogen and Syngas | G25: 0.155 | H25: 357368 | J25: 0.187 | K25: 317371 | M25: Confirmed | N25: - | O25: Hydrogen LHV | P25: =IFERROR(K25/J25,0) -> 1697171.1 | Q25: NREL | S25: =1/8.33*1000 -> 120.04802 | X25: 3.6 | AA25: 3.6 | AC25: Chemical products | AD25: 0.812 | AE25: 0.739 | AF25: Chemical products | AG25: 1.2983192 | AH25: 4.8395672
A26: Iron & Steel
A27: Sintered ore | G27: 0.248 | H27: 23154801 | J27: 0.157 | K27: 14393515 | M27: Confirmed | N27: > 500 | O27: Updraft sintering | P27: =IFERROR(K27/J27,0) -> 91678439 | Q27: Kiemel et al (2024) | R27: =(0.12+0.5)*3.6 -> 2.232 | S27: 0 | V27: 0.3 | W27: 4.13424 | X27: 6.47352 | Z27: =3.33 -> 3.33 | AC27: Ferrous metals | AD27: 0.481 | AE27: 0.412 | AF27: Ferrous metals | AG27: 1.2895889 | AH27: 0.59422748
A28: Hot metal | B28: Integrated Steel | G28: 1.495 | H28: 128889587 | J28: 1.288 | K28: 110024564 | M28: Confirmed | N28: > 500 | O28: H2-DRI to hot metal | P28: =IFERROR(K28/J28,0) -> 85422798 | Q28: Kiemel et al (2024) | R28: =(0.83+3.33)*3.6 -> 14.976 | S28: =1.89*3.6 -> 6.804 | V28: =MEDIAN(5.3,6.8) -> 6.05 | W28: 4.13424 | X28: 6.47352 | AC28: Ferrous metals | AD28: 0.481 | AE28: 0.412 | AF28: Ferrous metals | AG28: 1.2895889 | AH28: 0.59422748
A29: EAF carbon steel | B29: Steel Processing | G29: 0.255 | H29: 9804572 | J29: 0.215 | K29: 2050637 | M29: Confirmed | N29: > 500 | O29: Ferrous metal processing, assuming no mass losses between liquid steel and rolling | P29: =IFERROR(K29/J29,0) -> 9537846.5 | Q29: Kiemel et al (2024) | R29: =(0.66+0.028)*3.6 -> 2.4768 | S29: 0 | V29: 2.2 | W29: 4.13424 | X29: 6.47352 | AC29: Ferrous metals | AD29: 0.481 | AE29: 0.412 | AF29: Ferrous metals | AG29: 1.2895889 | AH29: 0.59422748
A30: EAF high alloy steel | B30: Steel Processing | G30: 0.323 | H30: 8681596 | J30: 0.268 | K30: 2185759 | M30: Confirmed | N30: > 500 | O30: Ferrous metal processing, assuming no mass losses between liquid steel and rolling | P30: =IFERROR(K30/J30,0) -> 8155817.2 | Q30: Kiemel et al (2024) | R30: =(0.66+0.028)*3.6 -> 2.4768 | S30: 0 | V30: 2.2 | W30: 4.13424 | X30: 6.47352 | AC30: Ferrous metals | AD30: 0.481 | AE30: 0.412 | AF30: Ferrous metals | AG30: 1.2895889 | AH30: 0.59422748
A31: Iron casting | G31: 0.37 | H31: 1380242 | J31: 0.282 | K31: 930583 | M31: Confirmed | N31: > 500 | O31: Ferrous metal processing, assuming no mass losses between liquid steel and rolling | P31: =IFERROR(K31/J31,0) -> 3299939.7 | Q31: Kiemel et al (2024) | R31: =(0.66+0.028)*3.6 -> 2.4768 | S31: 0 | V31: 0.3 | W31: 4.13424 | X31: 6.47352 | AC31: Ferrous metals | AD31: 0.481 | AE31: 0.412 | AF31: Ferrous metals | AG31: 1.0573621 | AH31: 0.79755754
A32: Refining
A33: Refinery products | G33: =0.0308/0.056 -> 0.55 | J33: =0.0228/0.056 -> 0.40714286 | M33: Confirmed | N33: - | O33: No distinction applied between hydrocracking and hydrotreating | P33: =IFERROR(K33/J33,0) -> 0 | Q33: Kiemel et al (2024) | R33: 0 | S33: =0.12*3.6 -> 0.432 | X33: =(MEDIAN(0.389,0.639))*3.6 -> 1.8504 | AC33: Crude oil | AD33: 0.726 | AE33: 0.305 | AF33: Crude oil | AG33: 0.6341283 | AH33: 0.082400936
A34: Coke | G34: 0.282 | J34: 0.217 | M34: Confirmed | N34: - | O34: Excluded from consideration | P34: =IFERROR(K34/J34,0) -> 0 | Q34: Excluded | R34: 0 | S34: 0 | X34: 1.8504 | AC34: Crude oil | AD34: 0.726 | AE34: 0.305 | AF34: Crude oil | AG34: 0.6341283 | AH34: 0.082400936
A35: Non-metallic mineral products
A36: Grey cement clinker | B36: Non-metallic minerals | C36: Cement | G36: 0.81 | H36: 105321006 | J36: 0.693 | K36: 90105535 | M36: Confirmed | N36: >500 (Firing),100-300 (Drying) | O36: Approx. cement/clinker general | P36: =IFERROR(K36/J36,0) -> 1.3002242e+08 | Q36: Kiemel et al (2024) | R36: =(0.12+1.08)*3.6 -> 4.32 | S36: 0 | V36: 4 | W36: 3.492 | AC36: Non-metallic minerals | AD36: 0.6 | AE36: 0.598 | AF36: Non-metallic minerals | AG36: 1.7474276 | AH36: 11.543913
A37: White cement clinker | B37: Non-metallic minerals | C37: Cement | G37: 1.114 | H37: 2646157 | J37: 0.957 | K37: 2145323 | M37: Confirmed | N37: >500 (Firing),100-300 (Drying) | O37: Approx. cement/clinker general | P37: =IFERROR(K37/J37,0) -> 2241716.8 | Q37: Kiemel et al (2024) | R37: =(0.12+1.08)*3.6 -> 4.32 | S37: 0 | V37: 4 | W37: 3.492 | AC37: Non-metallic minerals | AD37: 0.6 | AE37: 0.598 | AF37: Non-metallic minerals | AG37: 1.7474276 | AH37: 11.543913
A38: Lime | B38: Non-metallic minerals | C38: Lime | G38: 1.059 | H38: 21751588 | J38: 0.725 | K38: 15062292 | M38: Confirmed | N38: > 500 | O38: Default to Neuwirth: Lime burning | P38: =IFERROR(K38/J38,0) -> 20775575 | Q38: Neuwirth et al (2022) | R38: =1.03*3.6 -> 3.708 | S38: 0 | W38: 3.708 | AC38: Non-metallic minerals | AD38: 0.6 | AE38: 0.598 | AF38: Non-metallic minerals | AG38: 1.9487171 | AH38: 118.49939
A39: Dolime | B39: Non-metallic minerals | C39: Lime | G39: 1.214 | H39: 1794640 | J39: 0.815 | K39: 1265828 | M39: Confirmed | N39: > 500 | O39: Default to Neuwirth: Lime burning | P39: =IFERROR(K39/J39,0) -> 1553163.2 | Q39: Neuwirth et al (2022) | R39: =1.03*3.6 -> 3.708 | S39: 0 | W39: 3.708 | AC39: Non-metallic minerals | AD39: 0.6 | AE39: 0.598 | AF39: Non-metallic minerals | AG39: 1.9487171 | AH39: 118.49939
A40: Sintered Dolime | B40: Non-metallic minerals | C40: Lime | G40: 1.535 | H40: 790184 | J40: 1.406 | K40: 722297 | M40: Confirmed | N40: > 500 | O40: Default to Neuwirth: Lime burning | P40: =IFERROR(K40/J40,0) -> 513724.75 | Q40: Neuwirth et al (2022) | R40: =1.03*3.6 -> 3.708 | S40: 0 | W40: 3.708 | AC40: Non-metallic minerals | AD40: 0.6 | AE40: 0.598 | AF40: Non-metallic minerals | AG40: 1.9487171 | AH40: 118.49939
A41: Float glass | B41: Non-metallic minerals | C41: Glass | G41: 0.51 | H41: 5129544 | J41: 0.399 | K41: 4066932 | M41: Confirmed | N41: > 500 | O41: Approx. glass general | P41: =IFERROR(K41/J41,0) -> 10192812 | Q41: Kiemel et al (2024) | R41: =(0.09+0.43+0.66+1.18)*3.6 -> 8.496 | S41: 0 | V41: 7.8 | W41: 9.288 | AC41: Non-metallic minerals | AD41: 0.6 | AE41: 0.598 | AF41: Non-metallic minerals | AG41: 1.1805916 | AH41: 1.6217125
A42: Bottles and jars of colourless glass | B42: Non-metallic minerals | C42: Glass | G42: 0.459 | H42: 3582195 | J42: 0.29 | K42: 2265406 | M42: Confirmed | N42: > 500 | O42: Approx. glass general | P42: =IFERROR(K42/J42,0) -> 7811744.8 | Q42: Kiemel et al (2024) | R42: =(0.09+0.43+0.66+1.18)*3.6 -> 8.496 | S42: 0 | V42: 4.6 | W42: 4.608 | AC42: Non-metallic minerals | AD42: 0.6 | AE42: 0.598 | AF42: Non-metallic minerals | AG42: 1.1805916 | AH42: 1.6217125
A43: Bottles and jars of coloured glass | B43: Non-metallic minerals | C43: Glass | G43: 0.353 | H43: 3771180 | J43: 0.237 | K43: 2519439 | M43: Confirmed | N43: > 500 | O43: Approx. glass general | P43: =IFERROR(K43/J43,0) -> 10630544 | Q43: Kiemel et al (2024) | R43: =(0.09+0.43+0.66+1.18)*3.6 -> 8.496 | S43: 0 | V43: 4.6 | W43: 4.608 | AC43: Non-metallic minerals | AD43: 0.6 | AE43: 0.598 | AF43: Non-metallic minerals | AG43: 1.1805916 | AH43: 1.6217125
A44: Continous filament glass fibre products | B44: Non-metallic minerals | C44: Glass | D44: Fibreglass | G44: 0.415 | H44: 390741 | J44: 0.309 | K44: 283967 | M44: Confirmed | N44: > 500 | O44: Approx. fibre glass | P44: =IFERROR(K44/J44,0) -> 918987.06 | Q44: Kiemel et al (2024) | R44: =(0.21+0.28+0.88)*3.6 -> 4.932 | S44: 0 | V44: 0.54 | W44: 4.608 | AC44: Non-metallic minerals | AD44: 0.6 | AE44: 0.598 | AF44: Non-metallic minerals | AG44: 1.1805916 | AH44: 1.6217125
A45: Facing bricks | B45: Non-metallic minerals | C45: Ceramics | D45: Structural Ceramics | G45: 0.16 | H45: 681443 | J45: 0.106 | K45: 452784 | M45: Confirmed | N45: > 500 | O45: Approx. bricks | P45: =IFERROR(K45/J45,0) -> 4271547.2 | Q45: Kiemel et al (2024) | R45: =(0.08+0.31)*3.6 -> 1.404 | S45: 0 | W45: 0.57142857 | AC45: Non-metallic minerals | AD45: 0.6 | AE45: 0.598 | AF45: Non-metallic minerals | AG45: 1.1022134 | AH45: 1.4555421
A46: Pavers | B46: Non-metallic minerals | C46: Ceramics | D46: Structural Ceramics | G46: 0.183 | H46: 207165 | J46: 0.146 | K46: 160430 | M46: Check | N46: > 500 (Firing), 200-500 (Drying) | O46: Approx. bricks | P46: =IFERROR(K46/J46,0) -> 1098835.6 | Q46: Kiemel et al (2024) | R46: =(0.08+0.31)*3.6 -> 1.404 | S46: 0 | W46: 0.57142857 | AC46: Non-metallic minerals | AD46: 0.6 | AE46: 0.598 | AF46: Non-metallic minerals | AG46: 1.1022134 | AH46: 1.4555421
A47: Roof tiles | B47: Non-metallic minerals | C47: Ceramics | D47: Structural Ceramics | G47: 0.184 | H47: 1109511 | J47: 0.144 | K47: 735846 | M47: Check | N47: > 500 (Firing), 200-500 (Drying) | O47: Approx. tiles, plates, refractories | P47: =IFERROR(K47/J47,0) -> 5110041.7 | Q47: Kiemel et al (2024) | R47: =(0.1+0.17+0.11+1.114)*3.6 -> 5.3784 | S47: 0 | W47: 0.57142857 | AC47: Non-metallic minerals | AD47: 0.6 | AE47: 0.598 | AF47: Non-metallic minerals | AG47: 1.1022134 | AH47: 1.4555421
A48: Spray dried powder | B48: Non-metallic minerals | C48: Ceramics | D48: Structural Ceramics | G48: 0.074 | H48: 1712944 | J48: 0.058 | K48: 1323716 | M48: Check | N48: > 500 (Firing), 200-500 (Drying) | O48: Approx. other non-metallic minerals | P48: =IFERROR(K48/J48,0) -> 22822690 | Q48: Kiemel et al (2024) | R48: =(0.01+0.02+0.08+0.71)*3.6 -> 2.952 | S48: 0 | W48: 0.57142857 | AC48: Non-metallic minerals | AD48: 0.6 | AE48: 0.598 | AF48: Non-metallic minerals | AG48: 1.1022134 | AH48: 1.4555421
A49: Mineral wool | B49: Non-metallic minerals | D49: Fibreglass | G49: 0.779 | H49: 3187683 | J49: 0.535 | K49: 1577648 | M49: Confirmed | N49: > 500 | O49: Approx. fibre glass | P49: =IFERROR(K49/J49,0) -> 2948874.8 | Q49: Kiemel et al (2024) | R49: =(0.21+0.28+0.88)*3.6 -> 4.932 | S49: 0 | W49: 0.57142857 | AC49: Non-metallic minerals | AD49: 0.6 | AE49: 0.598 | AF49: Non-metallic minerals | AG49: 1.1022134 | AH49: 1.4555421
A50: Plaster | B50: Non-metallic minerals | C50: Plaster | G50: 0.06 | H50: 47230 | J50: 0.047 | K50: 36673 | M50: Confirmed | N50: 100-200 | O50: Gypsum | P50: =IFERROR(K50/J50,0) -> 780276.6 | Q50: Kiemel et al (2024) | R50: =(0.08+0.08+0.14)*3.6 -> 1.08 | S50: 0 | W50: 0.57142857 | AC50: Non-metallic minerals | AD50: 0.6 | AE50: 0.598 | AF50: Non-metallic minerals | AG50: 1.0647267 | AH50: 1.4340325
A51: Dried secondary gypsum | B51: Non-metallic minerals | C51: Plaster | G51: 0.021 | H51: 78682 | J51: 0.021 | K51: 50229 | M51: Confirmed | N51: 100-200 | O51: Gypsum | P51: =IFERROR(K51/J51,0) -> 2391857.1 | Q51: Kiemel et al (2024) | R51: =(0.08+0.08+0.14)*3.6 -> 1.08 | S51: 0 | W51: 0.57142857 | AC51: Non-metallic minerals | AD51: 0.6 | AE51: 0.598 | AF51: Non-metallic minerals | AG51: 1.0647267 | AH51: 1.4340325
A52: Plasterboard | B52: Non-metallic minerals | G52: 0.142 | H52: 1131799 | J52: 0.11 | K52: 253159 | M52: Confirmed | N52: 100-200 | O52: Gypsum | P52: =IFERROR(K52/J52,0) -> 2301445.5 | Q52: Kiemel et al (2024) | R52: =(0.08+0.08+0.14)*3.6 -> 1.08 | S52: 0 | W52: 0.57142857 | AC52: Non-metallic minerals | AD52: 0.6 | AE52: 0.598 | AF52: Non-metallic minerals | AG52: 1.0647267 | AH52: 1.4340325
A53: Refractories [n.a.] | G53: 1.8 | J53: 1.8 | M53: Confirmed | N53: > 500 (Firing), 200-500 (Drying) | O53: Approx. tiles, plates, refractories | P53: =IFERROR(K53/J53,0) -> 0 | Q53: Kiemel et al (2024) | R53: =(0.1+0.17+0.11+1.114)*3.6 -> 5.3784 | S53: 0 | W53: 0.57142857 | AC53: Non-metallic minerals | AD53: 0.6 | AE53: 0.598 | AF53: Non-metallic minerals | AG53: 1.2551691 | AH53: 2.4027505
A54: Pulp & Paper
A55: Short fibre kraft pulp | B55: Pulp and Paper | C55: Pulp | G55: 0.111 | H55: 927669 | J55: 0.091 | K55: 416663 | M55: Confirmed | N55: 130-150 | O55: Default to Neuwirth: Chemical Pulp | P55: =IFERROR(K55/J55,0) -> 4578714.3 | Q55: Neuwirth et al (2022) | R55: =2.86*3.6 -> 10.296 | S55: 0 | V55: 10.3 | W55: 10.296 | AC55: Paper products | AD55: 0.798 | AE55: 0.921 | AF55: Paper products | AG55: 1.280909 | AH55: 4.1862578
A56: Long fibre kraft pulp | B56: Pulp and Paper | C56: Pulp | G56: 0.072 | H56: 967436 | J56: 0.046 | K56: 360057 | M56: Confirmed | N56: 130-150 | O56: Default to Neuwirth: Chemical Pulp | P56: =IFERROR(K56/J56,0) -> 7827326.1 | Q56: Neuwirth et al (2022) | R56: =2.86*3.6 -> 10.296 | S56: 0 | V56: 10.3 | W56: 10.296 | AC56: Paper products | AD56: 0.798 | AE56: 0.921 | AF56: Paper products | AG56: 1.280909 | AH56: 4.1862578
A57: Sulphite pulp | B57: Pulp and Paper | C57: Pulp | G57: 0.042 | H57: 249991 | J57: 0.015 | K57: 19633 | M57: Confirmed | N57: 130-150 | O57: Default to Neuwirth: Chemical Pulp | P57: =IFERROR(K57/J57,0) -> 1308866.7 | Q57: Neuwirth et al (2022) | R57: =2.86*3.6 -> 10.296 | S57: 0 | V57: 10.3 | W57: 10.296 | AC57: Paper products | AD57: 0.798 | AE57: 0.921 | AF57: Paper products | AG57: 1.280909 | AH57: 4.1862578
A58: Recovered paper pulp | B58: Pulp and Paper | C58: Pulp | G58: 0.017 | H58: 621837 | J58: 0.03 | K58: 1065261 | M58: Confirmed | N58: 130-150 | O58: Default to Neuwirth: Recovered fibres | P58: =IFERROR(K58/J58,0) -> 35508700 | Q58: Neuwirth et al (2022) | R58: =0.15*3.6 -> 0.54 | S58: 0 | W58: 0.54 | AC58: Paper products | AD58: 0.798 | AE58: 0.921 | AF58: Paper products | AG58: 1.280909 | AH58: 4.1862578
A59: Newsprint | B59: Pulp and Paper | C59: Paper | G59: 0.161 | H59: 1017364 | J59: 0.226 | K59: 1309487 | M59: Confirmed | N59: 130-150 | O59: Graphic paper | P59: =IFERROR(K59/J59,0) -> 5794190.3 | Q59: Neuwirth et al (2022) | R59: =(0.1+0.1+0.04+1.76)*3.6 -> 7.2 | S59: 0 | V59: 7.2 | W59: 7.2 | AC59: Paper products | AD59: 0.798 | AE59: 0.921 | AF59: Paper products | AG59: 1.280909 | AH59: 4.1862578
A60: Uncoated fine paper | B60: Pulp and Paper | C60: Paper | G60: 0.179 | H60: 2485893 | J60: 0.242 | K60: 3151681 | M60: Confirmed | N60: 100-200 | O60: Graphic paper | P60: =IFERROR(K60/J60,0) -> 13023475 | Q60: Kiemel et al (2024) | R60: =(0.1+0.1+0.04+1.76)*3.6 -> 7.2 | S60: 0 | V60: 7.2 | W60: 7.2 | AC60: Paper products | AD60: 0.798 | AE60: 0.921 | AF60: Paper products | AG60: 1.280909 | AH60: 4.1862578
A61: Coated fine paper | B61: Pulp and Paper | C61: Paper | G61: 0.219 | H61: 3244348 | J61: 0.242 | K61: 3409004 | M61: Confirmed | N61: 100-200 | O61: Graphic paper | P61: =IFERROR(K61/J61,0) -> 14086793 | Q61: Kiemel et al (2024) | R61: =(0.1+0.1+0.04+1.76)*3.6 -> 7.2 | S61: 0 | V61: 7.2 | W61: 7.2 | AC61: Paper products | AD61: 0.798 | AE61: 0.921 | AF61: Paper products | AG61: 1.280909 | AH61: 4.1862578
A62: Tissue | B62: Pulp and Paper | C62: Paper | G62: 0.352 | H62: 2167734 | J62: 0.254 | K62: 1517281 | M62: Confirmed | N62: 100-200 | O62: Tissue | P62: =IFERROR(K62/J62,0) -> 5973547.2 | Q62: Kiemel et al (2024) | R62: =(0.01+1.69+0.1+0.04)*3.6 -> 6.624 | S62: 0 | V62: 6.9 | W62: 6.912 | AC62: Paper products | AD62: 0.798 | AE62: 0.921 | AF62: Paper products | AG62: 1.280909 | AH62: 4.1862578
A63: Testliner and fluting | B63: Pulp and Paper | C63: Paper | D63: Cartonboard | G63: 0.223 | H63: 4641400 | J63: 0.188 | K63: 3880504 | M63: Confirmed | N63: 100-200 | O63: Cartonboard | P63: =IFERROR(K63/J63,0) -> 20640979 | Q63: Kiemel et al (2024) | R63: =(0.07+1.2+0.07+0.04)*3.6 -> 4.968 | S63: 0 | W63: 4.896 | AC63: Paper products | AD63: 0.798 | AE63: 0.921 | AF63: Paper products | AG63: 1.280909 | AH63: 4.1862578
A64: Uncoated carbon board | B64: Pulp and Paper | C64: Paper | D64: Cartonboard | G64: 0.186 | H64: 874778 | J64: 0.18 | K64: 792054 | M64: Confirmed | N64: 100-200 | O64: Cartonboard | P64: =IFERROR(K64/J64,0) -> 4400300 | Q64: Kiemel et al (2024) | R64: =(0.07+1.2+0.07+0.04)*3.6 -> 4.968 | S64: 0 | V64: 4.9 | W64: 4.896 | AC64: Paper products | AD64: 0.798 | AE64: 0.921 | AF64: Paper products | AG64: 1.280909 | AH64: 4.1862578
A65: Coated carbon board | B65: Pulp and Paper | C65: Paper | D65: Cartonboard | G65: 0.143 | H65: 1341063 | J65: 0.207 | K65: 1911301 | M65: Confirmed | N65: 100-200 | O65: Cartonboard | P65: =IFERROR(K65/J65,0) -> 9233338.2 | Q65: Kiemel et al (2024) | R65: =(0.07+1.2+0.07+0.04)*3.6 -> 4.968 | S65: 0 | V65: 4.9 | W65: 4.896 | AC65: Paper products | AD65: 0.798 | AE65: 0.921 | AF65: Paper products | AG65: 1.280909 | AH65: 4.1862578
A66: Other
A67: Heat Benchmark | G67: 0.0768 | J67: 0.0473 | M67: Confirmed | O67: GJ/GJ | P67: =IFERROR(K67/J67,0) -> 0 | Q67: ETS BM | R67: 1 | S67: 0 | W67: 1 | AC67: Total intermediate demand | AD67: 0.782 | AE67: 0.635 | AF67: Total intermediate demand | AG67: 1.1486857 | AH67: 1.7068865
A68: Fuel Benchmark | G68: 0.0579 | J68: 0.0426 | M68: Confirmed | O68: GJ/GJ | P68: =IFERROR(K68/J68,0) -> 0 | Q68: ETS BM | R68: 1 | S68: 0 | W68: 1 | AC68: Total intermediate demand | AD68: 0.782 | AE68: 0.635 | AF68: Total intermediate demand | AG68: 1.1486857 | AH68: 1.7068865
A69: Composites
A70: Chemicals [Acids and Ethylenoxid/Ethylenglykol subset, WA] | B70: Pharmaceuticals | G70: {=IFERROR(SUMPRODUCT(($B$5:$B$68=$B70)*G$5:G$68,$H$5:$H$68)/SUM(($B$5:$B$68=$B70)*$H$5:$H$68),IFERROR(SUMPRODUCT(($C$5:$C$68=$B70)*G$5:G$68,$H$5:$H$68)/SUM(($C$5:$C$68=$B70)*$H$5:$H$68),IFERROR(SUMPRODUCT(($D$5:$D$68=$B70)*G$5:G$68,$H$5:$H$68)/SUM(($D$5:$D$68=$B70)*$H$5:$H$68),SUMPRODUCT(($E$5:$E$68=$B70)*G$5:G$68,$H$5:$H$68)/SUM(($E$5:$E$68=$B70)*$H$5:$H$68))))} -> 0.38529468 | J70: {=IFERROR(SUMPRODUCT(($B$5:$B$68=$B70)*J$5:J$68,$K$5:$K$68)/SUM(($B$5:$B$68=$B70)*$K$5:$K$68),IFERROR(SUMPRODUCT(($C$5:$C$68=$B70)*J$5:J$68,$K$5:$K$68)/SUM(($C$5:$C$68=$B70)*$K$5:$K$68),IFERROR(SUMPRODUCT(($D$5:$D$68=$B70)*J$5:J$68,$K$5:$K$68)/SUM(($D$5:$D$68=$B70)*$K$5:$K$68),SUMPRODUCT(($E$5:$E$68=$B70)*J$5:J$68,$K$5:$K$68)/SUM(($E$5:$E$68=$B70)*$K$5:$K$68))))} -> 0.65015695 | Q70: =J70/SUM(R70:S70)*1000 -> 104.50029 | R70: {=IFERROR(SUMPRODUCT(($B$5:$B$68=$B70)*R$5:R$68,$P$5:$P$68)/SUM(($B$5:$B$68=$B70)*$P$5:$P$68),IFERROR(SUMPRODUCT(($C$5:$C$68=$B70)*R$5:R$68,$P$5:$P$68)/SUM(($C$5:$C$68=$B70)*$P$5:$P$68),IFERROR(SUMPRODUCT(($D$5:$D$68=$B70)*R$5:R$68,$P$5:$P$68)/SUM(($D$5:$D$68=$B70)*$P$5:$P$68),SUMPRODUCT(($E$5:$E$68=$B70)*R$5:R$68,$P$5:$P$68)/SUM(($E$5:$E$68=$B70)*$P$5:$P$68))))} -> 0.99664158 | S70: {=IFERROR(SUMPRODUCT(($B$5:$B$68=$B70)*S$5:S$68,$P$5:$P$68)/SUM(($B$5:$B$68=$B70)*$P$5:$P$68),IFERROR(SUMPRODUCT(($C$5:$C$68=$B70)*S$5:S$68,$P$5:$P$68)/SUM(($C$5:$C$68=$B70)*$P$5:$P$68),IFERROR(SUMPRODUCT(($D$5:$D$68=$B70)*S$5:S$68,$P$5:$P$68)/SUM(($D$5:$D$68=$B70)*$P$5:$P$68),SUMPRODUCT(($E$5:$E$68=$B70)*S$5:S$68,$P$5:$P$68)/SUM(($E$5:$E$68=$B70)*$P$5:$P$68))))} -> 5.224939 | T70: {=IFERROR(SUMPRODUCT(($B$5:$B$68=$B70)*T$5:T$68,$P$5:$P$68)/SUM(($B$5:$B$68=$B70)*$P$5:$P$68),IFERROR(SUMPRODUCT(($C$5:$C$68=$B70)*T$5:T$68,$P$5:$P$68)/SUM(($C$5:$C$68=$B70)*$P$5:$P$68),IFERROR(SUMPRODUCT(($D$5:$D$68=$B70)*T$5:T$68,$P$5:$P$68)/SUM(($D$5:$D$68=$B70)*$P$5:$P$68),SUMPRODUCT(($E$5:$E$68=$B70)*T$5:T$68,$P$5:$P$68)/SUM(($E$5:$E$68=$B70)*$P$5:$P$68))))} -> 0.99664158 | U70: {=IFERROR(SUMPRODUCT(($B$5:$B$68=$B70)*U$5:U$68,$P$5:$P$68)/SUM(($B$5:$B$68=$B70)*$P$5:$P$68),IFERROR(SUMPRODUCT(($C$5:$C$68=$B70)*U$5:U$68,$P$5:$P$68)/SUM(($C$5:$C$68=$B70)*$P$5:$P$68),IFERROR(SUMPRODUCT(($D$5:$D$68=$B70)*U$5:U$68,$P$5:$P$68)/SUM(($D$5:$D$68=$B70)*$P$5:$P$68),SUMPRODUCT(($E$5:$E$68=$B70)*U$5:U$68,$P$5:$P$68)/SUM(($E$5:$E$68=$B70)*$P$5:$P$68))))} -> 0 | V70: {=IFERROR(SUMPRODUCT(($B$5:$B$68=$B70)*V$5:V$68,$P$5:$P$68)/SUM(($B$5:$B$68=$B70)*$P$5:$P$68),IFERROR(SUMPRODUCT(($C$5:$C$68=$B70)*V$5:V$68,$P$5:$P$68)/SUM(($C$5:$C$68=$B70)*$P$5:$P$68),IFERROR(SUMPRODUCT(($D$5:$D$68=$B70)*V$5:V$68,$P$5:$P$68)/SUM(($D$5:$D$68=$B70)*$P$5:$P$68),SUMPRODUCT(($E$5:$E$68=$B70)*V$5:V$68,$P$5:$P$68)/SUM(($E$5:$E$68=$B70)*$P$5:$P$68))))} -> 0 | W70: {=IFERROR(SUMPRODUCT(($B$5:$B$68=$B70)*W$5:W$68,$P$5:$P$68)/SUM(($B$5:$B$68=$B70)*$P$5:$P$68),IFERROR(SUMPRODUCT(($C$5:$C$68=$B70)*W$5:W$68,$P$5:$P$68)/SUM(($C$5:$C$68=$B70)*$P$5:$P$68),IFERROR(SUMPRODUCT(($D$5:$D$68=$B70)*W$5:W$68,$P$5:$P$68)/SUM(($D$5:$D$68=$B70)*$P$5:$P$68),SUMPRODUCT(($E$5:$E$68=$B70)*W$5:W$68,$P$5:$P$68)/SUM(($E$5:$E$68=$B70)*$P$5:$P$68))))} -> 1.9040625 | X70: {=IFERROR(SUMPRODUCT(($B$5:$B$68=$B70)*X$5:X$68,$P$5:$P$68)/SUM(($B$5:$B$68=$B70)*$P$5:$P$68),IFERROR(SUMPRODUCT(($C$5:$C$68=$B70)*X$5:X$68,$P$5:$P$68)/SUM(($C$5:$C$68=$B70)*$P$5:$P$68),IFERROR(SUMPRODUCT(($D$5:$D$68=$B70)*X$5:X$68,$P$5:$P$68)/SUM(($D$5:$D$68=$B70)*$P$5:$P$68),SUMPRODUCT(($E$5:$E$68=$B70)*X$5:X$68,$P$5:$P$68)/SUM(($E$5:$E$68=$B70)*$P$5:$P$68))))} -> 0 | AD70: {=IFERROR(SUMPRODUCT(($B$5:$B$68=$B70)*AD$5:AD$68,$P$5:$P$68)/SUM(($B$5:$B$68=$B70)*$P$5:$P$68),IFERROR(SUMPRODUCT(($C$5:$C$68=$B70)*AD$5:AD$68,$P$5:$P$68)/SUM(($C$5:$C$68=$B70)*$P$5:$P$68),IFERROR(SUMPRODUCT(($D$5:$D$68=$B70)*AD$5:AD$68,$P$5:$P$68)/SUM(($D$5:$D$68=$B70)*$P$5:$P$68),SUMPRODUCT(($E$5:$E$68=$B70)*AD$5:AD$68,$P$5:$P$68)/SUM(($E$5:$E$68=$B70)*$P$5:$P$68))))} -> 0.812 | AE70: {=IFERROR(SUMPRODUCT(($B$5:$B$68=$B70)*AE$5:AE$68,$P$5:$P$68)/SUM(($B$5:$B$68=$B70)*$P$5:$P$68),IFERROR(SUMPRODUCT(($C$5:$C$68=$B70)*AE$5:AE$68,$P$5:$P$68)/SUM(($C$5:$C$68=$B70)*$P$5:$P$68),IFERROR(SUMPRODUCT(($D$5:$D$68=$B70)*AE$5:AE$68,$P$5:$P$68)/SUM(($D$5:$D$68=$B70)*$P$5:$P$68),SUMPRODUCT(($E$5:$E$68=$B70)*AE$5:AE$68,$P$5:$P$68)/SUM(($E$5:$E$68=$B70)*$P$5:$P$68))))} -> 0.739 | AG70: {=IFERROR(SUMPRODUCT(($B$5:$B$68=$B70)*AG$5:AG$68,$P$5:$P$68)/SUM(($B$5:$B$68=$B70)*$P$5:$P$68),IFERROR(SUMPRODUCT(($C$5:$C$68=$B70)*AG$5:AG$68,$P$5:$P$68)/SUM(($C$5:$C$68=$B70)*$P$5:$P$68),IFERROR(SUMPRODUCT(($D$5:$D$68=$B70)*AG$5:AG$68,$P$5:$P$68)/SUM(($D$5:$D$68=$B70)*$P$5:$P$68),SUMPRODUCT(($E$5:$E$68=$B70)*AG$5:AG$68,$P$5:$P$68)/SUM(($E$5:$E$68=$B70)*$P$5:$P$68))))} -> 1.2983192 | AH70: {=IFERROR(SUMPRODUCT(($B$5:$B$68=$B70)*AH$5:AH$68,$P$5:$P$68)/SUM(($B$5:$B$68=$B70)*$P$5:$P$68),IFERROR(SUMPRODUCT(($C$5:$C$68=$B70)*AH$5:AH$68,$P$5:$P$68)/SUM(($C$5:$C$68=$B70)*$P$5:$P$68),IFERROR(SUMPRODUCT(($D$5:$D$68=$B70)*AH$5:AH$68,$P$5:$P$68)/SUM(($D$5:$D$68=$B70)*$P$5:$P$68),SUMPRODUCT(($E$5:$E$68=$B70)*AH$5:AH$68,$P$5:$P$68)/SUM(($E$5:$E$68=$B70)*$P$5:$P$68))))} -> 4.8395672
A71: Chemicals [Ammonia and Nitric Acid subset, WA] | B71: Fertilizer | G71: {=IFERROR(SUMPRODUCT(($B$5:$B$68=$B71)*G$5:G$68,$H$5:$H$68)/SUM(($B$5:$B$68=$B71)*$H$5:$H$68),IFERROR(SUMPRODUCT(($C$5:$C$68=$B71)*G$5:G$68,$H$5:$H$68)/SUM(($C$5:$C$68=$B71)*$H$5:$H$68),IFERROR(SUMPRODUCT(($D$5:$D$68=$B71)*G$5:G$68,$H$5:$H$68)/SUM(($D$5:$D$68=$B71)*$H$5:$H$68),SUMPRODUCT(($E$5:$E$68=$B71)*G$5:G$68,$H$5:$H$68)/SUM(($E$5:$E$68=$B71)*$H$5:$H$68))))} -> 1.7186343 | J71: {=IFERROR(SUMPRODUCT(($B$5:$B$68=$B71)*J$5:J$68,$K$5:$K$68)/SUM(($B$5:$B$68=$B71)*$K$5:$K$68),IFERROR(SUMPRODUCT(($C$5:$C$68=$B71)*J$5:J$68,$K$5:$K$68)/SUM(($C$5:$C$68=$B71)*$K$5:$K$68),IFERROR(SUMPRODUCT(($D$5:$D$68=$B71)*J$5:J$68,$K$5:$K$68)/SUM(($D$5:$D$68=$B71)*$K$5:$K$68),SUMPRODUCT(($E$5:$E$68=$B71)*J$5:J$68,$K$5:$K$68)/SUM(($E$5:$E$68=$B71)*$K$5:$K$68))))} -> 1.3535744 | Q71: =J71/SUM(R71:S71)*1000 -> 107.45961 | R71: {=IFERROR(SUMPRODUCT(($B$5:$B$68=$B71)*R$5:R$68,$P$5:$P$68)/SUM(($B$5:$B$68=$B71)*$P$5:$P$68),IFERROR(SUMPRODUCT(($C$5:$C$68=$B71)*R$5:R$68,$P$5:$P$68)/SUM(($C$5:$C$68=$B71)*$P$5:$P$68),IFERROR(SUMPRODUCT(($D$5:$D$68=$B71)*R$5:R$68,$P$5:$P$68)/SUM(($D$5:$D$68=$B71)*$P$5:$P$68),SUMPRODUCT(($E$5:$E$68=$B71)*R$5:R$68,$P$5:$P$68)/SUM(($E$5:$E$68=$B71)*$P$5:$P$68))))} -> 0 | S71: {=IFERROR(SUMPRODUCT(($B$5:$B$68=$B71)*S$5:S$68,$P$5:$P$68)/SUM(($B$5:$B$68=$B71)*$P$5:$P$68),IFERROR(SUMPRODUCT(($C$5:$C$68=$B71)*S$5:S$68,$P$5:$P$68)/SUM(($C$5:$C$68=$B71)*$P$5:$P$68),IFERROR(SUMPRODUCT(($D$5:$D$68=$B71)*S$5:S$68,$P$5:$P$68)/SUM(($D$5:$D$68=$B71)*$P$5:$P$68),SUMPRODUCT(($E$5:$E$68=$B71)*S$5:S$68,$P$5:$P$68)/SUM(($E$5:$E$68=$B71)*$P$5:$P$68))))} -> 12.596122 | T71: {=IFERROR(SUMPRODUCT(($B$5:$B$68=$B71)*T$5:T$68,$P$5:$P$68)/SUM(($B$5:$B$68=$B71)*$P$5:$P$68),IFERROR(SUMPRODUCT(($C$5:$C$68=$B71)*T$5:T$68,$P$5:$P$68)/SUM(($C$5:$C$68=$B71)*$P$5:$P$68),IFERROR(SUMPRODUCT(($D$5:$D$68=$B71)*T$5:T$68,$P$5:$P$68)/SUM(($D$5:$D$68=$B71)*$P$5:$P$68),SUMPRODUCT(($E$5:$E$68=$B71)*T$5:T$68,$P$5:$P$68)/SUM(($E$5:$E$68=$B71)*$P$5:$P$68))))} -> 2.8511475 | U71: {=IFERROR(SUMPRODUCT(($B$5:$B$68=$B71)*U$5:U$68,$P$5:$P$68)/SUM(($B$5:$B$68=$B71)*$P$5:$P$68),IFERROR(SUMPRODUCT(($C$5:$C$68=$B71)*U$5:U$68,$P$5:$P$68)/SUM(($C$5:$C$68=$B71)*$P$5:$P$68),IFERROR(SUMPRODUCT(($D$5:$D$68=$B71)*U$5:U$68,$P$5:$P$68)/SUM(($D$5:$D$68=$B71)*$P$5:$P$68),SUMPRODUCT(($E$5:$E$68=$B71)*U$5:U$68,$P$5:$P$68)/SUM(($E$5:$E$68=$B71)*$P$5:$P$68))))} -> 8.9422354 | V71: {=IFERROR(SUMPRODUCT(($B$5:$B$68=$B71)*V$5:V$68,$P$5:$P$68)/SUM(($B$5:$B$68=$B71)*$P$5:$P$68),IFERROR(SUMPRODUCT(($C$5:$C$68=$B71)*V$5:V$68,$P$5:$P$68)/SUM(($C$5:$C$68=$B71)*$P$5:$P$68),IFERROR(SUMPRODUCT(($D$5:$D$68=$B71)*V$5:V$68,$P$5:$P$68)/SUM(($D$5:$D$68=$B71)*$P$5:$P$68),SUMPRODUCT(($E$5:$E$68=$B71)*V$5:V$68,$P$5:$P$68)/SUM(($E$5:$E$68=$B71)*$P$5:$P$68))))} -> 0 | W71: {=IFERROR(SUMPRODUCT(($B$5:$B$68=$B71)*W$5:W$68,$P$5:$P$68)/SUM(($B$5:$B$68=$B71)*$P$5:$P$68),IFERROR(SUMPRODUCT(($C$5:$C$68=$B71)*W$5:W$68,$P$5:$P$68)/SUM(($C$5:$C$68=$B71)*$P$5:$P$68),IFERROR(SUMPRODUCT(($D$5:$D$68=$B71)*W$5:W$68,$P$5:$P$68)/SUM(($D$5:$D$68=$B71)*$P$5:$P$68),SUMPRODUCT(($E$5:$E$68=$B71)*W$5:W$68,$P$5:$P$68)/SUM(($E$5:$E$68=$B71)*$P$5:$P$68))))} -> 1.0815226 | X71: {=IFERROR(SUMPRODUCT(($B$5:$B$68=$B71)*X$5:X$68,$P$5:$P$68)/SUM(($B$5:$B$68=$B71)*$P$5:$P$68),IFERROR(SUMPRODUCT(($C$5:$C$68=$B71)*X$5:X$68,$P$5:$P$68)/SUM(($C$5:$C$68=$B71)*$P$5:$P$68),IFERROR(SUMPRODUCT(($D$5:$D$68=$B71)*X$5:X$68,$P$5:$P$68)/SUM(($D$5:$D$68=$B71)*$P$5:$P$68),SUMPRODUCT(($E$5:$E$68=$B71)*X$5:X$68,$P$5:$P$68)/SUM(($E$5:$E$68=$B71)*$P$5:$P$68))))} -> 9.2066145 | AD71: {=IFERROR(SUMPRODUCT(($B$5:$B$68=$B71)*AD$5:AD$68,$P$5:$P$68)/SUM(($B$5:$B$68=$B71)*$P$5:$P$68),IFERROR(SUMPRODUCT(($C$5:$C$68=$B71)*AD$5:AD$68,$P$5:$P$68)/SUM(($C$5:$C$68=$B71)*$P$5:$P$68),IFERROR(SUMPRODUCT(($D$5:$D$68=$B71)*AD$5:AD$68,$P$5:$P$68)/SUM(($D$5:$D$68=$B71)*$P$5:$P$68),SUMPRODUCT(($E$5:$E$68=$B71)*AD$5:AD$68,$P$5:$P$68)/SUM(($E$5:$E$68=$B71)*$P$5:$P$68))))} -> 0.812 | AE71: {=IFERROR(SUMPRODUCT(($B$5:$B$68=$B71)*AE$5:AE$68,$P$5:$P$68)/SUM(($B$5:$B$68=$B71)*$P$5:$P$68),IFERROR(SUMPRODUCT(($C$5:$C$68=$B71)*AE$5:AE$68,$P$5:$P$68)/SUM(($C$5:$C$68=$B71)*$P$5:$P$68),IFERROR(SUMPRODUCT(($D$5:$D$68=$B71)*AE$5:AE$68,$P$5:$P$68)/SUM(($D$5:$D$68=$B71)*$P$5:$P$68),SUMPRODUCT(($E$5:$E$68=$B71)*AE$5:AE$68,$P$5:$P$68)/SUM(($E$5:$E$68=$B71)*$P$5:$P$68))))} -> 0.739 | AG71: {=IFERROR(SUMPRODUCT(($B$5:$B$68=$B71)*AG$5:AG$68,$P$5:$P$68)/SUM(($B$5:$B$68=$B71)*$P$5:$P$68),IFERROR(SUMPRODUCT(($C$5:$C$68=$B71)*AG$5:AG$68,$P$5:$P$68)/SUM(($C$5:$C$68=$B71)*$P$5:$P$68),IFERROR(SUMPRODUCT(($D$5:$D$68=$B71)*AG$5:AG$68,$P$5:$P$68)/SUM(($D$5:$D$68=$B71)*$P$5:$P$68),SUMPRODUCT(($E$5:$E$68=$B71)*AG$5:AG$68,$P$5:$P$68)/SUM(($E$5:$E$68=$B71)*$P$5:$P$68))))} -> 1.3999903 | AH71: {=IFERROR(SUMPRODUCT(($B$5:$B$68=$B71)*AH$5:AH$68,$P$5:$P$68)/SUM(($B$5:$B$68=$B71)*$P$5:$P$68),IFERROR(SUMPRODUCT(($C$5:$C$68=$B71)*AH$5:AH$68,$P$5:$P$68)/SUM(($C$5:$C$68=$B71)*$P$5:$P$68),IFERROR(SUMPRODUCT(($D$5:$D$68=$B71)*AH$5:AH$68,$P$5:$P$68)/SUM(($D$5:$D$68=$B71)*$P$5:$P$68),SUMPRODUCT(($E$5:$E$68=$B71)*AH$5:AH$68,$P$5:$P$68)/SUM(($E$5:$E$68=$B71)*$P$5:$P$68))))} -> 3.5899569
A72: Chemicals [Inorganic chemicals subset, WA] | B72: Inorganic | G72: {=IFERROR(SUMPRODUCT(($B$5:$B$68=$B72)*G$5:G$68,$H$5:$H$68)/SUM(($B$5:$B$68=$B72)*$H$5:$H$68),IFERROR(SUMPRODUCT(($C$5:$C$68=$B72)*G$5:G$68,$H$5:$H$68)/SUM(($C$5:$C$68=$B72)*$H$5:$H$68),IFERROR(SUMPRODUCT(($D$5:$D$68=$B72)*G$5:G$68,$H$5:$H$68)/SUM(($D$5:$D$68=$B72)*$H$5:$H$68),SUMPRODUCT(($E$5:$E$68=$B72)*G$5:G$68,$H$5:$H$68)/SUM(($E$5:$E$68=$B72)*$H$5:$H$68))))} -> 1.5967631 | J72: {=IFERROR(SUMPRODUCT(($B$5:$B$68=$B72)*J$5:J$68,$K$5:$K$68)/SUM(($B$5:$B$68=$B72)*$K$5:$K$68),IFERROR(SUMPRODUCT(($C$5:$C$68=$B72)*J$5:J$68,$K$5:$K$68)/SUM(($C$5:$C$68=$B72)*$K$5:$K$68),IFERROR(SUMPRODUCT(($D$5:$D$68=$B72)*J$5:J$68,$K$5:$K$68)/SUM(($D$5:$D$68=$B72)*$K$5:$K$68),SUMPRODUCT(($E$5:$E$68=$B72)*J$5:J$68,$K$5:$K$68)/SUM(($E$5:$E$68=$B72)*$K$5:$K$68))))} -> 1.2656396 | Q72: =J72/SUM(R72:S72)*1000 -> 93.718144 | R72: {=IFERROR(SUMPRODUCT(($B$5:$B$68=$B72)*R$5:R$68,$P$5:$P$68)/SUM(($B$5:$B$68=$B72)*$P$5:$P$68),IFERROR(SUMPRODUCT(($C$5:$C$68=$B72)*R$5:R$68,$P$5:$P$68)/SUM(($C$5:$C$68=$B72)*$P$5:$P$68),IFERROR(SUMPRODUCT(($D$5:$D$68=$B72)*R$5:R$68,$P$5:$P$68)/SUM(($D$5:$D$68=$B72)*$P$5:$P$68),SUMPRODUCT(($E$5:$E$68=$B72)*R$5:R$68,$P$5:$P$68)/SUM(($E$5:$E$68=$B72)*$P$5:$P$68))))} -> 3.291173 | S72: {=IFERROR(SUMPRODUCT(($B$5:$B$68=$B72)*S$5:S$68,$P$5:$P$68)/SUM(($B$5:$B$68=$B72)*$P$5:$P$68),IFERROR(SUMPRODUCT(($C$5:$C$68=$B72)*S$5:S$68,$P$5:$P$68)/SUM(($C$5:$C$68=$B72)*$P$5:$P$68),IFERROR(SUMPRODUCT(($D$5:$D$68=$B72)*S$5:S$68,$P$5:$P$68)/SUM(($D$5:$D$68=$B72)*$P$5:$P$68),SUMPRODUCT(($E$5:$E$68=$B72)*S$5:S$68,$P$5:$P$68)/SUM(($E$5:$E$68=$B72)*$P$5:$P$68))))} -> 10.213572 | T72: {=IFERROR(SUMPRODUCT(($B$5:$B$68=$B72)*T$5:T$68,$P$5:$P$68)/SUM(($B$5:$B$68=$B72)*$P$5:$P$68),IFERROR(SUMPRODUCT(($C$5:$C$68=$B72)*T$5:T$68,$P$5:$P$68)/SUM(($C$5:$C$68=$B72)*$P$5:$P$68),IFERROR(SUMPRODUCT(($D$5:$D$68=$B72)*T$5:T$68,$P$5:$P$68)/SUM(($D$5:$D$68=$B72)*$P$5:$P$68),SUMPRODUCT(($E$5:$E$68=$B72)*T$5:T$68,$P$5:$P$68)/SUM(($E$5:$E$68=$B72)*$P$5:$P$68))))} -> 3.0188094 | U72: {=IFERROR(SUMPRODUCT(($B$5:$B$68=$B72)*U$5:U$68,$P$5:$P$68)/SUM(($B$5:$B$68=$B72)*$P$5:$P$68),IFERROR(SUMPRODUCT(($C$5:$C$68=$B72)*U$5:U$68,$P$5:$P$68)/SUM(($C$5:$C$68=$B72)*$P$5:$P$68),IFERROR(SUMPRODUCT(($D$5:$D$68=$B72)*U$5:U$68,$P$5:$P$68)/SUM(($D$5:$D$68=$B72)*$P$5:$P$68),SUMPRODUCT(($E$5:$E$68=$B72)*U$5:U$68,$P$5:$P$68)/SUM(($E$5:$E$68=$B72)*$P$5:$P$68))))} -> 9.1111316 | V72: {=IFERROR(SUMPRODUCT(($B$5:$B$68=$B72)*V$5:V$68,$P$5:$P$68)/SUM(($B$5:$B$68=$B72)*$P$5:$P$68),IFERROR(SUMPRODUCT(($C$5:$C$68=$B72)*V$5:V$68,$P$5:$P$68)/SUM(($C$5:$C$68=$B72)*$P$5:$P$68),IFERROR(SUMPRODUCT(($D$5:$D$68=$B72)*V$5:V$68,$P$5:$P$68)/SUM(($D$5:$D$68=$B72)*$P$5:$P$68),SUMPRODUCT(($E$5:$E$68=$B72)*V$5:V$68,$P$5:$P$68)/SUM(($E$5:$E$68=$B72)*$P$5:$P$68))))} -> 0 | W72: {=IFERROR(SUMPRODUCT(($B$5:$B$68=$B72)*W$5:W$68,$P$5:$P$68)/SUM(($B$5:$B$68=$B72)*$P$5:$P$68),IFERROR(SUMPRODUCT(($C$5:$C$68=$B72)*W$5:W$68,$P$5:$P$68)/SUM(($C$5:$C$68=$B72)*$P$5:$P$68),IFERROR(SUMPRODUCT(($D$5:$D$68=$B72)*W$5:W$68,$P$5:$P$68)/SUM(($D$5:$D$68=$B72)*$P$5:$P$68),SUMPRODUCT(($E$5:$E$68=$B72)*W$5:W$68,$P$5:$P$68)/SUM(($E$5:$E$68=$B72)*$P$5:$P$68))))} -> 1.2371057 | X72: {=IFERROR(SUMPRODUCT(($B$5:$B$68=$B72)*X$5:X$68,$P$5:$P$68)/SUM(($B$5:$B$68=$B72)*$P$5:$P$68),IFERROR(SUMPRODUCT(($C$5:$C$68=$B72)*X$5:X$68,$P$5:$P$68)/SUM(($C$5:$C$68=$B72)*$P$5:$P$68),IFERROR(SUMPRODUCT(($D$5:$D$68=$B72)*X$5:X$68,$P$5:$P$68)/SUM(($D$5:$D$68=$B72)*$P$5:$P$68),SUMPRODUCT(($E$5:$E$68=$B72)*X$5:X$68,$P$5:$P$68)/SUM(($E$5:$E$68=$B72)*$P$5:$P$68))))} -> 7.4651876 | AD72: {=IFERROR(SUMPRODUCT(($B$5:$B$68=$B72)*AD$5:AD$68,$P$5:$P$68)/SUM(($B$5:$B$68=$B72)*$P$5:$P$68),IFERROR(SUMPRODUCT(($C$5:$C$68=$B72)*AD$5:AD$68,$P$5:$P$68)/SUM(($C$5:$C$68=$B72)*$P$5:$P$68),IFERROR(SUMPRODUCT(($D$5:$D$68=$B72)*AD$5:AD$68,$P$5:$P$68)/SUM(($D$5:$D$68=$B72)*$P$5:$P$68),SUMPRODUCT(($E$5:$E$68=$B72)*AD$5:AD$68,$P$5:$P$68)/SUM(($E$5:$E$68=$B72)*$P$5:$P$68))))} -> 0.812 | AE72: {=IFERROR(SUMPRODUCT(($B$5:$B$68=$B72)*AE$5:AE$68,$P$5:$P$68)/SUM(($B$5:$B$68=$B72)*$P$5:$P$68),IFERROR(SUMPRODUCT(($C$5:$C$68=$B72)*AE$5:AE$68,$P$5:$P$68)/SUM(($C$5:$C$68=$B72)*$P$5:$P$68),IFERROR(SUMPRODUCT(($D$5:$D$68=$B72)*AE$5:AE$68,$P$5:$P$68)/SUM(($D$5:$D$68=$B72)*$P$5:$P$68),SUMPRODUCT(($E$5:$E$68=$B72)*AE$5:AE$68,$P$5:$P$68)/SUM(($E$5:$E$68=$B72)*$P$5:$P$68))))} -> 0.739 | AG72: {=IFERROR(SUMPRODUCT(($B$5:$B$68=$B72)*AG$5:AG$68,$P$5:$P$68)/SUM(($B$5:$B$68=$B72)*$P$5:$P$68),IFERROR(SUMPRODUCT(($C$5:$C$68=$B72)*AG$5:AG$68,$P$5:$P$68)/SUM(($C$5:$C$68=$B72)*$P$5:$P$68),IFERROR(SUMPRODUCT(($D$5:$D$68=$B72)*AG$5:AG$68,$P$5:$P$68)/SUM(($D$5:$D$68=$B72)*$P$5:$P$68),SUMPRODUCT(($E$5:$E$68=$B72)*AG$5:AG$68,$P$5:$P$68)/SUM(($E$5:$E$68=$B72)*$P$5:$P$68))))} -> 1.3556813 | AH72: {=IFERROR(SUMPRODUCT(($B$5:$B$68=$B72)*AH$5:AH$68,$P$5:$P$68)/SUM(($B$5:$B$68=$B72)*$P$5:$P$68),IFERROR(SUMPRODUCT(($C$5:$C$68=$B72)*AH$5:AH$68,$P$5:$P$68)/SUM(($C$5:$C$68=$B72)*$P$5:$P$68),IFERROR(SUMPRODUCT(($D$5:$D$68=$B72)*AH$5:AH$68,$P$5:$P$68)/SUM(($D$5:$D$68=$B72)*$P$5:$P$68),SUMPRODUCT(($E$5:$E$68=$B72)*AH$5:AH$68,$P$5:$P$68)/SUM(($E$5:$E$68=$B72)*$P$5:$P$68))))} -> 3.2322103
A73: Chemicals [Organic chemicals subset, WA] | B73: Organic | G73: {=IFERROR(SUMPRODUCT(($B$5:$B$68=$B73)*G$5:G$68,$H$5:$H$68)/SUM(($B$5:$B$68=$B73)*$H$5:$H$68),IFERROR(SUMPRODUCT(($C$5:$C$68=$B73)*G$5:G$68,$H$5:$H$68)/SUM(($C$5:$C$68=$B73)*$H$5:$H$68),IFERROR(SUMPRODUCT(($D$5:$D$68=$B73)*G$5:G$68,$H$5:$H$68)/SUM(($D$5:$D$68=$B73)*$H$5:$H$68),SUMPRODUCT(($E$5:$E$68=$B73)*G$5:G$68,$H$5:$H$68)/SUM(($E$5:$E$68=$B73)*$H$5:$H$68))))} -> 0.74515766 | J73: {=IFERROR(SUMPRODUCT(($B$5:$B$68=$B73)*J$5:J$68,$K$5:$K$68)/SUM(($B$5:$B$68=$B73)*$K$5:$K$68),IFERROR(SUMPRODUCT(($C$5:$C$68=$B73)*J$5:J$68,$K$5:$K$68)/SUM(($C$5:$C$68=$B73)*$K$5:$K$68),IFERROR(SUMPRODUCT(($D$5:$D$68=$B73)*J$5:J$68,$K$5:$K$68)/SUM(($D$5:$D$68=$B73)*$K$5:$K$68),SUMPRODUCT(($E$5:$E$68=$B73)*J$5:J$68,$K$5:$K$68)/SUM(($E$5:$E$68=$B73)*$K$5:$K$68))))} -> 0.6864802 | Q73: =J73/SUM(R73:S73)*1000 -> 16.110086 | R73: {=IFERROR(SUMPRODUCT(($B$5:$B$68=$B73)*R$5:R$68,$P$5:$P$68)/SUM(($B$5:$B$68=$B73)*$P$5:$P$68),IFERROR(SUMPRODUCT(($C$5:$C$68=$B73)*R$5:R$68,$P$5:$P$68)/SUM(($C$5:$C$68=$B73)*$P$5:$P$68),IFERROR(SUMPRODUCT(($D$5:$D$68=$B73)*R$5:R$68,$P$5:$P$68)/SUM(($D$5:$D$68=$B73)*$P$5:$P$68),SUMPRODUCT(($E$5:$E$68=$B73)*R$5:R$68,$P$5:$P$68)/SUM(($E$5:$E$68=$B73)*$P$5:$P$68))))} -> 2.1991405 | S73: {=IFERROR(SUMPRODUCT(($B$5:$B$68=$B73)*S$5:S$68,$P$5:$P$68)/SUM(($B$5:$B$68=$B73)*$P$5:$P$68),IFERROR(SUMPRODUCT(($C$5:$C$68=$B73)*S$5:S$68,$P$5:$P$68)/SUM(($C$5:$C$68=$B73)*$P$5:$P$68),IFERROR(SUMPRODUCT(($D$5:$D$68=$B73)*S$5:S$68,$P$5:$P$68)/SUM(($D$5:$D$68=$B73)*$P$5:$P$68),SUMPRODUCT(($E$5:$E$68=$B73)*S$5:S$68,$P$5:$P$68)/SUM(($E$5:$E$68=$B73)*$P$5:$P$68))))} -> 40.412686 | T73: {=IFERROR(SUMPRODUCT(($B$5:$B$68=$B73)*T$5:T$68,$P$5:$P$68)/SUM(($B$5:$B$68=$B73)*$P$5:$P$68),IFERROR(SUMPRODUCT(($C$5:$C$68=$B73)*T$5:T$68,$P$5:$P$68)/SUM(($C$5:$C$68=$B73)*$P$5:$P$68),IFERROR(SUMPRODUCT(($D$5:$D$68=$B73)*T$5:T$68,$P$5:$P$68)/SUM(($D$5:$D$68=$B73)*$P$5:$P$68),SUMPRODUCT(($E$5:$E$68=$B73)*T$5:T$68,$P$5:$P$68)/SUM(($E$5:$E$68=$B73)*$P$5:$P$68))))} -> 9.16362 | U73: {=IFERROR(SUMPRODUCT(($B$5:$B$68=$B73)*U$5:U$68,$P$5:$P$68)/SUM(($B$5:$B$68=$B73)*$P$5:$P$68),IFERROR(SUMPRODUCT(($C$5:$C$68=$B73)*U$5:U$68,$P$5:$P$68)/SUM(($C$5:$C$68=$B73)*$P$5:$P$68),IFERROR(SUMPRODUCT(($D$5:$D$68=$B73)*U$5:U$68,$P$5:$P$68)/SUM(($D$5:$D$68=$B73)*$P$5:$P$68),SUMPRODUCT(($E$5:$E$68=$B73)*U$5:U$68,$P$5:$P$68)/SUM(($E$5:$E$68=$B73)*$P$5:$P$68))))} -> 10.972922 | V73: {=IFERROR(SUMPRODUCT(($B$5:$B$68=$B73)*V$5:V$68,$P$5:$P$68)/SUM(($B$5:$B$68=$B73)*$P$5:$P$68),IFERROR(SUMPRODUCT(($C$5:$C$68=$B73)*V$5:V$68,$P$5:$P$68)/SUM(($C$5:$C$68=$B73)*$P$5:$P$68),IFERROR(SUMPRODUCT(($D$5:$D$68=$B73)*V$5:V$68,$P$5:$P$68)/SUM(($D$5:$D$68=$B73)*$P$5:$P$68),SUMPRODUCT(($E$5:$E$68=$B73)*V$5:V$68,$P$5:$P$68)/SUM(($E$5:$E$68=$B73)*$P$5:$P$68))))} -> 0 | W73: {=IFERROR(SUMPRODUCT(($B$5:$B$68=$B73)*W$5:W$68,$P$5:$P$68)/SUM(($B$5:$B$68=$B73)*$P$5:$P$68),IFERROR(SUMPRODUCT(($C$5:$C$68=$B73)*W$5:W$68,$P$5:$P$68)/SUM(($C$5:$C$68=$B73)*$P$5:$P$68),IFERROR(SUMPRODUCT(($D$5:$D$68=$B73)*W$5:W$68,$P$5:$P$68)/SUM(($D$5:$D$68=$B73)*$P$5:$P$68),SUMPRODUCT(($E$5:$E$68=$B73)*W$5:W$68,$P$5:$P$68)/SUM(($E$5:$E$68=$B73)*$P$5:$P$68))))} -> 0.48730993 | X73: {=IFERROR(SUMPRODUCT(($B$5:$B$68=$B73)*X$5:X$68,$P$5:$P$68)/SUM(($B$5:$B$68=$B73)*$P$5:$P$68),IFERROR(SUMPRODUCT(($C$5:$C$68=$B73)*X$5:X$68,$P$5:$P$68)/SUM(($C$5:$C$68=$B73)*$P$5:$P$68),IFERROR(SUMPRODUCT(($D$5:$D$68=$B73)*X$5:X$68,$P$5:$P$68)/SUM(($D$5:$D$68=$B73)*$P$5:$P$68),SUMPRODUCT(($E$5:$E$68=$B73)*X$5:X$68,$P$5:$P$68)/SUM(($E$5:$E$68=$B73)*$P$5:$P$68))))} -> 64.233929 | AD73: {=IFERROR(SUMPRODUCT(($B$5:$B$68=$B73)*AD$5:AD$68,$P$5:$P$68)/SUM(($B$5:$B$68=$B73)*$P$5:$P$68),IFERROR(SUMPRODUCT(($C$5:$C$68=$B73)*AD$5:AD$68,$P$5:$P$68)/SUM(($C$5:$C$68=$B73)*$P$5:$P$68),IFERROR(SUMPRODUCT(($D$5:$D$68=$B73)*AD$5:AD$68,$P$5:$P$68)/SUM(($D$5:$D$68=$B73)*$P$5:$P$68),SUMPRODUCT(($E$5:$E$68=$B73)*AD$5:AD$68,$P$5:$P$68)/SUM(($E$5:$E$68=$B73)*$P$5:$P$68))))} -> 0.812 | AE73: {=IFERROR(SUMPRODUCT(($B$5:$B$68=$B73)*AE$5:AE$68,$P$5:$P$68)/SUM(($B$5:$B$68=$B73)*$P$5:$P$68),IFERROR(SUMPRODUCT(($C$5:$C$68=$B73)*AE$5:AE$68,$P$5:$P$68)/SUM(($C$5:$C$68=$B73)*$P$5:$P$68),IFERROR(SUMPRODUCT(($D$5:$D$68=$B73)*AE$5:AE$68,$P$5:$P$68)/SUM(($D$5:$D$68=$B73)*$P$5:$P$68),SUMPRODUCT(($E$5:$E$68=$B73)*AE$5:AE$68,$P$5:$P$68)/SUM(($E$5:$E$68=$B73)*$P$5:$P$68))))} -> 0.739 | AG73: {=IFERROR(SUMPRODUCT(($B$5:$B$68=$B73)*AG$5:AG$68,$P$5:$P$68)/SUM(($B$5:$B$68=$B73)*$P$5:$P$68),IFERROR(SUMPRODUCT(($C$5:$C$68=$B73)*AG$5:AG$68,$P$5:$P$68)/SUM(($C$5:$C$68=$B73)*$P$5:$P$68),IFERROR(SUMPRODUCT(($D$5:$D$68=$B73)*AG$5:AG$68,$P$5:$P$68)/SUM(($D$5:$D$68=$B73)*$P$5:$P$68),SUMPRODUCT(($E$5:$E$68=$B73)*AG$5:AG$68,$P$5:$P$68)/SUM(($E$5:$E$68=$B73)*$P$5:$P$68))))} -> 1.3036369 | AH73: {=IFERROR(SUMPRODUCT(($B$5:$B$68=$B73)*AH$5:AH$68,$P$5:$P$68)/SUM(($B$5:$B$68=$B73)*$P$5:$P$68),IFERROR(SUMPRODUCT(($C$5:$C$68=$B73)*AH$5:AH$68,$P$5:$P$68)/SUM(($C$5:$C$68=$B73)*$P$5:$P$68),IFERROR(SUMPRODUCT(($D$5:$D$68=$B73)*AH$5:AH$68,$P$5:$P$68)/SUM(($D$5:$D$68=$B73)*$P$5:$P$68),SUMPRODUCT(($E$5:$E$68=$B73)*AH$5:AH$68,$P$5:$P$68)/SUM(($E$5:$E$68=$B73)*$P$5:$P$68))))} -> 9.6821079
A74: Chemicals [WA, Plastics subset] | B74: Plastics | G74: {=IFERROR(SUMPRODUCT(($B$5:$B$68=$B74)*G$5:G$68,$H$5:$H$68)/SUM(($B$5:$B$68=$B74)*$H$5:$H$68),IFERROR(SUMPRODUCT(($C$5:$C$68=$B74)*G$5:G$68,$H$5:$H$68)/SUM(($C$5:$C$68=$B74)*$H$5:$H$68),IFERROR(SUMPRODUCT(($D$5:$D$68=$B74)*G$5:G$68,$H$5:$H$68)/SUM(($D$5:$D$68=$B74)*$H$5:$H$68),SUMPRODUCT(($E$5:$E$68=$B74)*G$5:G$68,$H$5:$H$68)/SUM(($E$5:$E$68=$B74)*$H$5:$H$68))))} -> 0.49494039 | J74: {=IFERROR(SUMPRODUCT(($B$5:$B$68=$B74)*J$5:J$68,$K$5:$K$68)/SUM(($B$5:$B$68=$B74)*$K$5:$K$68),IFERROR(SUMPRODUCT(($C$5:$C$68=$B74)*J$5:J$68,$K$5:$K$68)/SUM(($C$5:$C$68=$B74)*$K$5:$K$68),IFERROR(SUMPRODUCT(($D$5:$D$68=$B74)*J$5:J$68,$K$5:$K$68)/SUM(($D$5:$D$68=$B74)*$K$5:$K$68),SUMPRODUCT(($E$5:$E$68=$B74)*J$5:J$68,$K$5:$K$68)/SUM(($E$5:$E$68=$B74)*$K$5:$K$68))))} -> 0.76276347 | Q74: =J74/SUM(R74:S74)*1000 -> 125.60277 | R74: {=IFERROR(SUMPRODUCT(($B$5:$B$68=$B74)*R$5:R$68,$P$5:$P$68)/SUM(($B$5:$B$68=$B74)*$P$5:$P$68),IFERROR(SUMPRODUCT(($C$5:$C$68=$B74)*R$5:R$68,$P$5:$P$68)/SUM(($C$5:$C$68=$B74)*$P$5:$P$68),IFERROR(SUMPRODUCT(($D$5:$D$68=$B74)*R$5:R$68,$P$5:$P$68)/SUM(($D$5:$D$68=$B74)*$P$5:$P$68),SUMPRODUCT(($E$5:$E$68=$B74)*R$5:R$68,$P$5:$P$68)/SUM(($E$5:$E$68=$B74)*$P$5:$P$68))))} -> 6.0728236 | S74: {=IFERROR(SUMPRODUCT(($B$5:$B$68=$B74)*S$5:S$68,$P$5:$P$68)/SUM(($B$5:$B$68=$B74)*$P$5:$P$68),IFERROR(SUMPRODUCT(($C$5:$C$68=$B74)*S$5:S$68,$P$5:$P$68)/SUM(($C$5:$C$68=$B74)*$P$5:$P$68),IFERROR(SUMPRODUCT(($D$5:$D$68=$B74)*S$5:S$68,$P$5:$P$68)/SUM(($D$5:$D$68=$B74)*$P$5:$P$68),SUMPRODUCT(($E$5:$E$68=$B74)*S$5:S$68,$P$5:$P$68)/SUM(($E$5:$E$68=$B74)*$P$5:$P$68))))} -> 0 | T74: {=IFERROR(SUMPRODUCT(($B$5:$B$68=$B74)*T$5:T$68,$P$5:$P$68)/SUM(($B$5:$B$68=$B74)*$P$5:$P$68),IFERROR(SUMPRODUCT(($C$5:$C$68=$B74)*T$5:T$68,$P$5:$P$68)/SUM(($C$5:$C$68=$B74)*$P$5:$P$68),IFERROR(SUMPRODUCT(($D$5:$D$68=$B74)*T$5:T$68,$P$5:$P$68)/SUM(($D$5:$D$68=$B74)*$P$5:$P$68),SUMPRODUCT(($E$5:$E$68=$B74)*T$5:T$68,$P$5:$P$68)/SUM(($E$5:$E$68=$B74)*$P$5:$P$68))))} -> 6.0728236 | U74: {=IFERROR(SUMPRODUCT(($B$5:$B$68=$B74)*U$5:U$68,$P$5:$P$68)/SUM(($B$5:$B$68=$B74)*$P$5:$P$68),IFERROR(SUMPRODUCT(($C$5:$C$68=$B74)*U$5:U$68,$P$5:$P$68)/SUM(($C$5:$C$68=$B74)*$P$5:$P$68),IFERROR(SUMPRODUCT(($D$5:$D$68=$B74)*U$5:U$68,$P$5:$P$68)/SUM(($D$5:$D$68=$B74)*$P$5:$P$68),SUMPRODUCT(($E$5:$E$68=$B74)*U$5:U$68,$P$5:$P$68)/SUM(($E$5:$E$68=$B74)*$P$5:$P$68))))} -> 0 | V74: {=IFERROR(SUMPRODUCT(($B$5:$B$68=$B74)*V$5:V$68,$P$5:$P$68)/SUM(($B$5:$B$68=$B74)*$P$5:$P$68),IFERROR(SUMPRODUCT(($C$5:$C$68=$B74)*V$5:V$68,$P$5:$P$68)/SUM(($C$5:$C$68=$B74)*$P$5:$P$68),IFERROR(SUMPRODUCT(($D$5:$D$68=$B74)*V$5:V$68,$P$5:$P$68)/SUM(($D$5:$D$68=$B74)*$P$5:$P$68),SUMPRODUCT(($E$5:$E$68=$B74)*V$5:V$68,$P$5:$P$68)/SUM(($E$5:$E$68=$B74)*$P$5:$P$68))))} -> 0 | W74: {=IFERROR(SUMPRODUCT(($B$5:$B$68=$B74)*W$5:W$68,$P$5:$P$68)/SUM(($B$5:$B$68=$B74)*$P$5:$P$68),IFERROR(SUMPRODUCT(($C$5:$C$68=$B74)*W$5:W$68,$P$5:$P$68)/SUM(($C$5:$C$68=$B74)*$P$5:$P$68),IFERROR(SUMPRODUCT(($D$5:$D$68=$B74)*W$5:W$68,$P$5:$P$68)/SUM(($D$5:$D$68=$B74)*$P$5:$P$68),SUMPRODUCT(($E$5:$E$68=$B74)*W$5:W$68,$P$5:$P$68)/SUM(($E$5:$E$68=$B74)*$P$5:$P$68))))} -> 1.1372232 | X74: {=IFERROR(SUMPRODUCT(($B$5:$B$68=$B74)*X$5:X$68,$P$5:$P$68)/SUM(($B$5:$B$68=$B74)*$P$5:$P$68),IFERROR(SUMPRODUCT(($C$5:$C$68=$B74)*X$5:X$68,$P$5:$P$68)/SUM(($C$5:$C$68=$B74)*$P$5:$P$68),IFERROR(SUMPRODUCT(($D$5:$D$68=$B74)*X$5:X$68,$P$5:$P$68)/SUM(($D$5:$D$68=$B74)*$P$5:$P$68),SUMPRODUCT(($E$5:$E$68=$B74)*X$5:X$68,$P$5:$P$68)/SUM(($E$5:$E$68=$B74)*$P$5:$P$68))))} -> 34.767611 | AD74: {=IFERROR(SUMPRODUCT(($B$5:$B$68=$B74)*AD$5:AD$68,$P$5:$P$68)/SUM(($B$5:$B$68=$B74)*$P$5:$P$68),IFERROR(SUMPRODUCT(($C$5:$C$68=$B74)*AD$5:AD$68,$P$5:$P$68)/SUM(($C$5:$C$68=$B74)*$P$5:$P$68),IFERROR(SUMPRODUCT(($D$5:$D$68=$B74)*AD$5:AD$68,$P$5:$P$68)/SUM(($D$5:$D$68=$B74)*$P$5:$P$68),SUMPRODUCT(($E$5:$E$68=$B74)*AD$5:AD$68,$P$5:$P$68)/SUM(($E$5:$E$68=$B74)*$P$5:$P$68))))} -> 0.812 | AE74: {=IFERROR(SUMPRODUCT(($B$5:$B$68=$B74)*AE$5:AE$68,$P$5:$P$68)/SUM(($B$5:$B$68=$B74)*$P$5:$P$68),IFERROR(SUMPRODUCT(($C$5:$C$68=$B74)*AE$5:AE$68,$P$5:$P$68)/SUM(($C$5:$C$68=$B74)*$P$5:$P$68),IFERROR(SUMPRODUCT(($D$5:$D$68=$B74)*AE$5:AE$68,$P$5:$P$68)/SUM(($D$5:$D$68=$B74)*$P$5:$P$68),SUMPRODUCT(($E$5:$E$68=$B74)*AE$5:AE$68,$P$5:$P$68)/SUM(($E$5:$E$68=$B74)*$P$5:$P$68))))} -> 0.739 | AG74: {=IFERROR(SUMPRODUCT(($B$5:$B$68=$B74)*AG$5:AG$68,$P$5:$P$68)/SUM(($B$5:$B$68=$B74)*$P$5:$P$68),IFERROR(SUMPRODUCT(($C$5:$C$68=$B74)*AG$5:AG$68,$P$5:$P$68)/SUM(($C$5:$C$68=$B74)*$P$5:$P$68),IFERROR(SUMPRODUCT(($D$5:$D$68=$B74)*AG$5:AG$68,$P$5:$P$68)/SUM(($D$5:$D$68=$B74)*$P$5:$P$68),SUMPRODUCT(($E$5:$E$68=$B74)*AG$5:AG$68,$P$5:$P$68)/SUM(($E$5:$E$68=$B74)*$P$5:$P$68))))} -> 1.2983192 | AH74: {=IFERROR(SUMPRODUCT(($B$5:$B$68=$B74)*AH$5:AH$68,$P$5:$P$68)/SUM(($B$5:$B$68=$B74)*$P$5:$P$68),IFERROR(SUMPRODUCT(($C$5:$C$68=$B74)*AH$5:AH$68,$P$5:$P$68)/SUM(($C$5:$C$68=$B74)*$P$5:$P$68),IFERROR(SUMPRODUCT(($D$5:$D$68=$B74)*AH$5:AH$68,$P$5:$P$68)/SUM(($D$5:$D$68=$B74)*$P$5:$P$68),SUMPRODUCT(($E$5:$E$68=$B74)*AH$5:AH$68,$P$5:$P$68)/SUM(($E$5:$E$68=$B74)*$P$5:$P$68))))} -> 4.8395672
A75: Chemicals [WA] | B75: Chemicals | G75: {=IFERROR(SUMPRODUCT(($B$5:$B$68=$B75)*G$5:G$68,$H$5:$H$68)/SUM(($B$5:$B$68=$B75)*$H$5:$H$68),IFERROR(SUMPRODUCT(($C$5:$C$68=$B75)*G$5:G$68,$H$5:$H$68)/SUM(($C$5:$C$68=$B75)*$H$5:$H$68),IFERROR(SUMPRODUCT(($D$5:$D$68=$B75)*G$5:G$68,$H$5:$H$68)/SUM(($D$5:$D$68=$B75)*$H$5:$H$68),SUMPRODUCT(($E$5:$E$68=$B75)*G$5:G$68,$H$5:$H$68)/SUM(($E$5:$E$68=$B75)*$H$5:$H$68))))} -> 1.1838611 | J75: {=IFERROR(SUMPRODUCT(($B$5:$B$68=$B75)*J$5:J$68,$K$5:$K$68)/SUM(($B$5:$B$68=$B75)*$K$5:$K$68),IFERROR(SUMPRODUCT(($C$5:$C$68=$B75)*J$5:J$68,$K$5:$K$68)/SUM(($C$5:$C$68=$B75)*$K$5:$K$68),IFERROR(SUMPRODUCT(($D$5:$D$68=$B75)*J$5:J$68,$K$5:$K$68)/SUM(($D$5:$D$68=$B75)*$K$5:$K$68),SUMPRODUCT(($E$5:$E$68=$B75)*J$5:J$68,$K$5:$K$68)/SUM(($E$5:$E$68=$B75)*$K$5:$K$68))))} -> 1.0013516 | Q75: =J75/SUM(R75:S75)*1000 -> 33.615108 | R75: {=IFERROR(SUMPRODUCT(($B$5:$B$68=$B75)*R$5:R$68,$P$5:$P$68)/SUM(($B$5:$B$68=$B75)*$P$5:$P$68),IFERROR(SUMPRODUCT(($C$5:$C$68=$B75)*R$5:R$68,$P$5:$P$68)/SUM(($C$5:$C$68=$B75)*$P$5:$P$68),IFERROR(SUMPRODUCT(($D$5:$D$68=$B75)*R$5:R$68,$P$5:$P$68)/SUM(($D$5:$D$68=$B75)*$P$5:$P$68),SUMPRODUCT(($E$5:$E$68=$B75)*R$5:R$68,$P$5:$P$68)/SUM(($E$5:$E$68=$B75)*$P$5:$P$68))))} -> 2.6802341 | S75: {=IFERROR(SUMPRODUCT(($B$5:$B$68=$B75)*S$5:S$68,$P$5:$P$68)/SUM(($B$5:$B$68=$B75)*$P$5:$P$68),IFERROR(SUMPRODUCT(($C$5:$C$68=$B75)*S$5:S$68,$P$5:$P$68)/SUM(($C$5:$C$68=$B75)*$P$5:$P$68),IFERROR(SUMPRODUCT(($D$5:$D$68=$B75)*S$5:S$68,$P$5:$P$68)/SUM(($D$5:$D$68=$B75)*$P$5:$P$68),SUMPRODUCT(($E$5:$E$68=$B75)*S$5:S$68,$P$5:$P$68)/SUM(($E$5:$E$68=$B75)*$P$5:$P$68))))} -> 27.108503 | T75: {=IFERROR(SUMPRODUCT(($B$5:$B$68=$B75)*T$5:T$68,$P$5:$P$68)/SUM(($B$5:$B$68=$B75)*$P$5:$P$68),IFERROR(SUMPRODUCT(($C$5:$C$68=$B75)*T$5:T$68,$P$5:$P$68)/SUM(($C$5:$C$68=$B75)*$P$5:$P$68),IFERROR(SUMPRODUCT(($D$5:$D$68=$B75)*T$5:T$68,$P$5:$P$68)/SUM(($D$5:$D$68=$B75)*$P$5:$P$68),SUMPRODUCT(($E$5:$E$68=$B75)*T$5:T$68,$P$5:$P$68)/SUM(($E$5:$E$68=$B75)*$P$5:$P$68))))} -> 6.4565313 | U75: {=IFERROR(SUMPRODUCT(($B$5:$B$68=$B75)*U$5:U$68,$P$5:$P$68)/SUM(($B$5:$B$68=$B75)*$P$5:$P$68),IFERROR(SUMPRODUCT(($C$5:$C$68=$B75)*U$5:U$68,$P$5:$P$68)/SUM(($C$5:$C$68=$B75)*$P$5:$P$68),IFERROR(SUMPRODUCT(($D$5:$D$68=$B75)*U$5:U$68,$P$5:$P$68)/SUM(($D$5:$D$68=$B75)*$P$5:$P$68),SUMPRODUCT(($E$5:$E$68=$B75)*U$5:U$68,$P$5:$P$68)/SUM(($E$5:$E$68=$B75)*$P$5:$P$68))))} -> 10.152713 | V75: {=IFERROR(SUMPRODUCT(($B$5:$B$68=$B75)*V$5:V$68,$P$5:$P$68)/SUM(($B$5:$B$68=$B75)*$P$5:$P$68),IFERROR(SUMPRODUCT(($C$5:$C$68=$B75)*V$5:V$68,$P$5:$P$68)/SUM(($C$5:$C$68=$B75)*$P$5:$P$68),IFERROR(SUMPRODUCT(($D$5:$D$68=$B75)*V$5:V$68,$P$5:$P$68)/SUM(($D$5:$D$68=$B75)*$P$5:$P$68),SUMPRODUCT(($E$5:$E$68=$B75)*V$5:V$68,$P$5:$P$68)/SUM(($E$5:$E$68=$B75)*$P$5:$P$68))))} -> 0 | W75: {=IFERROR(SUMPRODUCT(($B$5:$B$68=$B75)*W$5:W$68,$P$5:$P$68)/SUM(($B$5:$B$68=$B75)*$P$5:$P$68),IFERROR(SUMPRODUCT(($C$5:$C$68=$B75)*W$5:W$68,$P$5:$P$68)/SUM(($C$5:$C$68=$B75)*$P$5:$P$68),IFERROR(SUMPRODUCT(($D$5:$D$68=$B75)*W$5:W$68,$P$5:$P$68)/SUM(($D$5:$D$68=$B75)*$P$5:$P$68),SUMPRODUCT(($E$5:$E$68=$B75)*W$5:W$68,$P$5:$P$68)/SUM(($E$5:$E$68=$B75)*$P$5:$P$68))))} -> 0.81763153 | X75: {=IFERROR(SUMPRODUCT(($B$5:$B$68=$B75)*X$5:X$68,$P$5:$P$68)/SUM(($B$5:$B$68=$B75)*$P$5:$P$68),IFERROR(SUMPRODUCT(($C$5:$C$68=$B75)*X$5:X$68,$P$5:$P$68)/SUM(($C$5:$C$68=$B75)*$P$5:$P$68),IFERROR(SUMPRODUCT(($D$5:$D$68=$B75)*X$5:X$68,$P$5:$P$68)/SUM(($D$5:$D$68=$B75)*$P$5:$P$68),SUMPRODUCT(($E$5:$E$68=$B75)*X$5:X$68,$P$5:$P$68)/SUM(($E$5:$E$68=$B75)*$P$5:$P$68))))} -> 39.22453 | AD75: {=IFERROR(SUMPRODUCT(($B$5:$B$68=$B75)*AD$5:AD$68,$P$5:$P$68)/SUM(($B$5:$B$68=$B75)*$P$5:$P$68),IFERROR(SUMPRODUCT(($C$5:$C$68=$B75)*AD$5:AD$68,$P$5:$P$68)/SUM(($C$5:$C$68=$B75)*$P$5:$P$68),IFERROR(SUMPRODUCT(($D$5:$D$68=$B75)*AD$5:AD$68,$P$5:$P$68)/SUM(($D$5:$D$68=$B75)*$P$5:$P$68),SUMPRODUCT(($E$5:$E$68=$B75)*AD$5:AD$68,$P$5:$P$68)/SUM(($E$5:$E$68=$B75)*$P$5:$P$68))))} -> 0.812 | AE75: {=IFERROR(SUMPRODUCT(($B$5:$B$68=$B75)*AE$5:AE$68,$P$5:$P$68)/SUM(($B$5:$B$68=$B75)*$P$5:$P$68),IFERROR(SUMPRODUCT(($C$5:$C$68=$B75)*AE$5:AE$68,$P$5:$P$68)/SUM(($C$5:$C$68=$B75)*$P$5:$P$68),IFERROR(SUMPRODUCT(($D$5:$D$68=$B75)*AE$5:AE$68,$P$5:$P$68)/SUM(($D$5:$D$68=$B75)*$P$5:$P$68),SUMPRODUCT(($E$5:$E$68=$B75)*AE$5:AE$68,$P$5:$P$68)/SUM(($E$5:$E$68=$B75)*$P$5:$P$68))))} -> 0.739 | AG75: {=IFERROR(SUMPRODUCT(($B$5:$B$68=$B75)*AG$5:AG$68,$P$5:$P$68)/SUM(($B$5:$B$68=$B75)*$P$5:$P$68),IFERROR(SUMPRODUCT(($C$5:$C$68=$B75)*AG$5:AG$68,$P$5:$P$68)/SUM(($C$5:$C$68=$B75)*$P$5:$P$68),IFERROR(SUMPRODUCT(($D$5:$D$68=$B75)*AG$5:AG$68,$P$5:$P$68)/SUM(($D$5:$D$68=$B75)*$P$5:$P$68),SUMPRODUCT(($E$5:$E$68=$B75)*AG$5:AG$68,$P$5:$P$68)/SUM(($E$5:$E$68=$B75)*$P$5:$P$68))))} -> 1.326565 | AH75: {=IFERROR(SUMPRODUCT(($B$5:$B$68=$B75)*AH$5:AH$68,$P$5:$P$68)/SUM(($B$5:$B$68=$B75)*$P$5:$P$68),IFERROR(SUMPRODUCT(($C$5:$C$68=$B75)*AH$5:AH$68,$P$5:$P$68)/SUM(($C$5:$C$68=$B75)*$P$5:$P$68),IFERROR(SUMPRODUCT(($D$5:$D$68=$B75)*AH$5:AH$68,$P$5:$P$68)/SUM(($D$5:$D$68=$B75)*$P$5:$P$68),SUMPRODUCT(($E$5:$E$68=$B75)*AH$5:AH$68,$P$5:$P$68)/SUM(($E$5:$E$68=$B75)*$P$5:$P$68))))} -> 6.8406135
A76: Hydrogen and synthetic gas [WA] | B76: Hydrogen and Syngas | G76: {=IFERROR(SUMPRODUCT(($B$5:$B$68=$B76)*G$5:G$68,$H$5:$H$68)/SUM(($B$5:$B$68=$B76)*$H$5:$H$68),IFERROR(SUMPRODUCT(($C$5:$C$68=$B76)*G$5:G$68,$H$5:$H$68)/SUM(($C$5:$C$68=$B76)*$H$5:$H$68),IFERROR(SUMPRODUCT(($D$5:$D$68=$B76)*G$5:G$68,$H$5:$H$68)/SUM(($D$5:$D$68=$B76)*$H$5:$H$68),SUMPRODUCT(($E$5:$E$68=$B76)*G$5:G$68,$H$5:$H$68)/SUM(($E$5:$E$68=$B76)*$H$5:$H$68))))} -> 8.4591606 | J76: {=IFERROR(SUMPRODUCT(($B$5:$B$68=$B76)*J$5:J$68,$K$5:$K$68)/SUM(($B$5:$B$68=$B76)*$K$5:$K$68),IFERROR(SUMPRODUCT(($C$5:$C$68=$B76)*J$5:J$68,$K$5:$K$68)/SUM(($C$5:$C$68=$B76)*$K$5:$K$68),IFERROR(SUMPRODUCT(($D$5:$D$68=$B76)*J$5:J$68,$K$5:$K$68)/SUM(($D$5:$D$68=$B76)*$K$5:$K$68),SUMPRODUCT(($E$5:$E$68=$B76)*J$5:J$68,$K$5:$K$68)/SUM(($E$5:$E$68=$B76)*$K$5:$K$68))))} -> 6.4483962 | Q76: =J76/SUM(R76:S76)*1000 -> 53.71514 | R76: {=IFERROR(SUMPRODUCT(($B$5:$B$68=$B76)*R$5:R$68,$P$5:$P$68)/SUM(($B$5:$B$68=$B76)*$P$5:$P$68),IFERROR(SUMPRODUCT(($C$5:$C$68=$B76)*R$5:R$68,$P$5:$P$68)/SUM(($C$5:$C$68=$B76)*$P$5:$P$68),IFERROR(SUMPRODUCT(($D$5:$D$68=$B76)*R$5:R$68,$P$5:$P$68)/SUM(($D$5:$D$68=$B76)*$P$5:$P$68),SUMPRODUCT(($E$5:$E$68=$B76)*R$5:R$68,$P$5:$P$68)/SUM(($E$5:$E$68=$B76)*$P$5:$P$68))))} -> 0 | S76: {=IFERROR(SUMPRODUCT(($B$5:$B$68=$B76)*S$5:S$68,$P$5:$P$68)/SUM(($B$5:$B$68=$B76)*$P$5:$P$68),IFERROR(SUMPRODUCT(($C$5:$C$68=$B76)*S$5:S$68,$P$5:$P$68)/SUM(($C$5:$C$68=$B76)*$P$5:$P$68),IFERROR(SUMPRODUCT(($D$5:$D$68=$B76)*S$5:S$68,$P$5:$P$68)/SUM(($D$5:$D$68=$B76)*$P$5:$P$68),SUMPRODUCT(($E$5:$E$68=$B76)*S$5:S$68,$P$5:$P$68)/SUM(($E$5:$E$68=$B76)*$P$5:$P$68))))} -> 120.04802 | T76: {=IFERROR(SUMPRODUCT(($B$5:$B$68=$B76)*T$5:T$68,$P$5:$P$68)/SUM(($B$5:$B$68=$B76)*$P$5:$P$68),IFERROR(SUMPRODUCT(($C$5:$C$68=$B76)*T$5:T$68,$P$5:$P$68)/SUM(($C$5:$C$68=$B76)*$P$5:$P$68),IFERROR(SUMPRODUCT(($D$5:$D$68=$B76)*T$5:T$68,$P$5:$P$68)/SUM(($D$5:$D$68=$B76)*$P$5:$P$68),SUMPRODUCT(($E$5:$E$68=$B76)*T$5:T$68,$P$5:$P$68)/SUM(($E$5:$E$68=$B76)*$P$5:$P$68))))} -> 0 | U76: {=IFERROR(SUMPRODUCT(($B$5:$B$68=$B76)*U$5:U$68,$P$5:$P$68)/SUM(($B$5:$B$68=$B76)*$P$5:$P$68),IFERROR(SUMPRODUCT(($C$5:$C$68=$B76)*U$5:U$68,$P$5:$P$68)/SUM(($C$5:$C$68=$B76)*$P$5:$P$68),IFERROR(SUMPRODUCT(($D$5:$D$68=$B76)*U$5:U$68,$P$5:$P$68)/SUM(($D$5:$D$68=$B76)*$P$5:$P$68),SUMPRODUCT(($E$5:$E$68=$B76)*U$5:U$68,$P$5:$P$68)/SUM(($E$5:$E$68=$B76)*$P$5:$P$68))))} -> 0 | V76: {=IFERROR(SUMPRODUCT(($B$5:$B$68=$B76)*V$5:V$68,$P$5:$P$68)/SUM(($B$5:$B$68=$B76)*$P$5:$P$68),IFERROR(SUMPRODUCT(($C$5:$C$68=$B76)*V$5:V$68,$P$5:$P$68)/SUM(($C$5:$C$68=$B76)*$P$5:$P$68),IFERROR(SUMPRODUCT(($D$5:$D$68=$B76)*V$5:V$68,$P$5:$P$68)/SUM(($D$5:$D$68=$B76)*$P$5:$P$68),SUMPRODUCT(($E$5:$E$68=$B76)*V$5:V$68,$P$5:$P$68)/SUM(($E$5:$E$68=$B76)*$P$5:$P$68))))} -> 0 | W76: {=IFERROR(SUMPRODUCT(($B$5:$B$68=$B76)*W$5:W$68,$P$5:$P$68)/SUM(($B$5:$B$68=$B76)*$P$5:$P$68),IFERROR(SUMPRODUCT(($C$5:$C$68=$B76)*W$5:W$68,$P$5:$P$68)/SUM(($C$5:$C$68=$B76)*$P$5:$P$68),IFERROR(SUMPRODUCT(($D$5:$D$68=$B76)*W$5:W$68,$P$5:$P$68)/SUM(($D$5:$D$68=$B76)*$P$5:$P$68),SUMPRODUCT(($E$5:$E$68=$B76)*W$5:W$68,$P$5:$P$68)/SUM(($E$5:$E$68=$B76)*$P$5:$P$68))))} -> 0 | X76: {=IFERROR(SUMPRODUCT(($B$5:$B$68=$B76)*X$5:X$68,$P$5:$P$68)/SUM(($B$5:$B$68=$B76)*$P$5:$P$68),IFERROR(SUMPRODUCT(($C$5:$C$68=$B76)*X$5:X$68,$P$5:$P$68)/SUM(($C$5:$C$68=$B76)*$P$5:$P$68),IFERROR(SUMPRODUCT(($D$5:$D$68=$B76)*X$5:X$68,$P$5:$P$68)/SUM(($D$5:$D$68=$B76)*$P$5:$P$68),SUMPRODUCT(($E$5:$E$68=$B76)*X$5:X$68,$P$5:$P$68)/SUM(($E$5:$E$68=$B76)*$P$5:$P$68))))} -> 3.6 | AD76: {=IFERROR(SUMPRODUCT(($B$5:$B$68=$B76)*AD$5:AD$68,$P$5:$P$68)/SUM(($B$5:$B$68=$B76)*$P$5:$P$68),IFERROR(SUMPRODUCT(($C$5:$C$68=$B76)*AD$5:AD$68,$P$5:$P$68)/SUM(($C$5:$C$68=$B76)*$P$5:$P$68),IFERROR(SUMPRODUCT(($D$5:$D$68=$B76)*AD$5:AD$68,$P$5:$P$68)/SUM(($D$5:$D$68=$B76)*$P$5:$P$68),SUMPRODUCT(($E$5:$E$68=$B76)*AD$5:AD$68,$P$5:$P$68)/SUM(($E$5:$E$68=$B76)*$P$5:$P$68))))} -> 0.812 | AE76: {=IFERROR(SUMPRODUCT(($B$5:$B$68=$B76)*AE$5:AE$68,$P$5:$P$68)/SUM(($B$5:$B$68=$B76)*$P$5:$P$68),IFERROR(SUMPRODUCT(($C$5:$C$68=$B76)*AE$5:AE$68,$P$5:$P$68)/SUM(($C$5:$C$68=$B76)*$P$5:$P$68),IFERROR(SUMPRODUCT(($D$5:$D$68=$B76)*AE$5:AE$68,$P$5:$P$68)/SUM(($D$5:$D$68=$B76)*$P$5:$P$68),SUMPRODUCT(($E$5:$E$68=$B76)*AE$5:AE$68,$P$5:$P$68)/SUM(($E$5:$E$68=$B76)*$P$5:$P$68))))} -> 0.739 | AG76: {=IFERROR(SUMPRODUCT(($B$5:$B$68=$B76)*AG$5:AG$68,$P$5:$P$68)/SUM(($B$5:$B$68=$B76)*$P$5:$P$68),IFERROR(SUMPRODUCT(($C$5:$C$68=$B76)*AG$5:AG$68,$P$5:$P$68)/SUM(($C$5:$C$68=$B76)*$P$5:$P$68),IFERROR(SUMPRODUCT(($D$5:$D$68=$B76)*AG$5:AG$68,$P$5:$P$68)/SUM(($D$5:$D$68=$B76)*$P$5:$P$68),SUMPRODUCT(($E$5:$E$68=$B76)*AG$5:AG$68,$P$5:$P$68)/SUM(($E$5:$E$68=$B76)*$P$5:$P$68))))} -> 1.2983192 | AH76: {=IFERROR(SUMPRODUCT(($B$5:$B$68=$B76)*AH$5:AH$68,$P$5:$P$68)/SUM(($B$5:$B$68=$B76)*$P$5:$P$68),IFERROR(SUMPRODUCT(($C$5:$C$68=$B76)*AH$5:AH$68,$P$5:$P$68)/SUM(($C$5:$C$68=$B76)*$P$5:$P$68),IFERROR(SUMPRODUCT(($D$5:$D$68=$B76)*AH$5:AH$68,$P$5:$P$68)/SUM(($D$5:$D$68=$B76)*$P$5:$P$68),SUMPRODUCT(($E$5:$E$68=$B76)*AH$5:AH$68,$P$5:$P$68)/SUM(($E$5:$E$68=$B76)*$P$5:$P$68))))} -> 4.8395672
A77: Iron & Steel - Integrated [WA] | B77: Integrated Steel | G77: {=IFERROR(SUMPRODUCT(($B$5:$B$68=$B77)*G$5:G$68,$H$5:$H$68)/SUM(($B$5:$B$68=$B77)*$H$5:$H$68),IFERROR(SUMPRODUCT(($C$5:$C$68=$B77)*G$5:G$68,$H$5:$H$68)/SUM(($C$5:$C$68=$B77)*$H$5:$H$68),IFERROR(SUMPRODUCT(($D$5:$D$68=$B77)*G$5:G$68,$H$5:$H$68)/SUM(($D$5:$D$68=$B77)*$H$5:$H$68),SUMPRODUCT(($E$5:$E$68=$B77)*G$5:G$68,$H$5:$H$68)/SUM(($E$5:$E$68=$B77)*$H$5:$H$68))))} -> 1.495 | J77: {=IFERROR(SUMPRODUCT(($B$5:$B$68=$B77)*J$5:J$68,$K$5:$K$68)/SUM(($B$5:$B$68=$B77)*$K$5:$K$68),IFERROR(SUMPRODUCT(($C$5:$C$68=$B77)*J$5:J$68,$K$5:$K$68)/SUM(($C$5:$C$68=$B77)*$K$5:$K$68),IFERROR(SUMPRODUCT(($D$5:$D$68=$B77)*J$5:J$68,$K$5:$K$68)/SUM(($D$5:$D$68=$B77)*$K$5:$K$68),SUMPRODUCT(($E$5:$E$68=$B77)*J$5:J$68,$K$5:$K$68)/SUM(($E$5:$E$68=$B77)*$K$5:$K$68))))} -> 1.288 | Q77: =J77/SUM(R77:S77)*1000 -> 59.136823 | R77: {=IFERROR(SUMPRODUCT(($B$5:$B$68=$B77)*R$5:R$68,$P$5:$P$68)/SUM(($B$5:$B$68=$B77)*$P$5:$P$68),IFERROR(SUMPRODUCT(($C$5:$C$68=$B77)*R$5:R$68,$P$5:$P$68)/SUM(($C$5:$C$68=$B77)*$P$5:$P$68),IFERROR(SUMPRODUCT(($D$5:$D$68=$B77)*R$5:R$68,$P$5:$P$68)/SUM(($D$5:$D$68=$B77)*$P$5:$P$68),SUMPRODUCT(($E$5:$E$68=$B77)*R$5:R$68,$P$5:$P$68)/SUM(($E$5:$E$68=$B77)*$P$5:$P$68))))} -> 14.976 | S77: {=IFERROR(SUMPRODUCT(($B$5:$B$68=$B77)*S$5:S$68,$P$5:$P$68)/SUM(($B$5:$B$68=$B77)*$P$5:$P$68),IFERROR(SUMPRODUCT(($C$5:$C$68=$B77)*S$5:S$68,$P$5:$P$68)/SUM(($C$5:$C$68=$B77)*$P$5:$P$68),IFERROR(SUMPRODUCT(($D$5:$D$68=$B77)*S$5:S$68,$P$5:$P$68)/SUM(($D$5:$D$68=$B77)*$P$5:$P$68),SUMPRODUCT(($E$5:$E$68=$B77)*S$5:S$68,$P$5:$P$68)/SUM(($E$5:$E$68=$B77)*$P$5:$P$68))))} -> 6.804 | T77: {=IFERROR(SUMPRODUCT(($B$5:$B$68=$B77)*T$5:T$68,$P$5:$P$68)/SUM(($B$5:$B$68=$B77)*$P$5:$P$68),IFERROR(SUMPRODUCT(($C$5:$C$68=$B77)*T$5:T$68,$P$5:$P$68)/SUM(($C$5:$C$68=$B77)*$P$5:$P$68),IFERROR(SUMPRODUCT(($D$5:$D$68=$B77)*T$5:T$68,$P$5:$P$68)/SUM(($D$5:$D$68=$B77)*$P$5:$P$68),SUMPRODUCT(($E$5:$E$68=$B77)*T$5:T$68,$P$5:$P$68)/SUM(($E$5:$E$68=$B77)*$P$5:$P$68))))} -> 0 | U77: {=IFERROR(SUMPRODUCT(($B$5:$B$68=$B77)*U$5:U$68,$P$5:$P$68)/SUM(($B$5:$B$68=$B77)*$P$5:$P$68),IFERROR(SUMPRODUCT(($C$5:$C$68=$B77)*U$5:U$68,$P$5:$P$68)/SUM(($C$5:$C$68=$B77)*$P$5:$P$68),IFERROR(SUMPRODUCT(($D$5:$D$68=$B77)*U$5:U$68,$P$5:$P$68)/SUM(($D$5:$D$68=$B77)*$P$5:$P$68),SUMPRODUCT(($E$5:$E$68=$B77)*U$5:U$68,$P$5:$P$68)/SUM(($E$5:$E$68=$B77)*$P$5:$P$68))))} -> 0 | V77: {=IFERROR(SUMPRODUCT(($B$5:$B$68=$B77)*V$5:V$68,$P$5:$P$68)/SUM(($B$5:$B$68=$B77)*$P$5:$P$68),IFERROR(SUMPRODUCT(($C$5:$C$68=$B77)*V$5:V$68,$P$5:$P$68)/SUM(($C$5:$C$68=$B77)*$P$5:$P$68),IFERROR(SUMPRODUCT(($D$5:$D$68=$B77)*V$5:V$68,$P$5:$P$68)/SUM(($D$5:$D$68=$B77)*$P$5:$P$68),SUMPRODUCT(($E$5:$E$68=$B77)*V$5:V$68,$P$5:$P$68)/SUM(($E$5:$E$68=$B77)*$P$5:$P$68))))} -> 6.05 | W77: {=IFERROR(SUMPRODUCT(($B$5:$B$68=$B77)*W$5:W$68,$P$5:$P$68)/SUM(($B$5:$B$68=$B77)*$P$5:$P$68),IFERROR(SUMPRODUCT(($C$5:$C$68=$B77)*W$5:W$68,$P$5:$P$68)/SUM(($C$5:$C$68=$B77)*$P$5:$P$68),IFERROR(SUMPRODUCT(($D$5:$D$68=$B77)*W$5:W$68,$P$5:$P$68)/SUM(($D$5:$D$68=$B77)*$P$5:$P$68),SUMPRODUCT(($E$5:$E$68=$B77)*W$5:W$68,$P$5:$P$68)/SUM(($E$5:$E$68=$B77)*$P$5:$P$68))))} -> 4.13424 | X77: {=IFERROR(SUMPRODUCT(($B$5:$B$68=$B77)*X$5:X$68,$P$5:$P$68)/SUM(($B$5:$B$68=$B77)*$P$5:$P$68),IFERROR(SUMPRODUCT(($C$5:$C$68=$B77)*X$5:X$68,$P$5:$P$68)/SUM(($C$5:$C$68=$B77)*$P$5:$P$68),IFERROR(SUMPRODUCT(($D$5:$D$68=$B77)*X$5:X$68,$P$5:$P$68)/SUM(($D$5:$D$68=$B77)*$P$5:$P$68),SUMPRODUCT(($E$5:$E$68=$B77)*X$5:X$68,$P$5:$P$68)/SUM(($E$5:$E$68=$B77)*$P$5:$P$68))))} -> 6.47352 | AD77: {=IFERROR(SUMPRODUCT(($B$5:$B$68=$B77)*AD$5:AD$68,$P$5:$P$68)/SUM(($B$5:$B$68=$B77)*$P$5:$P$68),IFERROR(SUMPRODUCT(($C$5:$C$68=$B77)*AD$5:AD$68,$P$5:$P$68)/SUM(($C$5:$C$68=$B77)*$P$5:$P$68),IFERROR(SUMPRODUCT(($D$5:$D$68=$B77)*AD$5:AD$68,$P$5:$P$68)/SUM(($D$5:$D$68=$B77)*$P$5:$P$68),SUMPRODUCT(($E$5:$E$68=$B77)*AD$5:AD$68,$P$5:$P$68)/SUM(($E$5:$E$68=$B77)*$P$5:$P$68))))} -> 0.481 | AE77: {=IFERROR(SUMPRODUCT(($B$5:$B$68=$B77)*AE$5:AE$68,$P$5:$P$68)/SUM(($B$5:$B$68=$B77)*$P$5:$P$68),IFERROR(SUMPRODUCT(($C$5:$C$68=$B77)*AE$5:AE$68,$P$5:$P$68)/SUM(($C$5:$C$68=$B77)*$P$5:$P$68),IFERROR(SUMPRODUCT(($D$5:$D$68=$B77)*AE$5:AE$68,$P$5:$P$68)/SUM(($D$5:$D$68=$B77)*$P$5:$P$68),SUMPRODUCT(($E$5:$E$68=$B77)*AE$5:AE$68,$P$5:$P$68)/SUM(($E$5:$E$68=$B77)*$P$5:$P$68))))} -> 0.412 | AG77: {=IFERROR(SUMPRODUCT(($B$5:$B$68=$B77)*AG$5:AG$68,$P$5:$P$68)/SUM(($B$5:$B$68=$B77)*$P$5:$P$68),IFERROR(SUMPRODUCT(($C$5:$C$68=$B77)*AG$5:AG$68,$P$5:$P$68)/SUM(($C$5:$C$68=$B77)*$P$5:$P$68),IFERROR(SUMPRODUCT(($D$5:$D$68=$B77)*AG$5:AG$68,$P$5:$P$68)/SUM(($D$5:$D$68=$B77)*$P$5:$P$68),SUMPRODUCT(($E$5:$E$68=$B77)*AG$5:AG$68,$P$5:$P$68)/SUM(($E$5:$E$68=$B77)*$P$5:$P$68))))} -> 1.2895889 | AH77: {=IFERROR(SUMPRODUCT(($B$5:$B$68=$B77)*AH$5:AH$68,$P$5:$P$68)/SUM(($B$5:$B$68=$B77)*$P$5:$P$68),IFERROR(SUMPRODUCT(($C$5:$C$68=$B77)*AH$5:AH$68,$P$5:$P$68)/SUM(($C$5:$C$68=$B77)*$P$5:$P$68),IFERROR(SUMPRODUCT(($D$5:$D$68=$B77)*AH$5:AH$68,$P$5:$P$68)/SUM(($D$5:$D$68=$B77)*$P$5:$P$68),SUMPRODUCT(($E$5:$E$68=$B77)*AH$5:AH$68,$P$5:$P$68)/SUM(($E$5:$E$68=$B77)*$P$5:$P$68))))} -> 0.59422748
A78: Iron & Steel - Processing [WA] | B78: Steel Processing | G78: {=IFERROR(SUMPRODUCT(($B$5:$B$68=$B78)*G$5:G$68,$H$5:$H$68)/SUM(($B$5:$B$68=$B78)*$H$5:$H$68),IFERROR(SUMPRODUCT(($C$5:$C$68=$B78)*G$5:G$68,$H$5:$H$68)/SUM(($C$5:$C$68=$B78)*$H$5:$H$68),IFERROR(SUMPRODUCT(($D$5:$D$68=$B78)*G$5:G$68,$H$5:$H$68)/SUM(($D$5:$D$68=$B78)*$H$5:$H$68),SUMPRODUCT(($E$5:$E$68=$B78)*G$5:G$68,$H$5:$H$68)/SUM(($E$5:$E$68=$B78)*$H$5:$H$68))))} -> 0.28693461 | J78: {=IFERROR(SUMPRODUCT(($B$5:$B$68=$B78)*J$5:J$68,$K$5:$K$68)/SUM(($B$5:$B$68=$B78)*$K$5:$K$68),IFERROR(SUMPRODUCT(($C$5:$C$68=$B78)*J$5:J$68,$K$5:$K$68)/SUM(($C$5:$C$68=$B78)*$K$5:$K$68),IFERROR(SUMPRODUCT(($D$5:$D$68=$B78)*J$5:J$68,$K$5:$K$68)/SUM(($D$5:$D$68=$B78)*$K$5:$K$68),SUMPRODUCT(($E$5:$E$68=$B78)*J$5:J$68,$K$5:$K$68)/SUM(($E$5:$E$68=$B78)*$K$5:$K$68))))} -> 0.24234523 | Q78: =J78/SUM(R78:S78)*1000 -> 97.846104 | R78: {=IFERROR(SUMPRODUCT(($B$5:$B$68=$B78)*R$5:R$68,$P$5:$P$68)/SUM(($B$5:$B$68=$B78)*$P$5:$P$68),IFERROR(SUMPRODUCT(($C$5:$C$68=$B78)*R$5:R$68,$P$5:$P$68)/SUM(($C$5:$C$68=$B78)*$P$5:$P$68),IFERROR(SUMPRODUCT(($D$5:$D$68=$B78)*R$5:R$68,$P$5:$P$68)/SUM(($D$5:$D$68=$B78)*$P$5:$P$68),SUMPRODUCT(($E$5:$E$68=$B78)*R$5:R$68,$P$5:$P$68)/SUM(($E$5:$E$68=$B78)*$P$5:$P$68))))} -> 2.4768 | S78: {=IFERROR(SUMPRODUCT(($B$5:$B$68=$B78)*S$5:S$68,$P$5:$P$68)/SUM(($B$5:$B$68=$B78)*$P$5:$P$68),IFERROR(SUMPRODUCT(($C$5:$C$68=$B78)*S$5:S$68,$P$5:$P$68)/SUM(($C$5:$C$68=$B78)*$P$5:$P$68),IFERROR(SUMPRODUCT(($D$5:$D$68=$B78)*S$5:S$68,$P$5:$P$68)/SUM(($D$5:$D$68=$B78)*$P$5:$P$68),SUMPRODUCT(($E$5:$E$68=$B78)*S$5:S$68,$P$5:$P$68)/SUM(($E$5:$E$68=$B78)*$P$5:$P$68))))} -> 0 | T78: {=IFERROR(SUMPRODUCT(($B$5:$B$68=$B78)*T$5:T$68,$P$5:$P$68)/SUM(($B$5:$B$68=$B78)*$P$5:$P$68),IFERROR(SUMPRODUCT(($C$5:$C$68=$B78)*T$5:T$68,$P$5:$P$68)/SUM(($C$5:$C$68=$B78)*$P$5:$P$68),IFERROR(SUMPRODUCT(($D$5:$D$68=$B78)*T$5:T$68,$P$5:$P$68)/SUM(($D$5:$D$68=$B78)*$P$5:$P$68),SUMPRODUCT(($E$5:$E$68=$B78)*T$5:T$68,$P$5:$P$68)/SUM(($E$5:$E$68=$B78)*$P$5:$P$68))))} -> 0 | U78: {=IFERROR(SUMPRODUCT(($B$5:$B$68=$B78)*U$5:U$68,$P$5:$P$68)/SUM(($B$5:$B$68=$B78)*$P$5:$P$68),IFERROR(SUMPRODUCT(($C$5:$C$68=$B78)*U$5:U$68,$P$5:$P$68)/SUM(($C$5:$C$68=$B78)*$P$5:$P$68),IFERROR(SUMPRODUCT(($D$5:$D$68=$B78)*U$5:U$68,$P$5:$P$68)/SUM(($D$5:$D$68=$B78)*$P$5:$P$68),SUMPRODUCT(($E$5:$E$68=$B78)*U$5:U$68,$P$5:$P$68)/SUM(($E$5:$E$68=$B78)*$P$5:$P$68))))} -> 0 | V78: {=IFERROR(SUMPRODUCT(($B$5:$B$68=$B78)*V$5:V$68,$P$5:$P$68)/SUM(($B$5:$B$68=$B78)*$P$5:$P$68),IFERROR(SUMPRODUCT(($C$5:$C$68=$B78)*V$5:V$68,$P$5:$P$68)/SUM(($C$5:$C$68=$B78)*$P$5:$P$68),IFERROR(SUMPRODUCT(($D$5:$D$68=$B78)*V$5:V$68,$P$5:$P$68)/SUM(($D$5:$D$68=$B78)*$P$5:$P$68),SUMPRODUCT(($E$5:$E$68=$B78)*V$5:V$68,$P$5:$P$68)/SUM(($E$5:$E$68=$B78)*$P$5:$P$68))))} -> 2.2 | W78: {=IFERROR(SUMPRODUCT(($B$5:$B$68=$B78)*W$5:W$68,$P$5:$P$68)/SUM(($B$5:$B$68=$B78)*$P$5:$P$68),IFERROR(SUMPRODUCT(($C$5:$C$68=$B78)*W$5:W$68,$P$5:$P$68)/SUM(($C$5:$C$68=$B78)*$P$5:$P$68),IFERROR(SUMPRODUCT(($D$5:$D$68=$B78)*W$5:W$68,$P$5:$P$68)/SUM(($D$5:$D$68=$B78)*$P$5:$P$68),SUMPRODUCT(($E$5:$E$68=$B78)*W$5:W$68,$P$5:$P$68)/SUM(($E$5:$E$68=$B78)*$P$5:$P$68))))} -> 4.13424 | X78: {=IFERROR(SUMPRODUCT(($B$5:$B$68=$B78)*X$5:X$68,$P$5:$P$68)/SUM(($B$5:$B$68=$B78)*$P$5:$P$68),IFERROR(SUMPRODUCT(($C$5:$C$68=$B78)*X$5:X$68,$P$5:$P$68)/SUM(($C$5:$C$68=$B78)*$P$5:$P$68),IFERROR(SUMPRODUCT(($D$5:$D$68=$B78)*X$5:X$68,$P$5:$P$68)/SUM(($D$5:$D$68=$B78)*$P$5:$P$68),SUMPRODUCT(($E$5:$E$68=$B78)*X$5:X$68,$P$5:$P$68)/SUM(($E$5:$E$68=$B78)*$P$5:$P$68))))} -> 6.47352 | AD78: {=IFERROR(SUMPRODUCT(($B$5:$B$68=$B78)*AD$5:AD$68,$P$5:$P$68)/SUM(($B$5:$B$68=$B78)*$P$5:$P$68),IFERROR(SUMPRODUCT(($C$5:$C$68=$B78)*AD$5:AD$68,$P$5:$P$68)/SUM(($C$5:$C$68=$B78)*$P$5:$P$68),IFERROR(SUMPRODUCT(($D$5:$D$68=$B78)*AD$5:AD$68,$P$5:$P$68)/SUM(($D$5:$D$68=$B78)*$P$5:$P$68),SUMPRODUCT(($E$5:$E$68=$B78)*AD$5:AD$68,$P$5:$P$68)/SUM(($E$5:$E$68=$B78)*$P$5:$P$68))))} -> 0.481 | AE78: {=IFERROR(SUMPRODUCT(($B$5:$B$68=$B78)*AE$5:AE$68,$P$5:$P$68)/SUM(($B$5:$B$68=$B78)*$P$5:$P$68),IFERROR(SUMPRODUCT(($C$5:$C$68=$B78)*AE$5:AE$68,$P$5:$P$68)/SUM(($C$5:$C$68=$B78)*$P$5:$P$68),IFERROR(SUMPRODUCT(($D$5:$D$68=$B78)*AE$5:AE$68,$P$5:$P$68)/SUM(($D$5:$D$68=$B78)*$P$5:$P$68),SUMPRODUCT(($E$5:$E$68=$B78)*AE$5:AE$68,$P$5:$P$68)/SUM(($E$5:$E$68=$B78)*$P$5:$P$68))))} -> 0.412 | AG78: {=IFERROR(SUMPRODUCT(($B$5:$B$68=$B78)*AG$5:AG$68,$P$5:$P$68)/SUM(($B$5:$B$68=$B78)*$P$5:$P$68),IFERROR(SUMPRODUCT(($C$5:$C$68=$B78)*AG$5:AG$68,$P$5:$P$68)/SUM(($C$5:$C$68=$B78)*$P$5:$P$68),IFERROR(SUMPRODUCT(($D$5:$D$68=$B78)*AG$5:AG$68,$P$5:$P$68)/SUM(($D$5:$D$68=$B78)*$P$5:$P$68),SUMPRODUCT(($E$5:$E$68=$B78)*AG$5:AG$68,$P$5:$P$68)/SUM(($E$5:$E$68=$B78)*$P$5:$P$68))))} -> 1.2895889 | AH78: {=IFERROR(SUMPRODUCT(($B$5:$B$68=$B78)*AH$5:AH$68,$P$5:$P$68)/SUM(($B$5:$B$68=$B78)*$P$5:$P$68),IFERROR(SUMPRODUCT(($C$5:$C$68=$B78)*AH$5:AH$68,$P$5:$P$68)/SUM(($C$5:$C$68=$B78)*$P$5:$P$68),IFERROR(SUMPRODUCT(($D$5:$D$68=$B78)*AH$5:AH$68,$P$5:$P$68)/SUM(($D$5:$D$68=$B78)*$P$5:$P$68),SUMPRODUCT(($E$5:$E$68=$B78)*AH$5:AH$68,$P$5:$P$68)/SUM(($E$5:$E$68=$B78)*$P$5:$P$68))))} -> 0.59422748
A79: Cement [WA] | B79: Cement | G79: {=IFERROR(SUMPRODUCT(($B$5:$B$68=$B79)*G$5:G$68,$H$5:$H$68)/SUM(($B$5:$B$68=$B79)*$H$5:$H$68),IFERROR(SUMPRODUCT(($C$5:$C$68=$B79)*G$5:G$68,$H$5:$H$68)/SUM(($C$5:$C$68=$B79)*$H$5:$H$68),IFERROR(SUMPRODUCT(($D$5:$D$68=$B79)*G$5:G$68,$H$5:$H$68)/SUM(($D$5:$D$68=$B79)*$H$5:$H$68),SUMPRODUCT(($E$5:$E$68=$B79)*G$5:G$68,$H$5:$H$68)/SUM(($E$5:$E$68=$B79)*$H$5:$H$68))))} -> 0.81745071 | J79: {=IFERROR(SUMPRODUCT(($B$5:$B$68=$B79)*J$5:J$68,$K$5:$K$68)/SUM(($B$5:$B$68=$B79)*$K$5:$K$68),IFERROR(SUMPRODUCT(($C$5:$C$68=$B79)*J$5:J$68,$K$5:$K$68)/SUM(($C$5:$C$68=$B79)*$K$5:$K$68),IFERROR(SUMPRODUCT(($D$5:$D$68=$B79)*J$5:J$68,$K$5:$K$68)/SUM(($D$5:$D$68=$B79)*$K$5:$K$68),SUMPRODUCT(($E$5:$E$68=$B79)*J$5:J$68,$K$5:$K$68)/SUM(($E$5:$E$68=$B79)*$K$5:$K$68))))} -> 0.6991394 | Q79: =J79/SUM(R79:S79)*1000 -> 161.83782 | R79: {=IFERROR(SUMPRODUCT(($B$5:$B$68=$B79)*R$5:R$68,$P$5:$P$68)/SUM(($B$5:$B$68=$B79)*$P$5:$P$68),IFERROR(SUMPRODUCT(($C$5:$C$68=$B79)*R$5:R$68,$P$5:$P$68)/SUM(($C$5:$C$68=$B79)*$P$5:$P$68),IFERROR(SUMPRODUCT(($D$5:$D$68=$B79)*R$5:R$68,$P$5:$P$68)/SUM(($D$5:$D$68=$B79)*$P$5:$P$68),SUMPRODUCT(($E$5:$E$68=$B79)*R$5:R$68,$P$5:$P$68)/SUM(($E$5:$E$68=$B79)*$P$5:$P$68))))} -> 4.32 | S79: {=IFERROR(SUMPRODUCT(($B$5:$B$68=$B79)*S$5:S$68,$P$5:$P$68)/SUM(($B$5:$B$68=$B79)*$P$5:$P$68),IFERROR(SUMPRODUCT(($C$5:$C$68=$B79)*S$5:S$68,$P$5:$P$68)/SUM(($C$5:$C$68=$B79)*$P$5:$P$68),IFERROR(SUMPRODUCT(($D$5:$D$68=$B79)*S$5:S$68,$P$5:$P$68)/SUM(($D$5:$D$68=$B79)*$P$5:$P$68),SUMPRODUCT(($E$5:$E$68=$B79)*S$5:S$68,$P$5:$P$68)/SUM(($E$5:$E$68=$B79)*$P$5:$P$68))))} -> 0 | T79: {=IFERROR(SUMPRODUCT(($B$5:$B$68=$B79)*T$5:T$68,$P$5:$P$68)/SUM(($B$5:$B$68=$B79)*$P$5:$P$68),IFERROR(SUMPRODUCT(($C$5:$C$68=$B79)*T$5:T$68,$P$5:$P$68)/SUM(($C$5:$C$68=$B79)*$P$5:$P$68),IFERROR(SUMPRODUCT(($D$5:$D$68=$B79)*T$5:T$68,$P$5:$P$68)/SUM(($D$5:$D$68=$B79)*$P$5:$P$68),SUMPRODUCT(($E$5:$E$68=$B79)*T$5:T$68,$P$5:$P$68)/SUM(($E$5:$E$68=$B79)*$P$5:$P$68))))} -> 0 | U79: {=IFERROR(SUMPRODUCT(($B$5:$B$68=$B79)*U$5:U$68,$P$5:$P$68)/SUM(($B$5:$B$68=$B79)*$P$5:$P$68),IFERROR(SUMPRODUCT(($C$5:$C$68=$B79)*U$5:U$68,$P$5:$P$68)/SUM(($C$5:$C$68=$B79)*$P$5:$P$68),IFERROR(SUMPRODUCT(($D$5:$D$68=$B79)*U$5:U$68,$P$5:$P$68)/SUM(($D$5:$D$68=$B79)*$P$5:$P$68),SUMPRODUCT(($E$5:$E$68=$B79)*U$5:U$68,$P$5:$P$68)/SUM(($E$5:$E$68=$B79)*$P$5:$P$68))))} -> 0 | V79: {=IFERROR(SUMPRODUCT(($B$5:$B$68=$B79)*V$5:V$68,$P$5:$P$68)/SUM(($B$5:$B$68=$B79)*$P$5:$P$68),IFERROR(SUMPRODUCT(($C$5:$C$68=$B79)*V$5:V$68,$P$5:$P$68)/SUM(($C$5:$C$68=$B79)*$P$5:$P$68),IFERROR(SUMPRODUCT(($D$5:$D$68=$B79)*V$5:V$68,$P$5:$P$68)/SUM(($D$5:$D$68=$B79)*$P$5:$P$68),SUMPRODUCT(($E$5:$E$68=$B79)*V$5:V$68,$P$5:$P$68)/SUM(($E$5:$E$68=$B79)*$P$5:$P$68))))} -> 4 | W79: {=IFERROR(SUMPRODUCT(($B$5:$B$68=$B79)*W$5:W$68,$P$5:$P$68)/SUM(($B$5:$B$68=$B79)*$P$5:$P$68),IFERROR(SUMPRODUCT(($C$5:$C$68=$B79)*W$5:W$68,$P$5:$P$68)/SUM(($C$5:$C$68=$B79)*$P$5:$P$68),IFERROR(SUMPRODUCT(($D$5:$D$68=$B79)*W$5:W$68,$P$5:$P$68)/SUM(($D$5:$D$68=$B79)*$P$5:$P$68),SUMPRODUCT(($E$5:$E$68=$B79)*W$5:W$68,$P$5:$P$68)/SUM(($E$5:$E$68=$B79)*$P$5:$P$68))))} -> 3.492 | X79: {=IFERROR(SUMPRODUCT(($B$5:$B$68=$B79)*X$5:X$68,$P$5:$P$68)/SUM(($B$5:$B$68=$B79)*$P$5:$P$68),IFERROR(SUMPRODUCT(($C$5:$C$68=$B79)*X$5:X$68,$P$5:$P$68)/SUM(($C$5:$C$68=$B79)*$P$5:$P$68),IFERROR(SUMPRODUCT(($D$5:$D$68=$B79)*X$5:X$68,$P$5:$P$68)/SUM(($D$5:$D$68=$B79)*$P$5:$P$68),SUMPRODUCT(($E$5:$E$68=$B79)*X$5:X$68,$P$5:$P$68)/SUM(($E$5:$E$68=$B79)*$P$5:$P$68))))} -> 0 | AD79: {=IFERROR(SUMPRODUCT(($B$5:$B$68=$B79)*AD$5:AD$68,$P$5:$P$68)/SUM(($B$5:$B$68=$B79)*$P$5:$P$68),IFERROR(SUMPRODUCT(($C$5:$C$68=$B79)*AD$5:AD$68,$P$5:$P$68)/SUM(($C$5:$C$68=$B79)*$P$5:$P$68),IFERROR(SUMPRODUCT(($D$5:$D$68=$B79)*AD$5:AD$68,$P$5:$P$68)/SUM(($D$5:$D$68=$B79)*$P$5:$P$68),SUMPRODUCT(($E$5:$E$68=$B79)*AD$5:AD$68,$P$5:$P$68)/SUM(($E$5:$E$68=$B79)*$P$5:$P$68))))} -> 0.6 | AE79: {=IFERROR(SUMPRODUCT(($B$5:$B$68=$B79)*AE$5:AE$68,$P$5:$P$68)/SUM(($B$5:$B$68=$B79)*$P$5:$P$68),IFERROR(SUMPRODUCT(($C$5:$C$68=$B79)*AE$5:AE$68,$P$5:$P$68)/SUM(($C$5:$C$68=$B79)*$P$5:$P$68),IFERROR(SUMPRODUCT(($D$5:$D$68=$B79)*AE$5:AE$68,$P$5:$P$68)/SUM(($D$5:$D$68=$B79)*$P$5:$P$68),SUMPRODUCT(($E$5:$E$68=$B79)*AE$5:AE$68,$P$5:$P$68)/SUM(($E$5:$E$68=$B79)*$P$5:$P$68))))} -> 0.598 | AG79: {=IFERROR(SUMPRODUCT(($B$5:$B$68=$B79)*AG$5:AG$68,$P$5:$P$68)/SUM(($B$5:$B$68=$B79)*$P$5:$P$68),IFERROR(SUMPRODUCT(($C$5:$C$68=$B79)*AG$5:AG$68,$P$5:$P$68)/SUM(($C$5:$C$68=$B79)*$P$5:$P$68),IFERROR(SUMPRODUCT(($D$5:$D$68=$B79)*AG$5:AG$68,$P$5:$P$68)/SUM(($D$5:$D$68=$B79)*$P$5:$P$68),SUMPRODUCT(($E$5:$E$68=$B79)*AG$5:AG$68,$P$5:$P$68)/SUM(($E$5:$E$68=$B79)*$P$5:$P$68))))} -> 1.7474276 | AH79: {=IFERROR(SUMPRODUCT(($B$5:$B$68=$B79)*AH$5:AH$68,$P$5:$P$68)/SUM(($B$5:$B$68=$B79)*$P$5:$P$68),IFERROR(SUMPRODUCT(($C$5:$C$68=$B79)*AH$5:AH$68,$P$5:$P$68)/SUM(($C$5:$C$68=$B79)*$P$5:$P$68),IFERROR(SUMPRODUCT(($D$5:$D$68=$B79)*AH$5:AH$68,$P$5:$P$68)/SUM(($D$5:$D$68=$B79)*$P$5:$P$68),SUMPRODUCT(($E$5:$E$68=$B79)*AH$5:AH$68,$P$5:$P$68)/SUM(($E$5:$E$68=$B79)*$P$5:$P$68))))} -> 11.543913
A80: Ceramics [WA] | B80: Ceramics | G80: {=IFERROR(SUMPRODUCT(($B$5:$B$68=$B80)*G$5:G$68,$H$5:$H$68)/SUM(($B$5:$B$68=$B80)*$H$5:$H$68),IFERROR(SUMPRODUCT(($C$5:$C$68=$B80)*G$5:G$68,$H$5:$H$68)/SUM(($C$5:$C$68=$B80)*$H$5:$H$68),IFERROR(SUMPRODUCT(($D$5:$D$68=$B80)*G$5:G$68,$H$5:$H$68)/SUM(($D$5:$D$68=$B80)*$H$5:$H$68),SUMPRODUCT(($E$5:$E$68=$B80)*G$5:G$68,$H$5:$H$68)/SUM(($E$5:$E$68=$B80)*$H$5:$H$68))))} -> 0.12876363 | J80: {=IFERROR(SUMPRODUCT(($B$5:$B$68=$B80)*J$5:J$68,$K$5:$K$68)/SUM(($B$5:$B$68=$B80)*$K$5:$K$68),IFERROR(SUMPRODUCT(($C$5:$C$68=$B80)*J$5:J$68,$K$5:$K$68)/SUM(($C$5:$C$68=$B80)*$K$5:$K$68),IFERROR(SUMPRODUCT(($D$5:$D$68=$B80)*J$5:J$68,$K$5:$K$68)/SUM(($D$5:$D$68=$B80)*$K$5:$K$68),SUMPRODUCT(($E$5:$E$68=$B80)*J$5:J$68,$K$5:$K$68)/SUM(($E$5:$E$68=$B80)*$K$5:$K$68))))} -> 0.095090361 | Q80: =J80/SUM(R80:S80)*1000 -> 30.926905 | R80: {=IFERROR(SUMPRODUCT(($B$5:$B$68=$B80)*R$5:R$68,$P$5:$P$68)/SUM(($B$5:$B$68=$B80)*$P$5:$P$68),IFERROR(SUMPRODUCT(($C$5:$C$68=$B80)*R$5:R$68,$P$5:$P$68)/SUM(($C$5:$C$68=$B80)*$P$5:$P$68),IFERROR(SUMPRODUCT(($D$5:$D$68=$B80)*R$5:R$68,$P$5:$P$68)/SUM(($D$5:$D$68=$B80)*$P$5:$P$68),SUMPRODUCT(($E$5:$E$68=$B80)*R$5:R$68,$P$5:$P$68)/SUM(($E$5:$E$68=$B80)*$P$5:$P$68))))} -> 3.0746808 | S80: {=IFERROR(SUMPRODUCT(($B$5:$B$68=$B80)*S$5:S$68,$P$5:$P$68)/SUM(($B$5:$B$68=$B80)*$P$5:$P$68),IFERROR(SUMPRODUCT(($C$5:$C$68=$B80)*S$5:S$68,$P$5:$P$68)/SUM(($C$5:$C$68=$B80)*$P$5:$P$68),IFERROR(SUMPRODUCT(($D$5:$D$68=$B80)*S$5:S$68,$P$5:$P$68)/SUM(($D$5:$D$68=$B80)*$P$5:$P$68),SUMPRODUCT(($E$5:$E$68=$B80)*S$5:S$68,$P$5:$P$68)/SUM(($E$5:$E$68=$B80)*$P$5:$P$68))))} -> 0 | T80: {=IFERROR(SUMPRODUCT(($B$5:$B$68=$B80)*T$5:T$68,$P$5:$P$68)/SUM(($B$5:$B$68=$B80)*$P$5:$P$68),IFERROR(SUMPRODUCT(($C$5:$C$68=$B80)*T$5:T$68,$P$5:$P$68)/SUM(($C$5:$C$68=$B80)*$P$5:$P$68),IFERROR(SUMPRODUCT(($D$5:$D$68=$B80)*T$5:T$68,$P$5:$P$68)/SUM(($D$5:$D$68=$B80)*$P$5:$P$68),SUMPRODUCT(($E$5:$E$68=$B80)*T$5:T$68,$P$5:$P$68)/SUM(($E$5:$E$68=$B80)*$P$5:$P$68))))} -> 0 | U80: {=IFERROR(SUMPRODUCT(($B$5:$B$68=$B80)*U$5:U$68,$P$5:$P$68)/SUM(($B$5:$B$68=$B80)*$P$5:$P$68),IFERROR(SUMPRODUCT(($C$5:$C$68=$B80)*U$5:U$68,$P$5:$P$68)/SUM(($C$5:$C$68=$B80)*$P$5:$P$68),IFERROR(SUMPRODUCT(($D$5:$D$68=$B80)*U$5:U$68,$P$5:$P$68)/SUM(($D$5:$D$68=$B80)*$P$5:$P$68),SUMPRODUCT(($E$5:$E$68=$B80)*U$5:U$68,$P$5:$P$68)/SUM(($E$5:$E$68=$B80)*$P$5:$P$68))))} -> 0 | V80: {=IFERROR(SUMPRODUCT(($B$5:$B$68=$B80)*V$5:V$68,$P$5:$P$68)/SUM(($B$5:$B$68=$B80)*$P$5:$P$68),IFERROR(SUMPRODUCT(($C$5:$C$68=$B80)*V$5:V$68,$P$5:$P$68)/SUM(($C$5:$C$68=$B80)*$P$5:$P$68),IFERROR(SUMPRODUCT(($D$5:$D$68=$B80)*V$5:V$68,$P$5:$P$68)/SUM(($D$5:$D$68=$B80)*$P$5:$P$68),SUMPRODUCT(($E$5:$E$68=$B80)*V$5:V$68,$P$5:$P$68)/SUM(($E$5:$E$68=$B80)*$P$5:$P$68))))} -> 0 | W80: {=IFERROR(SUMPRODUCT(($B$5:$B$68=$B80)*W$5:W$68,$P$5:$P$68)/SUM(($B$5:$B$68=$B80)*$P$5:$P$68),IFERROR(SUMPRODUCT(($C$5:$C$68=$B80)*W$5:W$68,$P$5:$P$68)/SUM(($C$5:$C$68=$B80)*$P$5:$P$68),IFERROR(SUMPRODUCT(($D$5:$D$68=$B80)*W$5:W$68,$P$5:$P$68)/SUM(($D$5:$D$68=$B80)*$P$5:$P$68),SUMPRODUCT(($E$5:$E$68=$B80)*W$5:W$68,$P$5:$P$68)/SUM(($E$5:$E$68=$B80)*$P$5:$P$68))))} -> 0.57142857 | X80: {=IFERROR(SUMPRODUCT(($B$5:$B$68=$B80)*X$5:X$68,$P$5:$P$68)/SUM(($B$5:$B$68=$B80)*$P$5:$P$68),IFERROR(SUMPRODUCT(($C$5:$C$68=$B80)*X$5:X$68,$P$5:$P$68)/SUM(($C$5:$C$68=$B80)*$P$5:$P$68),IFERROR(SUMPRODUCT(($D$5:$D$68=$B80)*X$5:X$68,$P$5:$P$68)/SUM(($D$5:$D$68=$B80)*$P$5:$P$68),SUMPRODUCT(($E$5:$E$68=$B80)*X$5:X$68,$P$5:$P$68)/SUM(($E$5:$E$68=$B80)*$P$5:$P$68))))} -> 0 | AD80: {=IFERROR(SUMPRODUCT(($B$5:$B$68=$B80)*AD$5:AD$68,$P$5:$P$68)/SUM(($B$5:$B$68=$B80)*$P$5:$P$68),IFERROR(SUMPRODUCT(($C$5:$C$68=$B80)*AD$5:AD$68,$P$5:$P$68)/SUM(($C$5:$C$68=$B80)*$P$5:$P$68),IFERROR(SUMPRODUCT(($D$5:$D$68=$B80)*AD$5:AD$68,$P$5:$P$68)/SUM(($D$5:$D$68=$B80)*$P$5:$P$68),SUMPRODUCT(($E$5:$E$68=$B80)*AD$5:AD$68,$P$5:$P$68)/SUM(($E$5:$E$68=$B80)*$P$5:$P$68))))} -> 0.6 | AE80: {=IFERROR(SUMPRODUCT(($B$5:$B$68=$B80)*AE$5:AE$68,$P$5:$P$68)/SUM(($B$5:$B$68=$B80)*$P$5:$P$68),IFERROR(SUMPRODUCT(($C$5:$C$68=$B80)*AE$5:AE$68,$P$5:$P$68)/SUM(($C$5:$C$68=$B80)*$P$5:$P$68),IFERROR(SUMPRODUCT(($D$5:$D$68=$B80)*AE$5:AE$68,$P$5:$P$68)/SUM(($D$5:$D$68=$B80)*$P$5:$P$68),SUMPRODUCT(($E$5:$E$68=$B80)*AE$5:AE$68,$P$5:$P$68)/SUM(($E$5:$E$68=$B80)*$P$5:$P$68))))} -> 0.598 | AG80: {=IFERROR(SUMPRODUCT(($B$5:$B$68=$B80)*AG$5:AG$68,$P$5:$P$68)/SUM(($B$5:$B$68=$B80)*$P$5:$P$68),IFERROR(SUMPRODUCT(($C$5:$C$68=$B80)*AG$5:AG$68,$P$5:$P$68)/SUM(($C$5:$C$68=$B80)*$P$5:$P$68),IFERROR(SUMPRODUCT(($D$5:$D$68=$B80)*AG$5:AG$68,$P$5:$P$68)/SUM(($D$5:$D$68=$B80)*$P$5:$P$68),SUMPRODUCT(($E$5:$E$68=$B80)*AG$5:AG$68,$P$5:$P$68)/SUM(($E$5:$E$68=$B80)*$P$5:$P$68))))} -> 1.1022134 | AH80: {=IFERROR(SUMPRODUCT(($B$5:$B$68=$B80)*AH$5:AH$68,$P$5:$P$68)/SUM(($B$5:$B$68=$B80)*$P$5:$P$68),IFERROR(SUMPRODUCT(($C$5:$C$68=$B80)*AH$5:AH$68,$P$5:$P$68)/SUM(($C$5:$C$68=$B80)*$P$5:$P$68),IFERROR(SUMPRODUCT(($D$5:$D$68=$B80)*AH$5:AH$68,$P$5:$P$68)/SUM(($D$5:$D$68=$B80)*$P$5:$P$68),SUMPRODUCT(($E$5:$E$68=$B80)*AH$5:AH$68,$P$5:$P$68)/SUM(($E$5:$E$68=$B80)*$P$5:$P$68))))} -> 1.4555421
A81: Plaster, Gypsum and Plasterboard [WA] | B81: Plaster | G81: {=IFERROR(SUMPRODUCT(($B$5:$B$68=$B81)*G$5:G$68,$H$5:$H$68)/SUM(($B$5:$B$68=$B81)*$H$5:$H$68),IFERROR(SUMPRODUCT(($C$5:$C$68=$B81)*G$5:G$68,$H$5:$H$68)/SUM(($C$5:$C$68=$B81)*$H$5:$H$68),IFERROR(SUMPRODUCT(($D$5:$D$68=$B81)*G$5:G$68,$H$5:$H$68)/SUM(($D$5:$D$68=$B81)*$H$5:$H$68),SUMPRODUCT(($E$5:$E$68=$B81)*G$5:G$68,$H$5:$H$68)/SUM(($E$5:$E$68=$B81)*$H$5:$H$68))))} -> 0.035629027 | J81: {=IFERROR(SUMPRODUCT(($B$5:$B$68=$B81)*J$5:J$68,$K$5:$K$68)/SUM(($B$5:$B$68=$B81)*$K$5:$K$68),IFERROR(SUMPRODUCT(($C$5:$C$68=$B81)*J$5:J$68,$K$5:$K$68)/SUM(($C$5:$C$68=$B81)*$K$5:$K$68),IFERROR(SUMPRODUCT(($D$5:$D$68=$B81)*J$5:J$68,$K$5:$K$68)/SUM(($D$5:$D$68=$B81)*$K$5:$K$68),SUMPRODUCT(($E$5:$E$68=$B81)*J$5:J$68,$K$5:$K$68)/SUM(($E$5:$E$68=$B81)*$K$5:$K$68))))} -> 0.031972107 | Q81: =J81/SUM(R81:S81)*1000 -> 29.603802 | R81: {=IFERROR(SUMPRODUCT(($B$5:$B$68=$B81)*R$5:R$68,$P$5:$P$68)/SUM(($B$5:$B$68=$B81)*$P$5:$P$68),IFERROR(SUMPRODUCT(($C$5:$C$68=$B81)*R$5:R$68,$P$5:$P$68)/SUM(($C$5:$C$68=$B81)*$P$5:$P$68),IFERROR(SUMPRODUCT(($D$5:$D$68=$B81)*R$5:R$68,$P$5:$P$68)/SUM(($D$5:$D$68=$B81)*$P$5:$P$68),SUMPRODUCT(($E$5:$E$68=$B81)*R$5:R$68,$P$5:$P$68)/SUM(($E$5:$E$68=$B81)*$P$5:$P$68))))} -> 1.08 | S81: {=IFERROR(SUMPRODUCT(($B$5:$B$68=$B81)*S$5:S$68,$P$5:$P$68)/SUM(($B$5:$B$68=$B81)*$P$5:$P$68),IFERROR(SUMPRODUCT(($C$5:$C$68=$B81)*S$5:S$68,$P$5:$P$68)/SUM(($C$5:$C$68=$B81)*$P$5:$P$68),IFERROR(SUMPRODUCT(($D$5:$D$68=$B81)*S$5:S$68,$P$5:$P$68)/SUM(($D$5:$D$68=$B81)*$P$5:$P$68),SUMPRODUCT(($E$5:$E$68=$B81)*S$5:S$68,$P$5:$P$68)/SUM(($E$5:$E$68=$B81)*$P$5:$P$68))))} -> 0 | T81: {=IFERROR(SUMPRODUCT(($B$5:$B$68=$B81)*T$5:T$68,$P$5:$P$68)/SUM(($B$5:$B$68=$B81)*$P$5:$P$68),IFERROR(SUMPRODUCT(($C$5:$C$68=$B81)*T$5:T$68,$P$5:$P$68)/SUM(($C$5:$C$68=$B81)*$P$5:$P$68),IFERROR(SUMPRODUCT(($D$5:$D$68=$B81)*T$5:T$68,$P$5:$P$68)/SUM(($D$5:$D$68=$B81)*$P$5:$P$68),SUMPRODUCT(($E$5:$E$68=$B81)*T$5:T$68,$P$5:$P$68)/SUM(($E$5:$E$68=$B81)*$P$5:$P$68))))} -> 0 | U81: {=IFERROR(SUMPRODUCT(($B$5:$B$68=$B81)*U$5:U$68,$P$5:$P$68)/SUM(($B$5:$B$68=$B81)*$P$5:$P$68),IFERROR(SUMPRODUCT(($C$5:$C$68=$B81)*U$5:U$68,$P$5:$P$68)/SUM(($C$5:$C$68=$B81)*$P$5:$P$68),IFERROR(SUMPRODUCT(($D$5:$D$68=$B81)*U$5:U$68,$P$5:$P$68)/SUM(($D$5:$D$68=$B81)*$P$5:$P$68),SUMPRODUCT(($E$5:$E$68=$B81)*U$5:U$68,$P$5:$P$68)/SUM(($E$5:$E$68=$B81)*$P$5:$P$68))))} -> 0 | V81: {=IFERROR(SUMPRODUCT(($B$5:$B$68=$B81)*V$5:V$68,$P$5:$P$68)/SUM(($B$5:$B$68=$B81)*$P$5:$P$68),IFERROR(SUMPRODUCT(($C$5:$C$68=$B81)*V$5:V$68,$P$5:$P$68)/SUM(($C$5:$C$68=$B81)*$P$5:$P$68),IFERROR(SUMPRODUCT(($D$5:$D$68=$B81)*V$5:V$68,$P$5:$P$68)/SUM(($D$5:$D$68=$B81)*$P$5:$P$68),SUMPRODUCT(($E$5:$E$68=$B81)*V$5:V$68,$P$5:$P$68)/SUM(($E$5:$E$68=$B81)*$P$5:$P$68))))} -> 0 | W81: {=IFERROR(SUMPRODUCT(($B$5:$B$68=$B81)*W$5:W$68,$P$5:$P$68)/SUM(($B$5:$B$68=$B81)*$P$5:$P$68),IFERROR(SUMPRODUCT(($C$5:$C$68=$B81)*W$5:W$68,$P$5:$P$68)/SUM(($C$5:$C$68=$B81)*$P$5:$P$68),IFERROR(SUMPRODUCT(($D$5:$D$68=$B81)*W$5:W$68,$P$5:$P$68)/SUM(($D$5:$D$68=$B81)*$P$5:$P$68),SUMPRODUCT(($E$5:$E$68=$B81)*W$5:W$68,$P$5:$P$68)/SUM(($E$5:$E$68=$B81)*$P$5:$P$68))))} -> 0.57142857 | X81: {=IFERROR(SUMPRODUCT(($B$5:$B$68=$B81)*X$5:X$68,$P$5:$P$68)/SUM(($B$5:$B$68=$B81)*$P$5:$P$68),IFERROR(SUMPRODUCT(($C$5:$C$68=$B81)*X$5:X$68,$P$5:$P$68)/SUM(($C$5:$C$68=$B81)*$P$5:$P$68),IFERROR(SUMPRODUCT(($D$5:$D$68=$B81)*X$5:X$68,$P$5:$P$68)/SUM(($D$5:$D$68=$B81)*$P$5:$P$68),SUMPRODUCT(($E$5:$E$68=$B81)*X$5:X$68,$P$5:$P$68)/SUM(($E$5:$E$68=$B81)*$P$5:$P$68))))} -> 0 | AD81: {=IFERROR(SUMPRODUCT(($B$5:$B$68=$B81)*AD$5:AD$68,$P$5:$P$68)/SUM(($B$5:$B$68=$B81)*$P$5:$P$68),IFERROR(SUMPRODUCT(($C$5:$C$68=$B81)*AD$5:AD$68,$P$5:$P$68)/SUM(($C$5:$C$68=$B81)*$P$5:$P$68),IFERROR(SUMPRODUCT(($D$5:$D$68=$B81)*AD$5:AD$68,$P$5:$P$68)/SUM(($D$5:$D$68=$B81)*$P$5:$P$68),SUMPRODUCT(($E$5:$E$68=$B81)*AD$5:AD$68,$P$5:$P$68)/SUM(($E$5:$E$68=$B81)*$P$5:$P$68))))} -> 0.6 | AE81: {=IFERROR(SUMPRODUCT(($B$5:$B$68=$B81)*AE$5:AE$68,$P$5:$P$68)/SUM(($B$5:$B$68=$B81)*$P$5:$P$68),IFERROR(SUMPRODUCT(($C$5:$C$68=$B81)*AE$5:AE$68,$P$5:$P$68)/SUM(($C$5:$C$68=$B81)*$P$5:$P$68),IFERROR(SUMPRODUCT(($D$5:$D$68=$B81)*AE$5:AE$68,$P$5:$P$68)/SUM(($D$5:$D$68=$B81)*$P$5:$P$68),SUMPRODUCT(($E$5:$E$68=$B81)*AE$5:AE$68,$P$5:$P$68)/SUM(($E$5:$E$68=$B81)*$P$5:$P$68))))} -> 0.598 | AG81: {=IFERROR(SUMPRODUCT(($B$5:$B$68=$B81)*AG$5:AG$68,$P$5:$P$68)/SUM(($B$5:$B$68=$B81)*$P$5:$P$68),IFERROR(SUMPRODUCT(($C$5:$C$68=$B81)*AG$5:AG$68,$P$5:$P$68)/SUM(($C$5:$C$68=$B81)*$P$5:$P$68),IFERROR(SUMPRODUCT(($D$5:$D$68=$B81)*AG$5:AG$68,$P$5:$P$68)/SUM(($D$5:$D$68=$B81)*$P$5:$P$68),SUMPRODUCT(($E$5:$E$68=$B81)*AG$5:AG$68,$P$5:$P$68)/SUM(($E$5:$E$68=$B81)*$P$5:$P$68))))} -> 1.0647267 | AH81: {=IFERROR(SUMPRODUCT(($B$5:$B$68=$B81)*AH$5:AH$68,$P$5:$P$68)/SUM(($B$5:$B$68=$B81)*$P$5:$P$68),IFERROR(SUMPRODUCT(($C$5:$C$68=$B81)*AH$5:AH$68,$P$5:$P$68)/SUM(($C$5:$C$68=$B81)*$P$5:$P$68),IFERROR(SUMPRODUCT(($D$5:$D$68=$B81)*AH$5:AH$68,$P$5:$P$68)/SUM(($D$5:$D$68=$B81)*$P$5:$P$68),SUMPRODUCT(($E$5:$E$68=$B81)*AH$5:AH$68,$P$5:$P$68)/SUM(($E$5:$E$68=$B81)*$P$5:$P$68))))} -> 1.4340325
... A89: Pulp & Paper [WA] | B89: Pulp and Paper | G89: {=IFERROR(SUMPRODUCT(($B$5:$B$68=$B89)*G$5:G$68,$H$5:$H$68)/SUM(($B$5:$B$68=$B89)*$H$5:$H$68),IFERROR(SUMPRODUCT(($C$5:$C$68=$B89)*G$5:G$68,$H$5:$H$68)/SUM(($C$5:$C$68=$B89)*$H$5:$H$68),IFERROR(SUMPRODUCT(($D$5:$D$68=$B89)*G$5:G$68,$H$5:$H$68)/SUM(($D$5:$D$68=$B89)*$H$5:$H$68),SUMPRODUCT(($E$5:$E$68=$B89)*G$5:G$68,$H$5:$H$68)/SUM(($E$5:$E$68=$B89)*$H$5:$H$68))))} -> 0.19771476 | J89: {=IFERROR(SUMPRODUCT(($B$5:$B$68=$B89)*J$5:J$68,$K$5:$K$68)/SUM(($B$5:$B$68=$B89)*$K$5:$K$68),IFERROR(SUMPRODUCT(($C$5:$C$68=$B89)*J$5:J$68,$K$5:$K$68)/SUM(($C$5:$C$68=$B89)*$K$5:$K$68),IFERROR(SUMPRODUCT(($D$5:$D$68=$B89)*J$5:J$68,$K$5:$K$68)/SUM(($D$5:$D$68=$B89)*$K$5:$K$68),SUMPRODUCT(($E$5:$E$68=$B89)*J$5:J$68,$K$5:$K$68)/SUM(($E$5:$E$68=$B89)*$K$5:$K$68))))} -> 0.20319124 | Q89: =J89/SUM(R89:S89)*1000 -> 40.955553 | R89: {=IFERROR(SUMPRODUCT(($B$5:$B$68=$B89)*R$5:R$68,$P$5:$P$68)/SUM(($B$5:$B$68=$B89)*$P$5:$P$68),IFERROR(SUMPRODUCT(($C$5:$C$68=$B89)*R$5:R$68,$P$5:$P$68)/SUM(($C$5:$C$68=$B89)*$P$5:$P$68),IFERROR(SUMPRODUCT(($D$5:$D$68=$B89)*R$5:R$68,$P$5:$P$68)/SUM(($D$5:$D$68=$B89)*$P$5:$P$68),SUMPRODUCT(($E$5:$E$68=$B89)*R$5:R$68,$P$5:$P$68)/SUM(($E$5:$E$68=$B89)*$P$5:$P$68))))} -> 4.9612622 | S89: {=IFERROR(SUMPRODUCT(($B$5:$B$68=$B89)*S$5:S$68,$P$5:$P$68)/SUM(($B$5:$B$68=$B89)*$P$5:$P$68),IFERROR(SUMPRODUCT(($C$5:$C$68=$B89)*S$5:S$68,$P$5:$P$68)/SUM(($C$5:$C$68=$B89)*$P$5:$P$68),IFERROR(SUMPRODUCT(($D$5:$D$68=$B89)*S$5:S$68,$P$5:$P$68)/SUM(($D$5:$D$68=$B89)*$P$5:$P$68),SUMPRODUCT(($E$5:$E$68=$B89)*S$5:S$68,$P$5:$P$68)/SUM(($E$5:$E$68=$B89)*$P$5:$P$68))))} -> 0 | T89: {=IFERROR(SUMPRODUCT(($B$5:$B$68=$B89)*T$5:T$68,$P$5:$P$68)/SUM(($B$5:$B$68=$B89)*$P$5:$P$68),IFERROR(SUMPRODUCT(($C$5:$C$68=$B89)*T$5:T$68,$P$5:$P$68)/SUM(($C$5:$C$68=$B89)*$P$5:$P$68),IFERROR(SUMPRODUCT(($D$5:$D$68=$B89)*T$5:T$68,$P$5:$P$68)/SUM(($D$5:$D$68=$B89)*$P$5:$P$68),SUMPRODUCT(($E$5:$E$68=$B89)*T$5:T$68,$P$5:$P$68)/SUM(($E$5:$E$68=$B89)*$P$5:$P$68))))} -> 0 | U89: {=IFERROR(SUMPRODUCT(($B$5:$B$68=$B89)*U$5:U$68,$P$5:$P$68)/SUM(($B$5:$B$68=$B89)*$P$5:$P$68),IFERROR(SUMPRODUCT(($C$5:$C$68=$B89)*U$5:U$68,$P$5:$P$68)/SUM(($C$5:$C$68=$B89)*$P$5:$P$68),IFERROR(SUMPRODUCT(($D$5:$D$68=$B89)*U$5:U$68,$P$5:$P$68)/SUM(($D$5:$D$68=$B89)*$P$5:$P$68),SUMPRODUCT(($E$5:$E$68=$B89)*U$5:U$68,$P$5:$P$68)/SUM(($E$5:$E$68=$B89)*$P$5:$P$68))))} -> 0 | V89: {=IFERROR(SUMPRODUCT(($B$5:$B$68=$B89)*V$5:V$68,$P$5:$P$68)/SUM(($B$5:$B$68=$B89)*$P$5:$P$68),IFERROR(SUMPRODUCT(($C$5:$C$68=$B89)*V$5:V$68,$P$5:$P$68)/SUM(($C$5:$C$68=$B89)*$P$5:$P$68),IFERROR(SUMPRODUCT(($D$5:$D$68=$B89)*V$5:V$68,$P$5:$P$68)/SUM(($D$5:$D$68=$B89)*$P$5:$P$68),SUMPRODUCT(($E$5:$E$68=$B89)*V$5:V$68,$P$5:$P$68)/SUM(($E$5:$E$68=$B89)*$P$5:$P$68))))} -> 3.972977 | W89: {=IFERROR(SUMPRODUCT(($B$5:$B$68=$B89)*W$5:W$68,$P$5:$P$68)/SUM(($B$5:$B$68=$B89)*$P$5:$P$68),IFERROR(SUMPRODUCT(($C$5:$C$68=$B89)*W$5:W$68,$P$5:$P$68)/SUM(($C$5:$C$68=$B89)*$P$5:$P$68),IFERROR(SUMPRODUCT(($D$5:$D$68=$B89)*W$5:W$68,$P$5:$P$68)/SUM(($D$5:$D$68=$B89)*$P$5:$P$68),SUMPRODUCT(($E$5:$E$68=$B89)*W$5:W$68,$P$5:$P$68)/SUM(($E$5:$E$68=$B89)*$P$5:$P$68))))} -> 4.9551548 | X89: {=IFERROR(SUMPRODUCT(($B$5:$B$68=$B89)*X$5:X$68,$P$5:$P$68)/SUM(($B$5:$B$68=$B89)*$P$5:$P$68),IFERROR(SUMPRODUCT(($C$5:$C$68=$B89)*X$5:X$68,$P$5:$P$68)/SUM(($C$5:$C$68=$B89)*$P$5:$P$68),IFERROR(SUMPRODUCT(($D$5:$D$68=$B89)*X$5:X$68,$P$5:$P$68)/SUM(($D$5:$D$68=$B89)*$P$5:$P$68),SUMPRODUCT(($E$5:$E$68=$B89)*X$5:X$68,$P$5:$P$68)/SUM(($E$5:$E$68=$B89)*$P$5:$P$68))))} -> 0 | AD89: {=IFERROR(SUMPRODUCT(($B$5:$B$68=$B89)*AD$5:AD$68,$P$5:$P$68)/SUM(($B$5:$B$68=$B89)*$P$5:$P$68),IFERROR(SUMPRODUCT(($C$5:$C$68=$B89)*AD$5:AD$68,$P$5:$P$68)/SUM(($C$5:$C$68=$B89)*$P$5:$P$68),IFERROR(SUMPRODUCT(($D$5:$D$68=$B89)*AD$5:AD$68,$P$5:$P$68)/SUM(($D$5:$D$68=$B89)*$P$5:$P$68),SUMPRODUCT(($E$5:$E$68=$B89)*AD$5:AD$68,$P$5:$P$68)/SUM(($E$5:$E$68=$B89)*$P$5:$P$68))))} -> 0.798 | AE89: {=IFERROR(SUMPRODUCT(($B$5:$B$68=$B89)*AE$5:AE$68,$P$5:$P$68)/SUM(($B$5:$B$68=$B89)*$P$5:$P$68),IFERROR(SUMPRODUCT(($C$5:$C$68=$B89)*AE$5:AE$68,$P$5:$P$68)/SUM(($C$5:$C$68=$B89)*$P$5:$P$68),IFERROR(SUMPRODUCT(($D$5:$D$68=$B89)*AE$5:AE$68,$P$5:$P$68)/SUM(($D$5:$D$68=$B89)*$P$5:$P$68),SUMPRODUCT(($E$5:$E$68=$B89)*AE$5:AE$68,$P$5:$P$68)/SUM(($E$5:$E$68=$B89)*$P$5:$P$68))))} -> 0.921 | AG89: {=IFERROR(SUMPRODUCT(($B$5:$B$68=$B89)*AG$5:AG$68,$P$5:$P$68)/SUM(($B$5:$B$68=$B89)*$P$5:$P$68),IFERROR(SUMPRODUCT(($C$5:$C$68=$B89)*AG$5:AG$68,$P$5:$P$68)/SUM(($C$5:$C$68=$B89)*$P$5:$P$68),IFERROR(SUMPRODUCT(($D$5:$D$68=$B89)*AG$5:AG$68,$P$5:$P$68)/SUM(($D$5:$D$68=$B89)*$P$5:$P$68),SUMPRODUCT(($E$5:$E$68=$B89)*AG$5:AG$68,$P$5:$P$68)/SUM(($E$5:$E$68=$B89)*$P$5:$P$68))))} -> 1.280909 | AH89: {=IFERROR(SUMPRODUCT(($B$5:$B$68=$B89)*AH$5:AH$68,$P$5:$P$68)/SUM(($B$5:$B$68=$B89)*$P$5:$P$68),IFERROR(SUMPRODUCT(($C$5:$C$68=$B89)*AH$5:AH$68,$P$5:$P$68)/SUM(($C$5:$C$68=$B89)*$P$5:$P$68),IFERROR(SUMPRODUCT(($D$5:$D$68=$B89)*AH$5:AH$68,$P$5:$P$68)/SUM(($D$5:$D$68=$B89)*$P$5:$P$68),SUMPRODUCT(($E$5:$E$68=$B89)*AH$5:AH$68,$P$5:$P$68)/SUM(($E$5:$E$68=$B89)*$P$5:$P$68))))} -> 4.1862578
